-- MySQL dump 10.13  Distrib 8.3.0, for Linux (x86_64)
--
-- Host: localhost    Database: memoWikisTest
-- ------------------------------------------------------
-- Server version	8.3.0

/*!40101 SET @OLD_CHARACTER_SET_CLIENT=@@CHARACTER_SET_CLIENT */;
/*!40101 SET @OLD_CHARACTER_SET_RESULTS=@@CHARACTER_SET_RESULTS */;
/*!40101 SET @OLD_COLLATION_CONNECTION=@@COLLATION_CONNECTION */;
/*!50503 SET NAMES utf8mb4 */;
/*!40103 SET @OLD_TIME_ZONE=@@TIME_ZONE */;
/*!40103 SET TIME_ZONE='+00:00' */;
/*!40014 SET @OLD_UNIQUE_CHECKS=@@UNIQUE_CHECKS, UNIQUE_CHECKS=0 */;
/*!40014 SET @OLD_FOREIGN_KEY_CHECKS=@@FOREIGN_KEY_CHECKS, FOREIGN_KEY_CHECKS=0 */;
/*!40101 SET @OLD_SQL_MODE=@@SQL_MODE, SQL_MODE='NO_AUTO_VALUE_ON_ZERO' */;
/*!40111 SET @OLD_SQL_NOTES=@@SQL_NOTES, SQL_NOTES=0 */;

--
-- Current Database: `memoWikisTest`
--

CREATE DATABASE /*!32312 IF NOT EXISTS*/ `memoWikisTest` /*!40100 DEFAULT CHARACTER SET utf8mb4 COLLATE utf8mb4_0900_ai_ci */ /*!80016 DEFAULT ENCRYPTION='N' */;

USE `memoWikisTest`;

--
-- Table structure for table `activitypoints`
--

DROP TABLE IF EXISTS `activitypoints`;
/*!40101 SET @saved_cs_client     = @@character_set_client */;
/*!50503 SET character_set_client = utf8mb4 */;
CREATE TABLE `activitypoints` (
  `Id` int NOT NULL AUTO_INCREMENT,
  `Amount` int DEFAULT NULL,
  `DateEarned` datetime DEFAULT NULL,
  `User_id` int DEFAULT NULL,
  `DateCreated` datetime DEFAULT NULL,
  `DateModified` datetime DEFAULT NULL,
  PRIMARY KEY (`Id`)
) ENGINE=InnoDB DEFAULT CHARSET=utf8mb4 COLLATE=utf8mb4_0900_ai_ci;
/*!40101 SET character_set_client = @saved_cs_client */;

--
-- Dumping data for table `activitypoints`
--

LOCK TABLES `activitypoints` WRITE;
/*!40000 ALTER TABLE `activitypoints` DISABLE KEYS */;
/*!40000 ALTER TABLE `activitypoints` ENABLE KEYS */;
UNLOCK TABLES;

--
-- Table structure for table `ai_usage_log`
--

DROP TABLE IF EXISTS `ai_usage_log`;
/*!40101 SET @saved_cs_client     = @@character_set_client */;
/*!50503 SET character_set_client = utf8mb4 */;
CREATE TABLE `ai_usage_log` (
  `Id` int NOT NULL AUTO_INCREMENT,
  `User_id` int DEFAULT NULL,
  `Page_id` int DEFAULT NULL,
  `TokenIn` int DEFAULT NULL,
  `TokenOut` int DEFAULT NULL,
  `DateCreated` datetime DEFAULT NULL,
  `Model` varchar(255) DEFAULT NULL,
  PRIMARY KEY (`Id`)
) ENGINE=InnoDB DEFAULT CHARSET=utf8mb4 COLLATE=utf8mb4_0900_ai_ci;
/*!40101 SET character_set_client = @saved_cs_client */;

--
-- Dumping data for table `ai_usage_log`
--

LOCK TABLES `ai_usage_log` WRITE;
/*!40000 ALTER TABLE `ai_usage_log` DISABLE KEYS */;
/*!40000 ALTER TABLE `ai_usage_log` ENABLE KEYS */;
UNLOCK TABLES;

--
-- Table structure for table `answer`
--

DROP TABLE IF EXISTS `answer`;
/*!40101 SET @saved_cs_client     = @@character_set_client */;
/*!50503 SET character_set_client = utf8mb4 */;
CREATE TABLE `answer` (
  `Id` int NOT NULL AUTO_INCREMENT,
  `UserId` int DEFAULT NULL,
  `QuestionId` int DEFAULT NULL,
  `QuestionViewGuid` varchar(36) DEFAULT NULL,
  `InteractionNumber` int DEFAULT NULL,
  `AnswerText` varchar(255) DEFAULT NULL,
  `AnswerredCorrectly` int DEFAULT NULL,
  `Milliseconds` int DEFAULT NULL,
  `Migrated` tinyint(1) DEFAULT NULL,
  `DateCreated` datetime DEFAULT NULL,
  PRIMARY KEY (`Id`),
  KEY `QuestionId` (`QuestionId`),
  CONSTRAINT `FK_4975C7EB` FOREIGN KEY (`QuestionId`) REFERENCES `question` (`Id`)
) ENGINE=InnoDB AUTO_INCREMENT=41 DEFAULT CHARSET=utf8mb4 COLLATE=utf8mb4_0900_ai_ci;
/*!40101 SET character_set_client = @saved_cs_client */;

--
-- Dumping data for table `answer`
--

LOCK TABLES `answer` WRITE;
/*!40000 ALTER TABLE `answer` DISABLE KEYS */;
INSERT INTO `answer` VALUES (1,2,12,'b9aa4317-008e-4b85-9e13-10d090878365',1,'Incorrect answer',1,12289,0,'2024-12-15 20:14:49'),(2,2,3,'22002048-dfb6-4588-8bcb-44b24af67ada',1,'Answer 1 for page LearningUser Subtopic 1-1',1,4977,0,'2024-12-15 10:53:05'),(3,2,48,'858a3c91-e041-4c58-b12c-dece16ec41a0',1,'Answer 2 for page QuestionContributor Subtopic 22-2',1,13391,0,'2024-12-15 11:07:53'),(4,2,51,'c27236df-85f6-486f-be14-03ee7a914ed8',1,'Answer 1 for page QuestionContributor Subtopic 25-1',1,6629,0,'2024-12-15 11:09:24'),(5,2,18,'3cd64495-3118-4616-ac28-c4fea7422422',1,'Incorrect answer',0,12954,0,'2024-12-16 17:49:14'),(6,2,48,'747f58e9-fcb2-4c95-93eb-acf2ff63c774',1,'Answer 2 for page QuestionContributor Subtopic 22-2',1,7729,0,'2024-12-16 08:57:26'),(7,2,45,'a1fe2aed-9b3c-4819-b7fb-896c5eaac403',1,'Answer 1 for page QuestionContributor Subtopic 22-1',1,4860,0,'2024-12-16 19:02:32'),(8,2,5,'112b8134-a547-476d-9812-4d95bd07dbaf',1,'Answer 1 for page LearningUser Subtopic 2-1',1,5827,0,'2024-12-16 12:23:04'),(9,2,3,'0ad6e26a-c9df-4d94-b03d-8b79cfcc6a03',1,'Answer 1 for page LearningUser Subtopic 1-1',1,2208,0,'2024-12-16 13:41:20'),(10,2,51,'c3cdf39b-5a08-4311-ad90-05c2850c8038',1,'Answer 1 for page QuestionContributor Subtopic 25-1',1,14522,0,'2024-12-16 12:57:37'),(11,2,31,'593d2792-c143-4cdd-ab10-b0345f06c73f',1,'Incorrect answer',1,9254,0,'2024-12-21 16:29:16'),(12,2,51,'a86cd688-5330-41b3-83c4-63ffa8cbd896',1,'Incorrect answer',0,8033,0,'2024-12-21 13:12:30'),(13,2,40,'3a9819fc-4969-4ee0-912f-0b53e98761ba',1,'Answer 2 for page ContentCreator Subtopic 17-3',1,3110,0,'2024-12-21 08:34:49'),(14,2,5,'91e23bf5-9521-4556-80c6-bce36ed6c7ce',1,'Incorrect answer',1,10560,0,'2024-12-21 21:22:28'),(15,2,3,'82a95801-3cef-44ed-9cd1-6540de182b6b',1,'Answer 1 for page LearningUser Subtopic 1-1',1,1222,0,'2024-12-21 09:02:17'),(16,2,45,'b9bd01b2-8768-447c-89d1-8f4e06fc0542',1,'Answer 1 for page QuestionContributor Subtopic 22-1',1,5578,0,'2024-12-21 15:58:47'),(17,2,21,'d2c7eff3-e105-4279-a30f-be5c3035c9eb',1,'Answer 1 for page ContentCreator Subtopic 8-3',1,1444,0,'2024-12-22 22:28:52'),(18,2,45,'0ebd110a-e1a9-4a4f-8900-11c394823881',1,'Answer 1 for page QuestionContributor Subtopic 22-1',1,3271,0,'2024-12-22 18:59:50'),(19,2,51,'845a945d-3ad1-4122-aafe-37b5febbdc8c',1,'Incorrect answer',1,8071,0,'2024-12-22 09:31:05'),(20,2,27,'0fcd71f2-c66f-4f3c-840a-653180d40179',1,'Incorrect answer',1,11324,0,'2024-12-22 16:11:04'),(21,2,56,'2c68f3af-beda-4fb7-9f07-ada4987bc74f',1,'Incorrect answer',0,1059,0,'2024-12-22 15:48:15'),(22,2,10,'d37679fb-e216-4b7b-baa4-6726cba36845',1,'Answer 2 for page ContentCreator Subtopic 4-1',0,4275,0,'2024-12-22 20:36:14'),(23,2,3,'38572c3c-c100-4d93-a69d-b6dbffd4e0ad',1,'Answer 1 for page LearningUser Subtopic 1-1',1,11678,0,'2024-12-24 21:29:34'),(24,2,31,'459aa8ee-ddad-4d00-acb2-2cc9fda1710a',1,'Incorrect answer',0,3957,0,'2024-12-24 22:18:04'),(25,2,52,'f80e4733-95a3-4cc7-9531-14ff394ce603',1,'Answer 2 for page QuestionContributor Subtopic 25-1',1,9413,0,'2024-12-24 12:23:08'),(26,2,56,'9531a5b3-ad67-4acb-b6fc-d1ca11312e75',1,'Answer 2 for page QuestionContributor Subtopic 26-2',1,4730,0,'2024-12-27 19:45:48'),(27,2,18,'ad88da23-ac8b-4f11-b744-692ee55e7679',1,'Answer 2 for page ContentCreator Subtopic 8-1',1,14729,0,'2024-12-27 15:24:43'),(28,2,1,'b064951e-5ffc-4a7b-bee5-dcd5aa9ee56f',1,'Answer 1 for page LearningUser Topic 1',1,13936,0,'2024-12-27 11:17:12'),(29,2,2,'f2d03e81-f476-49e4-b07a-9081b7f475d5',1,'Answer 2 for page LearningUser Topic 1',1,1449,0,'2024-12-29 13:19:54'),(30,2,21,'34fe115a-b42a-44e8-8610-bb3381f24c47',1,'Answer 1 for page ContentCreator Subtopic 8-3',1,3915,0,'2024-12-29 21:17:30'),(31,2,18,'efb52efd-504f-4b88-ae09-801e3b047106',1,'Answer 2 for page ContentCreator Subtopic 8-1',1,10094,0,'2024-12-29 08:43:14'),(32,2,29,'a7e1cb4c-f568-4e1e-bfde-a8d120330a25',1,'Answer 1 for page ContentCreator Subtopic 12-3',1,4359,0,'2024-12-29 11:36:26'),(33,2,15,'2df5bc3d-e8b9-4d26-a221-6d1c218c51a8',1,'Incorrect answer',0,2395,0,'2024-12-29 16:11:33'),(34,2,5,'6240e216-333d-4c46-af8c-1f610a5ddd8a',1,'Answer 1 for page LearningUser Subtopic 2-1',1,3470,0,'2024-12-29 22:00:48'),(35,2,48,'af9c8516-84ed-46b7-9caa-dc002268b497',1,'Answer 2 for page QuestionContributor Subtopic 22-2',1,6858,0,'2024-12-29 15:19:26'),(36,2,48,'aa1afdcf-69c4-42bf-984d-1dddaa45eb5f',1,'Incorrect answer',1,4136,0,'2024-12-30 16:15:14'),(37,2,52,'90c51037-9d23-4625-8b67-502193eb5967',1,'Answer 2 for page QuestionContributor Subtopic 25-1',0,2305,0,'2024-12-30 18:09:06'),(38,2,10,'7741fce8-ed8e-4340-b83d-53df85f11ce4',1,'Answer 2 for page ContentCreator Subtopic 4-1',1,7618,0,'2024-12-30 08:40:48'),(39,2,56,'2ceb403d-4ed0-49fd-93fb-5f0a311a4991',1,'Answer 2 for page QuestionContributor Subtopic 26-2',1,14483,0,'2024-12-30 12:53:07'),(40,2,32,'98d01b58-496b-4622-8f09-dc4420eeed1a',1,'Incorrect answer',0,5389,0,'2024-12-30 08:30:24');
/*!40000 ALTER TABLE `answer` ENABLE KEYS */;
UNLOCK TABLES;

--
-- Table structure for table `comment`
--

DROP TABLE IF EXISTS `comment`;
/*!40101 SET @saved_cs_client     = @@character_set_client */;
/*!50503 SET character_set_client = utf8mb4 */;
CREATE TABLE `comment` (
  `Id` int NOT NULL AUTO_INCREMENT,
  `Type` int DEFAULT NULL,
  `TypeId` int DEFAULT NULL,
  `AnswerTo` int DEFAULT NULL,
  `ShouldImprove` tinyint(1) DEFAULT NULL,
  `ShouldRemove` tinyint(1) DEFAULT NULL,
  `ShouldKeys` varchar(255) DEFAULT NULL,
  `IsSettled` tinyint(1) DEFAULT NULL,
  `Creator_id` int DEFAULT NULL,
  `Title` varchar(255) DEFAULT NULL,
  `Text` varchar(255) DEFAULT NULL,
  `DateCreated` datetime DEFAULT NULL,
  `DateModified` datetime DEFAULT NULL,
  PRIMARY KEY (`Id`),
  KEY `AnswerTo` (`AnswerTo`),
  KEY `Creator_id` (`Creator_id`),
  CONSTRAINT `FK_A2E42DA9` FOREIGN KEY (`Creator_id`) REFERENCES `user` (`Id`),
  CONSTRAINT `FK_EC7E49AE` FOREIGN KEY (`AnswerTo`) REFERENCES `comment` (`Id`)
) ENGINE=InnoDB DEFAULT CHARSET=utf8mb4 COLLATE=utf8mb4_0900_ai_ci;
/*!40101 SET character_set_client = @saved_cs_client */;

--
-- Dumping data for table `comment`
--

LOCK TABLES `comment` WRITE;
/*!40000 ALTER TABLE `comment` DISABLE KEYS */;
/*!40000 ALTER TABLE `comment` ENABLE KEYS */;
UNLOCK TABLES;

--
-- Table structure for table `imagemetadata`
--

DROP TABLE IF EXISTS `imagemetadata`;
/*!40101 SET @saved_cs_client     = @@character_set_client */;
/*!50503 SET character_set_client = utf8mb4 */;
CREATE TABLE `imagemetadata` (
  `Id` int NOT NULL AUTO_INCREMENT,
  `Type` int DEFAULT NULL,
  `TypeId` int DEFAULT NULL,
  `UserId` int DEFAULT NULL,
  `Source` int DEFAULT NULL,
  `SourceUrl` varchar(255) DEFAULT NULL,
  `ApiResult` text,
  `ApiHost` varchar(255) DEFAULT NULL,
  `Author` varchar(255) DEFAULT NULL,
  `Description` varchar(255) DEFAULT NULL,
  `Markup` varchar(255) DEFAULT NULL,
  `MarkupDownloadDate` datetime DEFAULT NULL,
  `ManualEntries` varchar(255) DEFAULT NULL,
  `MainLicenseInfo` varchar(255) DEFAULT NULL,
  `AllRegisteredLicenses` varchar(255) DEFAULT NULL,
  `Notifications` varchar(255) DEFAULT NULL,
  `LicenseState` int DEFAULT NULL,
  `DateCreated` datetime DEFAULT NULL,
  `DateModified` datetime DEFAULT NULL,
  PRIMARY KEY (`Id`)
) ENGINE=InnoDB DEFAULT CHARSET=utf8mb4 COLLATE=utf8mb4_0900_ai_ci;
/*!40101 SET character_set_client = @saved_cs_client */;

--
-- Dumping data for table `imagemetadata`
--

LOCK TABLES `imagemetadata` WRITE;
/*!40000 ALTER TABLE `imagemetadata` DISABLE KEYS */;
/*!40000 ALTER TABLE `imagemetadata` ENABLE KEYS */;
UNLOCK TABLES;

--
-- Table structure for table `jobqueue`
--

DROP TABLE IF EXISTS `jobqueue`;
/*!40101 SET @saved_cs_client     = @@character_set_client */;
/*!50503 SET character_set_client = utf8mb4 */;
CREATE TABLE `jobqueue` (
  `Id` int NOT NULL AUTO_INCREMENT,
  `JobQueueType` int DEFAULT NULL,
  `JobContent` varchar(255) DEFAULT NULL,
  `Priority` int DEFAULT NULL,
  `DateCreated` datetime DEFAULT NULL,
  PRIMARY KEY (`Id`)
) ENGINE=InnoDB AUTO_INCREMENT=125 DEFAULT CHARSET=utf8mb4 COLLATE=utf8mb4_0900_ai_ci;
/*!40101 SET character_set_client = @saved_cs_client */;

--
-- Dumping data for table `jobqueue`
--

LOCK TABLES `jobqueue` WRITE;
/*!40000 ALTER TABLE `jobqueue` DISABLE KEYS */;
INSERT INTO `jobqueue` VALUES (1,2,'1',0,'2025-06-17 19:06:35'),(2,1,'2',0,'2025-06-17 19:06:35'),(3,2,'1',0,'2025-06-17 19:06:35'),(4,1,'2',0,'2025-06-17 19:06:35'),(5,2,'2',0,'2025-06-17 19:06:35'),(6,1,'2',0,'2025-06-17 19:06:35'),(7,2,'2',0,'2025-06-17 19:06:35'),(8,1,'2',0,'2025-06-17 19:06:35'),(9,2,'3',0,'2025-06-17 19:06:35'),(10,1,'2',0,'2025-06-17 19:06:35'),(11,2,'3',0,'2025-06-17 19:06:35'),(12,1,'2',0,'2025-06-17 19:06:35'),(13,2,'4',0,'2025-06-17 19:06:35'),(14,1,'3',0,'2025-06-17 19:06:35'),(15,2,'4',0,'2025-06-17 19:06:35'),(16,1,'3',0,'2025-06-17 19:06:35'),(17,2,'5',0,'2025-06-17 19:06:35'),(18,1,'3',0,'2025-06-17 19:06:35'),(19,2,'5',0,'2025-06-17 19:06:35'),(20,1,'3',0,'2025-06-17 19:06:36'),(21,2,'6',0,'2025-06-17 19:06:36'),(22,1,'3',0,'2025-06-17 19:06:36'),(23,2,'6',0,'2025-06-17 19:06:36'),(24,1,'3',0,'2025-06-17 19:06:36'),(25,2,'7',0,'2025-06-17 19:06:36'),(26,1,'3',0,'2025-06-17 19:06:36'),(27,2,'7',0,'2025-06-17 19:06:36'),(28,1,'3',0,'2025-06-17 19:06:36'),(29,2,'8',0,'2025-06-17 19:06:36'),(30,1,'3',0,'2025-06-17 19:06:36'),(31,2,'8',0,'2025-06-17 19:06:36'),(32,1,'3',0,'2025-06-17 19:06:36'),(33,2,'9',0,'2025-06-17 19:06:36'),(34,1,'3',0,'2025-06-17 19:06:36'),(35,2,'9',0,'2025-06-17 19:06:36'),(36,1,'3',0,'2025-06-17 19:06:36'),(37,2,'10',0,'2025-06-17 19:06:36'),(38,1,'3',0,'2025-06-17 19:06:36'),(39,2,'10',0,'2025-06-17 19:06:36'),(40,1,'3',0,'2025-06-17 19:06:36'),(41,2,'11',0,'2025-06-17 19:06:36'),(42,1,'3',0,'2025-06-17 19:06:36'),(43,2,'11',0,'2025-06-17 19:06:36'),(44,1,'3',0,'2025-06-17 19:06:36'),(45,2,'12',0,'2025-06-17 19:06:37'),(46,1,'3',0,'2025-06-17 19:06:37'),(47,2,'12',0,'2025-06-17 19:06:37'),(48,1,'3',0,'2025-06-17 19:06:37'),(49,2,'13',0,'2025-06-17 19:06:37'),(50,1,'3',0,'2025-06-17 19:06:37'),(51,2,'13',0,'2025-06-17 19:06:37'),(52,1,'3',0,'2025-06-17 19:06:37'),(53,2,'14',0,'2025-06-17 19:06:37'),(54,1,'3',0,'2025-06-17 19:06:37'),(55,2,'14',0,'2025-06-17 19:06:37'),(56,1,'3',0,'2025-06-17 19:06:37'),(57,2,'15',0,'2025-06-17 19:06:37'),(58,1,'3',0,'2025-06-17 19:06:37'),(59,2,'15',0,'2025-06-17 19:06:37'),(60,1,'3',0,'2025-06-17 19:06:37'),(61,2,'16',0,'2025-06-17 19:06:37'),(62,1,'3',0,'2025-06-17 19:06:37'),(63,2,'16',0,'2025-06-17 19:06:37'),(64,1,'3',0,'2025-06-17 19:06:37'),(65,2,'17',0,'2025-06-17 19:06:37'),(66,1,'3',0,'2025-06-17 19:06:37'),(67,2,'17',0,'2025-06-17 19:06:37'),(68,1,'3',0,'2025-06-17 19:06:37'),(69,2,'18',0,'2025-06-17 19:06:37'),(70,1,'3',0,'2025-06-17 19:06:38'),(71,2,'18',0,'2025-06-17 19:06:38'),(72,1,'3',0,'2025-06-17 19:06:38'),(73,2,'19',0,'2025-06-17 19:06:38'),(74,1,'3',0,'2025-06-17 19:06:38'),(75,2,'19',0,'2025-06-17 19:06:38'),(76,1,'3',0,'2025-06-17 19:06:38'),(77,2,'20',0,'2025-06-17 19:06:38'),(78,1,'3',0,'2025-06-17 19:06:38'),(79,2,'20',0,'2025-06-17 19:06:38'),(80,1,'3',0,'2025-06-17 19:06:38'),(81,2,'21',0,'2025-06-17 19:06:38'),(82,1,'4',0,'2025-06-17 19:06:38'),(83,2,'21',0,'2025-06-17 19:06:38'),(84,1,'4',0,'2025-06-17 19:06:38'),(85,2,'22',0,'2025-06-17 19:06:38'),(86,1,'4',0,'2025-06-17 19:06:38'),(87,2,'22',0,'2025-06-17 19:06:38'),(88,1,'4',0,'2025-06-17 19:06:38'),(89,2,'23',0,'2025-06-17 19:06:38'),(90,1,'4',0,'2025-06-17 19:06:38'),(91,2,'23',0,'2025-06-17 19:06:38'),(92,1,'4',0,'2025-06-17 19:06:38'),(93,2,'24',0,'2025-06-17 19:06:38'),(94,1,'4',0,'2025-06-17 19:06:38'),(95,2,'24',0,'2025-06-17 19:06:39'),(96,1,'4',0,'2025-06-17 19:06:39'),(97,2,'25',0,'2025-06-17 19:06:39'),(98,1,'4',0,'2025-06-17 19:06:39'),(99,2,'25',0,'2025-06-17 19:06:39'),(100,1,'4',0,'2025-06-17 19:06:39'),(101,2,'26',0,'2025-06-17 19:06:39'),(102,1,'4',0,'2025-06-17 19:06:39'),(103,2,'26',0,'2025-06-17 19:06:39'),(104,1,'4',0,'2025-06-17 19:06:39'),(105,2,'27',0,'2025-06-17 19:06:39'),(106,1,'4',0,'2025-06-17 19:06:39'),(107,2,'27',0,'2025-06-17 19:06:39'),(108,1,'4',0,'2025-06-17 19:06:39'),(109,2,'28',0,'2025-06-17 19:06:39'),(110,1,'4',0,'2025-06-17 19:06:39'),(111,2,'28',0,'2025-06-17 19:06:39'),(112,1,'4',0,'2025-06-17 19:06:39'),(113,2,'29',0,'2025-06-17 19:06:39'),(114,1,'4',0,'2025-06-17 19:06:39'),(115,2,'29',0,'2025-06-17 19:06:39'),(116,1,'4',0,'2025-06-17 19:06:39'),(117,2,'30',0,'2025-06-17 19:06:39'),(118,1,'4',0,'2025-06-17 19:06:39'),(119,2,'30',0,'2025-06-17 19:06:39'),(120,1,'4',0,'2025-06-17 19:06:39'),(121,2,'31',0,'2025-06-17 19:06:40'),(122,1,'4',0,'2025-06-17 19:06:40'),(123,2,'31',0,'2025-06-17 19:06:40'),(124,1,'4',0,'2025-06-17 19:06:40');
/*!40000 ALTER TABLE `jobqueue` ENABLE KEYS */;
UNLOCK TABLES;

--
-- Table structure for table `message`
--

DROP TABLE IF EXISTS `message`;
/*!40101 SET @saved_cs_client     = @@character_set_client */;
/*!50503 SET character_set_client = utf8mb4 */;
CREATE TABLE `message` (
  `Id` int NOT NULL AUTO_INCREMENT,
  `ReceiverId` int DEFAULT NULL,
  `Subject` varchar(255) DEFAULT NULL,
  `Body` varchar(255) DEFAULT NULL,
  `MessageType` varchar(255) DEFAULT NULL,
  `IsRead` tinyint(1) DEFAULT NULL,
  `WasSendPerEmail` tinyint(1) DEFAULT NULL,
  `WasSendToSmartphone` tinyint(1) DEFAULT NULL,
  `DateCreated` datetime DEFAULT NULL,
  `DateModified` datetime DEFAULT NULL,
  PRIMARY KEY (`Id`)
) ENGINE=InnoDB DEFAULT CHARSET=utf8mb4 COLLATE=utf8mb4_0900_ai_ci;
/*!40101 SET character_set_client = @saved_cs_client */;

--
-- Dumping data for table `message`
--

LOCK TABLES `message` WRITE;
/*!40000 ALTER TABLE `message` DISABLE KEYS */;
/*!40000 ALTER TABLE `message` ENABLE KEYS */;
UNLOCK TABLES;

--
-- Table structure for table `messageemail`
--

DROP TABLE IF EXISTS `messageemail`;
/*!40101 SET @saved_cs_client     = @@character_set_client */;
/*!50503 SET character_set_client = utf8mb4 */;
CREATE TABLE `messageemail` (
  `Id` int NOT NULL AUTO_INCREMENT,
  `User_id` int DEFAULT NULL,
  `MessageEmailType` int DEFAULT NULL,
  `DateCreated` datetime DEFAULT NULL,
  `DateModified` datetime DEFAULT NULL,
  PRIMARY KEY (`Id`),
  KEY `User_id` (`User_id`),
  CONSTRAINT `FK_B048BCC5` FOREIGN KEY (`User_id`) REFERENCES `user` (`Id`)
) ENGINE=InnoDB DEFAULT CHARSET=utf8mb4 COLLATE=utf8mb4_0900_ai_ci;
/*!40101 SET character_set_client = @saved_cs_client */;

--
-- Dumping data for table `messageemail`
--

LOCK TABLES `messageemail` WRITE;
/*!40000 ALTER TABLE `messageemail` DISABLE KEYS */;
/*!40000 ALTER TABLE `messageemail` ENABLE KEYS */;
UNLOCK TABLES;

--
-- Table structure for table `page`
--

DROP TABLE IF EXISTS `page`;
/*!40101 SET @saved_cs_client     = @@character_set_client */;
/*!50503 SET character_set_client = utf8mb4 */;
CREATE TABLE `page` (
  `Id` int NOT NULL AUTO_INCREMENT,
  `Name` varchar(255) DEFAULT NULL,
  `Description` varchar(255) DEFAULT NULL,
  `WikipediaURL` varchar(255) DEFAULT NULL,
  `Url` varchar(255) DEFAULT NULL,
  `UrlLinkText` varchar(255) DEFAULT NULL,
  `DisableLearningFunctions` tinyint(1) DEFAULT NULL,
  `Creator_id` int DEFAULT NULL,
  `TopicMarkdown` varchar(255) DEFAULT NULL,
  `Content` varchar(255) DEFAULT NULL,
  `CustomSegments` varchar(255) DEFAULT NULL,
  `CountQuestionsAggregated` int DEFAULT NULL,
  `CorrectnessProbability` int DEFAULT NULL,
  `CorrectnessProbabilityAnswerCount` int DEFAULT NULL,
  `TotalRelevancePersonalEntries` int DEFAULT NULL,
  `DateCreated` datetime DEFAULT NULL,
  `DateModified` datetime DEFAULT NULL,
  `SkipMigration` tinyint(1) DEFAULT NULL,
  `Visibility` int DEFAULT NULL,
  `IsWiki` tinyint(1) DEFAULT NULL,
  `TextIsHidden` tinyint(1) DEFAULT NULL,
  `AuthorIds` varchar(255) DEFAULT NULL,
  `Language` varchar(255) DEFAULT NULL,
  PRIMARY KEY (`Id`),
  KEY `Creator_id` (`Creator_id`),
  CONSTRAINT `FK_34B9BBFB` FOREIGN KEY (`Creator_id`) REFERENCES `user` (`Id`)
) ENGINE=InnoDB AUTO_INCREMENT=32 DEFAULT CHARSET=utf8mb4 COLLATE=utf8mb4_0900_ai_ci;
/*!40101 SET character_set_client = @saved_cs_client */;

--
-- Dumping data for table `page`
--

LOCK TABLES `page` WRITE;
/*!40000 ALTER TABLE `page` DISABLE KEYS */;
INSERT INTO `page` VALUES (1,'LearningUser Topic 1',NULL,NULL,NULL,NULL,0,2,NULL,NULL,NULL,1,0,0,0,'2025-06-17 19:06:20','2025-06-17 19:06:35',0,0,1,0,'2','en'),(2,'LearningUser Subtopic 1-1',NULL,NULL,NULL,NULL,0,2,NULL,NULL,NULL,1,0,0,0,'2025-06-17 19:06:20','2025-06-17 19:06:35',0,0,1,0,'2','en'),(3,'LearningUser Subtopic 2-1',NULL,NULL,NULL,NULL,0,2,NULL,NULL,NULL,1,0,0,0,'2025-06-17 19:06:20','2025-06-17 19:06:35',0,0,1,0,'2','en'),(4,'ContentCreator Topic 1',NULL,NULL,NULL,NULL,0,3,NULL,NULL,NULL,1,0,0,0,'2025-06-17 19:06:21','2025-06-17 19:06:35',0,0,1,0,'3','en'),(5,'ContentCreator Subtopic 4-1',NULL,NULL,NULL,NULL,0,3,NULL,NULL,NULL,1,0,0,0,'2025-06-17 19:06:21','2025-06-17 19:06:35',0,0,1,0,'3','en'),(6,'ContentCreator Subtopic 5-1',NULL,NULL,NULL,NULL,0,3,NULL,NULL,NULL,1,0,0,0,'2025-06-17 19:06:21','2025-06-17 19:06:36',0,0,1,0,'3','en'),(7,'ContentCreator Subtopic 5-2',NULL,NULL,NULL,NULL,0,3,NULL,NULL,NULL,1,0,0,0,'2025-06-17 19:06:21','2025-06-17 19:06:36',0,0,1,0,'3','en'),(8,'ContentCreator Subtopic 4-2',NULL,NULL,NULL,NULL,0,3,NULL,NULL,NULL,1,0,0,0,'2025-06-17 19:06:21','2025-06-17 19:06:36',0,0,1,0,'3','en'),(9,'ContentCreator Subtopic 8-1',NULL,NULL,NULL,NULL,0,3,NULL,NULL,NULL,1,0,0,0,'2025-06-17 19:06:22','2025-06-17 19:06:36',0,0,1,0,'3','en'),(10,'ContentCreator Subtopic 8-2',NULL,NULL,NULL,NULL,0,3,NULL,NULL,NULL,1,0,0,0,'2025-06-17 19:06:22','2025-06-17 19:06:36',0,0,1,0,'3','en'),(11,'ContentCreator Subtopic 8-3',NULL,NULL,NULL,NULL,0,3,NULL,NULL,NULL,1,0,0,0,'2025-06-17 19:06:22','2025-06-17 19:06:36',0,0,1,0,'3','en'),(12,'ContentCreator Subtopic 4-3',NULL,NULL,NULL,NULL,0,3,NULL,NULL,NULL,1,0,0,0,'2025-06-17 19:06:23','2025-06-17 19:06:37',0,0,1,0,'3','en'),(13,'ContentCreator Subtopic 12-1',NULL,NULL,NULL,NULL,0,3,NULL,NULL,NULL,1,0,0,0,'2025-06-17 19:06:23','2025-06-17 19:06:37',0,0,1,0,'3','en'),(14,'ContentCreator Subtopic 12-2',NULL,NULL,NULL,NULL,0,3,NULL,NULL,NULL,1,0,0,0,'2025-06-17 19:06:23','2025-06-17 19:06:37',0,0,1,0,'3','en'),(15,'ContentCreator Subtopic 12-3',NULL,NULL,NULL,NULL,0,3,NULL,NULL,NULL,1,0,0,0,'2025-06-17 19:06:24','2025-06-17 19:06:37',0,0,1,0,'3','en'),(16,'ContentCreator Topic 2',NULL,NULL,NULL,NULL,0,3,NULL,NULL,NULL,1,0,0,0,'2025-06-17 19:06:24','2025-06-17 19:06:37',0,0,1,0,'3','en'),(17,'ContentCreator Subtopic 16-1',NULL,NULL,NULL,NULL,0,3,NULL,NULL,NULL,1,0,0,0,'2025-06-17 19:06:25','2025-06-17 19:06:37',0,0,1,0,'3','en'),(18,'ContentCreator Subtopic 17-1',NULL,NULL,NULL,NULL,0,3,NULL,NULL,NULL,1,0,0,0,'2025-06-17 19:06:25','2025-06-17 19:06:38',0,0,1,0,'3','en'),(19,'ContentCreator Subtopic 17-2',NULL,NULL,NULL,NULL,0,3,NULL,NULL,NULL,1,0,0,0,'2025-06-17 19:06:26','2025-06-17 19:06:38',0,0,1,0,'3','en'),(20,'ContentCreator Subtopic 17-3',NULL,NULL,NULL,NULL,0,3,NULL,NULL,NULL,1,0,0,0,'2025-06-17 19:06:26','2025-06-17 19:06:38',0,0,1,0,'3','en'),(21,'QuestionContributor Topic 1',NULL,NULL,NULL,NULL,0,4,NULL,NULL,NULL,1,0,0,0,'2025-06-17 19:06:27','2025-06-17 19:06:38',0,0,1,0,'4','en'),(22,'QuestionContributor Subtopic 21-1',NULL,NULL,NULL,NULL,0,4,NULL,NULL,NULL,1,0,0,0,'2025-06-17 19:06:28','2025-06-17 19:06:38',0,0,1,0,'4','en'),(23,'QuestionContributor Subtopic 22-1',NULL,NULL,NULL,NULL,0,4,NULL,NULL,NULL,1,0,0,0,'2025-06-17 19:06:28','2025-06-17 19:06:38',0,0,1,0,'4','en'),(24,'QuestionContributor Subtopic 22-2',NULL,NULL,NULL,NULL,0,4,NULL,NULL,NULL,1,0,0,0,'2025-06-17 19:06:29','2025-06-17 19:06:38',0,0,1,0,'4','en'),(25,'QuestionContributor Topic 2',NULL,NULL,NULL,NULL,0,4,NULL,NULL,NULL,1,0,0,0,'2025-06-17 19:06:29','2025-06-17 19:06:39',0,0,1,0,'4','en'),(26,'QuestionContributor Subtopic 25-1',NULL,NULL,NULL,NULL,0,4,NULL,NULL,NULL,1,0,0,0,'2025-06-17 19:06:30','2025-06-17 19:06:39',0,0,1,0,'4','en'),(27,'QuestionContributor Subtopic 26-1',NULL,NULL,NULL,NULL,0,4,NULL,NULL,NULL,1,0,0,0,'2025-06-17 19:06:31','2025-06-17 19:06:39',0,0,1,0,'4','en'),(28,'QuestionContributor Subtopic 26-2',NULL,NULL,NULL,NULL,0,4,NULL,NULL,NULL,1,0,0,0,'2025-06-17 19:06:31','2025-06-17 19:06:39',0,0,1,0,'4','en'),(29,'QuestionContributor Topic 3',NULL,NULL,NULL,NULL,0,4,NULL,NULL,NULL,1,0,0,0,'2025-06-17 19:06:32','2025-06-17 19:06:39',0,0,1,0,'4','en'),(30,'QuestionContributor Subtopic 29-1',NULL,NULL,NULL,NULL,0,4,NULL,NULL,NULL,1,0,0,0,'2025-06-17 19:06:33','2025-06-17 19:06:39',0,0,1,0,'4','en'),(31,'QuestionContributor Subtopic 30-1',NULL,NULL,NULL,NULL,0,4,NULL,NULL,NULL,1,0,0,0,'2025-06-17 19:06:34','2025-06-17 19:06:40',0,0,1,0,'4','en');
/*!40000 ALTER TABLE `page` ENABLE KEYS */;
UNLOCK TABLES;

--
-- Table structure for table `pagechange`
--

DROP TABLE IF EXISTS `pagechange`;
/*!40101 SET @saved_cs_client     = @@character_set_client */;
/*!50503 SET character_set_client = utf8mb4 */;
CREATE TABLE `pagechange` (
  `Id` int NOT NULL AUTO_INCREMENT,
  `Page_id` int DEFAULT NULL,
  `Data` longtext,
  `ShowInSidebar` tinyint(1) DEFAULT NULL,
  `DataVersion` int DEFAULT NULL,
  `Type` int DEFAULT NULL,
  `Author_id` int DEFAULT NULL,
  `DateCreated` datetime DEFAULT NULL,
  PRIMARY KEY (`Id`)
) ENGINE=InnoDB AUTO_INCREMENT=601 DEFAULT CHARSET=utf8mb4 COLLATE=utf8mb4_0900_ai_ci;
/*!40101 SET character_set_client = @saved_cs_client */;

--
-- Dumping data for table `pagechange`
--

LOCK TABLES `pagechange` WRITE;
/*!40000 ALTER TABLE `pagechange` DISABLE KEYS */;
INSERT INTO `pagechange` VALUES (1,1,'{\"PageRelations\":null,\"ImageWasUpdated\":false,\"Name\":\"LearningUser Topic 1\",\"Description\":null,\"PageMardkown\":null,\"Content\":null,\"CustomSegments\":null,\"WikipediaURL\":null,\"DisableLearningFunctions\":false,\"Visibility\":0,\"ParentIds\":null,\"ChildIds\":null,\"DeleteChangeId\":null,\"DeletedName\":null}',1,2,0,2,'2025-06-17 19:06:20'),(2,1,'{\"PageRelations\":null,\"ImageWasUpdated\":false,\"Name\":\"LearningUser Topic 1\",\"Description\":null,\"PageMardkown\":null,\"Content\":null,\"CustomSegments\":null,\"WikipediaURL\":null,\"DisableLearningFunctions\":false,\"Visibility\":0,\"ParentIds\":null,\"ChildIds\":null,\"DeleteChangeId\":null,\"DeletedName\":null}',1,2,7,50,'2025-06-17 19:06:20'),(3,2,'{\"PageRelations\":null,\"ImageWasUpdated\":false,\"Name\":\"LearningUser Subtopic 1-1\",\"Description\":null,\"PageMardkown\":null,\"Content\":null,\"CustomSegments\":null,\"WikipediaURL\":null,\"DisableLearningFunctions\":false,\"Visibility\":0,\"ParentIds\":null,\"ChildIds\":null,\"DeleteChangeId\":null,\"DeletedName\":null}',1,2,0,2,'2025-06-17 19:06:20'),(4,2,'{\"PageRelations\":null,\"ImageWasUpdated\":false,\"Name\":\"LearningUser Subtopic 1-1\",\"Description\":null,\"PageMardkown\":null,\"Content\":null,\"CustomSegments\":null,\"WikipediaURL\":null,\"DisableLearningFunctions\":false,\"Visibility\":0,\"ParentIds\":[1],\"ChildIds\":null,\"DeleteChangeId\":null,\"DeletedName\":null}',1,2,7,1,'2025-06-17 19:06:20'),(5,1,'{\"PageRelations\":null,\"ImageWasUpdated\":false,\"Name\":\"LearningUser Topic 1\",\"Description\":null,\"PageMardkown\":null,\"Content\":null,\"CustomSegments\":null,\"WikipediaURL\":null,\"DisableLearningFunctions\":false,\"Visibility\":0,\"ParentIds\":null,\"ChildIds\":[2],\"DeleteChangeId\":null,\"DeletedName\":null}',1,2,7,1,'2025-06-17 19:06:20'),(6,1,'{\"PageRelations\":null,\"ImageWasUpdated\":false,\"Name\":\"LearningUser Topic 1\",\"Description\":null,\"PageMardkown\":null,\"Content\":null,\"CustomSegments\":null,\"WikipediaURL\":null,\"DisableLearningFunctions\":false,\"Visibility\":0,\"ParentIds\":null,\"ChildIds\":[2],\"DeleteChangeId\":null,\"DeletedName\":null}',1,2,7,50,'2025-06-17 19:06:20'),(7,2,'{\"PageRelations\":null,\"ImageWasUpdated\":false,\"Name\":\"LearningUser Subtopic 1-1\",\"Description\":null,\"PageMardkown\":null,\"Content\":null,\"CustomSegments\":null,\"WikipediaURL\":null,\"DisableLearningFunctions\":false,\"Visibility\":0,\"ParentIds\":[1],\"ChildIds\":null,\"DeleteChangeId\":null,\"DeletedName\":null}',1,2,7,50,'2025-06-17 19:06:20'),(8,3,'{\"PageRelations\":null,\"ImageWasUpdated\":false,\"Name\":\"LearningUser Subtopic 2-1\",\"Description\":null,\"PageMardkown\":null,\"Content\":null,\"CustomSegments\":null,\"WikipediaURL\":null,\"DisableLearningFunctions\":false,\"Visibility\":0,\"ParentIds\":null,\"ChildIds\":null,\"DeleteChangeId\":null,\"DeletedName\":null}',1,2,0,2,'2025-06-17 19:06:20'),(9,3,'{\"PageRelations\":null,\"ImageWasUpdated\":false,\"Name\":\"LearningUser Subtopic 2-1\",\"Description\":null,\"PageMardkown\":null,\"Content\":null,\"CustomSegments\":null,\"WikipediaURL\":null,\"DisableLearningFunctions\":false,\"Visibility\":0,\"ParentIds\":[2],\"ChildIds\":null,\"DeleteChangeId\":null,\"DeletedName\":null}',1,2,7,1,'2025-06-17 19:06:20'),(10,2,'{\"PageRelations\":null,\"ImageWasUpdated\":false,\"Name\":\"LearningUser Subtopic 1-1\",\"Description\":null,\"PageMardkown\":null,\"Content\":null,\"CustomSegments\":null,\"WikipediaURL\":null,\"DisableLearningFunctions\":false,\"Visibility\":0,\"ParentIds\":[1],\"ChildIds\":[3],\"DeleteChangeId\":null,\"DeletedName\":null}',1,2,7,1,'2025-06-17 19:06:20'),(11,1,'{\"PageRelations\":null,\"ImageWasUpdated\":false,\"Name\":\"LearningUser Topic 1\",\"Description\":null,\"PageMardkown\":null,\"Content\":null,\"CustomSegments\":null,\"WikipediaURL\":null,\"DisableLearningFunctions\":false,\"Visibility\":0,\"ParentIds\":null,\"ChildIds\":[2],\"DeleteChangeId\":null,\"DeletedName\":null}',1,2,7,50,'2025-06-17 19:06:20'),(12,2,'{\"PageRelations\":null,\"ImageWasUpdated\":false,\"Name\":\"LearningUser Subtopic 1-1\",\"Description\":null,\"PageMardkown\":null,\"Content\":null,\"CustomSegments\":null,\"WikipediaURL\":null,\"DisableLearningFunctions\":false,\"Visibility\":0,\"ParentIds\":[1],\"ChildIds\":[3],\"DeleteChangeId\":null,\"DeletedName\":null}',1,2,7,50,'2025-06-17 19:06:20'),(13,3,'{\"PageRelations\":null,\"ImageWasUpdated\":false,\"Name\":\"LearningUser Subtopic 2-1\",\"Description\":null,\"PageMardkown\":null,\"Content\":null,\"CustomSegments\":null,\"WikipediaURL\":null,\"DisableLearningFunctions\":false,\"Visibility\":0,\"ParentIds\":[2],\"ChildIds\":null,\"DeleteChangeId\":null,\"DeletedName\":null}',1,2,7,50,'2025-06-17 19:06:20'),(14,1,'{\"PageRelations\":null,\"ImageWasUpdated\":false,\"Name\":\"LearningUser Topic 1\",\"Description\":null,\"PageMardkown\":null,\"Content\":null,\"CustomSegments\":null,\"WikipediaURL\":null,\"DisableLearningFunctions\":false,\"Visibility\":0,\"ParentIds\":null,\"ChildIds\":[2],\"DeleteChangeId\":null,\"DeletedName\":null}',1,2,7,50,'2025-06-17 19:06:20'),(15,2,'{\"PageRelations\":null,\"ImageWasUpdated\":false,\"Name\":\"LearningUser Subtopic 1-1\",\"Description\":null,\"PageMardkown\":null,\"Content\":null,\"CustomSegments\":null,\"WikipediaURL\":null,\"DisableLearningFunctions\":false,\"Visibility\":0,\"ParentIds\":[1],\"ChildIds\":[3],\"DeleteChangeId\":null,\"DeletedName\":null}',1,2,7,50,'2025-06-17 19:06:21'),(16,3,'{\"PageRelations\":null,\"ImageWasUpdated\":false,\"Name\":\"LearningUser Subtopic 2-1\",\"Description\":null,\"PageMardkown\":null,\"Content\":null,\"CustomSegments\":null,\"WikipediaURL\":null,\"DisableLearningFunctions\":false,\"Visibility\":0,\"ParentIds\":[2],\"ChildIds\":null,\"DeleteChangeId\":null,\"DeletedName\":null}',1,2,7,50,'2025-06-17 19:06:21'),(17,4,'{\"PageRelations\":null,\"ImageWasUpdated\":false,\"Name\":\"ContentCreator Topic 1\",\"Description\":null,\"PageMardkown\":null,\"Content\":null,\"CustomSegments\":null,\"WikipediaURL\":null,\"DisableLearningFunctions\":false,\"Visibility\":0,\"ParentIds\":null,\"ChildIds\":null,\"DeleteChangeId\":null,\"DeletedName\":null}',1,2,0,3,'2025-06-17 19:06:21'),(18,1,'{\"PageRelations\":null,\"ImageWasUpdated\":false,\"Name\":\"LearningUser Topic 1\",\"Description\":null,\"PageMardkown\":null,\"Content\":null,\"CustomSegments\":null,\"WikipediaURL\":null,\"DisableLearningFunctions\":false,\"Visibility\":0,\"ParentIds\":null,\"ChildIds\":[2],\"DeleteChangeId\":null,\"DeletedName\":null}',1,2,7,50,'2025-06-17 19:06:21'),(19,2,'{\"PageRelations\":null,\"ImageWasUpdated\":false,\"Name\":\"LearningUser Subtopic 1-1\",\"Description\":null,\"PageMardkown\":null,\"Content\":null,\"CustomSegments\":null,\"WikipediaURL\":null,\"DisableLearningFunctions\":false,\"Visibility\":0,\"ParentIds\":[1],\"ChildIds\":[3],\"DeleteChangeId\":null,\"DeletedName\":null}',1,2,7,50,'2025-06-17 19:06:21'),(20,3,'{\"PageRelations\":null,\"ImageWasUpdated\":false,\"Name\":\"LearningUser Subtopic 2-1\",\"Description\":null,\"PageMardkown\":null,\"Content\":null,\"CustomSegments\":null,\"WikipediaURL\":null,\"DisableLearningFunctions\":false,\"Visibility\":0,\"ParentIds\":[2],\"ChildIds\":null,\"DeleteChangeId\":null,\"DeletedName\":null}',1,2,7,50,'2025-06-17 19:06:21'),(21,4,'{\"PageRelations\":null,\"ImageWasUpdated\":false,\"Name\":\"ContentCreator Topic 1\",\"Description\":null,\"PageMardkown\":null,\"Content\":null,\"CustomSegments\":null,\"WikipediaURL\":null,\"DisableLearningFunctions\":false,\"Visibility\":0,\"ParentIds\":null,\"ChildIds\":null,\"DeleteChangeId\":null,\"DeletedName\":null}',1,2,7,51,'2025-06-17 19:06:21'),(22,5,'{\"PageRelations\":null,\"ImageWasUpdated\":false,\"Name\":\"ContentCreator Subtopic 4-1\",\"Description\":null,\"PageMardkown\":null,\"Content\":null,\"CustomSegments\":null,\"WikipediaURL\":null,\"DisableLearningFunctions\":false,\"Visibility\":0,\"ParentIds\":null,\"ChildIds\":null,\"DeleteChangeId\":null,\"DeletedName\":null}',1,2,0,3,'2025-06-17 19:06:21'),(23,5,'{\"PageRelations\":null,\"ImageWasUpdated\":false,\"Name\":\"ContentCreator Subtopic 4-1\",\"Description\":null,\"PageMardkown\":null,\"Content\":null,\"CustomSegments\":null,\"WikipediaURL\":null,\"DisableLearningFunctions\":false,\"Visibility\":0,\"ParentIds\":[4],\"ChildIds\":null,\"DeleteChangeId\":null,\"DeletedName\":null}',1,2,7,1,'2025-06-17 19:06:21'),(24,4,'{\"PageRelations\":null,\"ImageWasUpdated\":false,\"Name\":\"ContentCreator Topic 1\",\"Description\":null,\"PageMardkown\":null,\"Content\":null,\"CustomSegments\":null,\"WikipediaURL\":null,\"DisableLearningFunctions\":false,\"Visibility\":0,\"ParentIds\":null,\"ChildIds\":[5],\"DeleteChangeId\":null,\"DeletedName\":null}',1,2,7,1,'2025-06-17 19:06:21'),(25,1,'{\"PageRelations\":null,\"ImageWasUpdated\":false,\"Name\":\"LearningUser Topic 1\",\"Description\":null,\"PageMardkown\":null,\"Content\":null,\"CustomSegments\":null,\"WikipediaURL\":null,\"DisableLearningFunctions\":false,\"Visibility\":0,\"ParentIds\":null,\"ChildIds\":[2],\"DeleteChangeId\":null,\"DeletedName\":null}',1,2,7,50,'2025-06-17 19:06:21'),(26,2,'{\"PageRelations\":null,\"ImageWasUpdated\":false,\"Name\":\"LearningUser Subtopic 1-1\",\"Description\":null,\"PageMardkown\":null,\"Content\":null,\"CustomSegments\":null,\"WikipediaURL\":null,\"DisableLearningFunctions\":false,\"Visibility\":0,\"ParentIds\":[1],\"ChildIds\":[3],\"DeleteChangeId\":null,\"DeletedName\":null}',1,2,7,50,'2025-06-17 19:06:21'),(27,3,'{\"PageRelations\":null,\"ImageWasUpdated\":false,\"Name\":\"LearningUser Subtopic 2-1\",\"Description\":null,\"PageMardkown\":null,\"Content\":null,\"CustomSegments\":null,\"WikipediaURL\":null,\"DisableLearningFunctions\":false,\"Visibility\":0,\"ParentIds\":[2],\"ChildIds\":null,\"DeleteChangeId\":null,\"DeletedName\":null}',1,2,7,50,'2025-06-17 19:06:21'),(28,4,'{\"PageRelations\":null,\"ImageWasUpdated\":false,\"Name\":\"ContentCreator Topic 1\",\"Description\":null,\"PageMardkown\":null,\"Content\":null,\"CustomSegments\":null,\"WikipediaURL\":null,\"DisableLearningFunctions\":false,\"Visibility\":0,\"ParentIds\":null,\"ChildIds\":[5],\"DeleteChangeId\":null,\"DeletedName\":null}',1,2,7,51,'2025-06-17 19:06:21'),(29,5,'{\"PageRelations\":null,\"ImageWasUpdated\":false,\"Name\":\"ContentCreator Subtopic 4-1\",\"Description\":null,\"PageMardkown\":null,\"Content\":null,\"CustomSegments\":null,\"WikipediaURL\":null,\"DisableLearningFunctions\":false,\"Visibility\":0,\"ParentIds\":[4],\"ChildIds\":null,\"DeleteChangeId\":null,\"DeletedName\":null}',1,2,7,51,'2025-06-17 19:06:21'),(30,6,'{\"PageRelations\":null,\"ImageWasUpdated\":false,\"Name\":\"ContentCreator Subtopic 5-1\",\"Description\":null,\"PageMardkown\":null,\"Content\":null,\"CustomSegments\":null,\"WikipediaURL\":null,\"DisableLearningFunctions\":false,\"Visibility\":0,\"ParentIds\":null,\"ChildIds\":null,\"DeleteChangeId\":null,\"DeletedName\":null}',1,2,0,3,'2025-06-17 19:06:21'),(31,6,'{\"PageRelations\":null,\"ImageWasUpdated\":false,\"Name\":\"ContentCreator Subtopic 5-1\",\"Description\":null,\"PageMardkown\":null,\"Content\":null,\"CustomSegments\":null,\"WikipediaURL\":null,\"DisableLearningFunctions\":false,\"Visibility\":0,\"ParentIds\":[5],\"ChildIds\":null,\"DeleteChangeId\":null,\"DeletedName\":null}',1,2,7,1,'2025-06-17 19:06:21'),(32,5,'{\"PageRelations\":null,\"ImageWasUpdated\":false,\"Name\":\"ContentCreator Subtopic 4-1\",\"Description\":null,\"PageMardkown\":null,\"Content\":null,\"CustomSegments\":null,\"WikipediaURL\":null,\"DisableLearningFunctions\":false,\"Visibility\":0,\"ParentIds\":[4],\"ChildIds\":[6],\"DeleteChangeId\":null,\"DeletedName\":null}',1,2,7,1,'2025-06-17 19:06:21'),(33,1,'{\"PageRelations\":null,\"ImageWasUpdated\":false,\"Name\":\"LearningUser Topic 1\",\"Description\":null,\"PageMardkown\":null,\"Content\":null,\"CustomSegments\":null,\"WikipediaURL\":null,\"DisableLearningFunctions\":false,\"Visibility\":0,\"ParentIds\":null,\"ChildIds\":[2],\"DeleteChangeId\":null,\"DeletedName\":null}',1,2,7,50,'2025-06-17 19:06:21'),(34,2,'{\"PageRelations\":null,\"ImageWasUpdated\":false,\"Name\":\"LearningUser Subtopic 1-1\",\"Description\":null,\"PageMardkown\":null,\"Content\":null,\"CustomSegments\":null,\"WikipediaURL\":null,\"DisableLearningFunctions\":false,\"Visibility\":0,\"ParentIds\":[1],\"ChildIds\":[3],\"DeleteChangeId\":null,\"DeletedName\":null}',1,2,7,50,'2025-06-17 19:06:21'),(35,3,'{\"PageRelations\":null,\"ImageWasUpdated\":false,\"Name\":\"LearningUser Subtopic 2-1\",\"Description\":null,\"PageMardkown\":null,\"Content\":null,\"CustomSegments\":null,\"WikipediaURL\":null,\"DisableLearningFunctions\":false,\"Visibility\":0,\"ParentIds\":[2],\"ChildIds\":null,\"DeleteChangeId\":null,\"DeletedName\":null}',1,2,7,50,'2025-06-17 19:06:21'),(36,4,'{\"PageRelations\":null,\"ImageWasUpdated\":false,\"Name\":\"ContentCreator Topic 1\",\"Description\":null,\"PageMardkown\":null,\"Content\":null,\"CustomSegments\":null,\"WikipediaURL\":null,\"DisableLearningFunctions\":false,\"Visibility\":0,\"ParentIds\":null,\"ChildIds\":[5],\"DeleteChangeId\":null,\"DeletedName\":null}',1,2,7,51,'2025-06-17 19:06:21'),(37,5,'{\"PageRelations\":null,\"ImageWasUpdated\":false,\"Name\":\"ContentCreator Subtopic 4-1\",\"Description\":null,\"PageMardkown\":null,\"Content\":null,\"CustomSegments\":null,\"WikipediaURL\":null,\"DisableLearningFunctions\":false,\"Visibility\":0,\"ParentIds\":[4],\"ChildIds\":[6],\"DeleteChangeId\":null,\"DeletedName\":null}',1,2,7,51,'2025-06-17 19:06:21'),(38,6,'{\"PageRelations\":null,\"ImageWasUpdated\":false,\"Name\":\"ContentCreator Subtopic 5-1\",\"Description\":null,\"PageMardkown\":null,\"Content\":null,\"CustomSegments\":null,\"WikipediaURL\":null,\"DisableLearningFunctions\":false,\"Visibility\":0,\"ParentIds\":[5],\"ChildIds\":null,\"DeleteChangeId\":null,\"DeletedName\":null}',1,2,7,51,'2025-06-17 19:06:21'),(39,7,'{\"PageRelations\":null,\"ImageWasUpdated\":false,\"Name\":\"ContentCreator Subtopic 5-2\",\"Description\":null,\"PageMardkown\":null,\"Content\":null,\"CustomSegments\":null,\"WikipediaURL\":null,\"DisableLearningFunctions\":false,\"Visibility\":0,\"ParentIds\":null,\"ChildIds\":null,\"DeleteChangeId\":null,\"DeletedName\":null}',1,2,0,3,'2025-06-17 19:06:21'),(40,7,'{\"PageRelations\":null,\"ImageWasUpdated\":false,\"Name\":\"ContentCreator Subtopic 5-2\",\"Description\":null,\"PageMardkown\":null,\"Content\":null,\"CustomSegments\":null,\"WikipediaURL\":null,\"DisableLearningFunctions\":false,\"Visibility\":0,\"ParentIds\":[5],\"ChildIds\":null,\"DeleteChangeId\":null,\"DeletedName\":null}',1,2,7,1,'2025-06-17 19:06:21'),(41,5,'{\"PageRelations\":null,\"ImageWasUpdated\":false,\"Name\":\"ContentCreator Subtopic 4-1\",\"Description\":null,\"PageMardkown\":null,\"Content\":null,\"CustomSegments\":null,\"WikipediaURL\":null,\"DisableLearningFunctions\":false,\"Visibility\":0,\"ParentIds\":[4],\"ChildIds\":[6,7],\"DeleteChangeId\":null,\"DeletedName\":null}',1,2,7,1,'2025-06-17 19:06:21'),(42,1,'{\"PageRelations\":null,\"ImageWasUpdated\":false,\"Name\":\"LearningUser Topic 1\",\"Description\":null,\"PageMardkown\":null,\"Content\":null,\"CustomSegments\":null,\"WikipediaURL\":null,\"DisableLearningFunctions\":false,\"Visibility\":0,\"ParentIds\":null,\"ChildIds\":[2],\"DeleteChangeId\":null,\"DeletedName\":null}',1,2,7,50,'2025-06-17 19:06:21'),(43,2,'{\"PageRelations\":null,\"ImageWasUpdated\":false,\"Name\":\"LearningUser Subtopic 1-1\",\"Description\":null,\"PageMardkown\":null,\"Content\":null,\"CustomSegments\":null,\"WikipediaURL\":null,\"DisableLearningFunctions\":false,\"Visibility\":0,\"ParentIds\":[1],\"ChildIds\":[3],\"DeleteChangeId\":null,\"DeletedName\":null}',1,2,7,50,'2025-06-17 19:06:21'),(44,3,'{\"PageRelations\":null,\"ImageWasUpdated\":false,\"Name\":\"LearningUser Subtopic 2-1\",\"Description\":null,\"PageMardkown\":null,\"Content\":null,\"CustomSegments\":null,\"WikipediaURL\":null,\"DisableLearningFunctions\":false,\"Visibility\":0,\"ParentIds\":[2],\"ChildIds\":null,\"DeleteChangeId\":null,\"DeletedName\":null}',1,2,7,50,'2025-06-17 19:06:21'),(45,4,'{\"PageRelations\":null,\"ImageWasUpdated\":false,\"Name\":\"ContentCreator Topic 1\",\"Description\":null,\"PageMardkown\":null,\"Content\":null,\"CustomSegments\":null,\"WikipediaURL\":null,\"DisableLearningFunctions\":false,\"Visibility\":0,\"ParentIds\":null,\"ChildIds\":[5],\"DeleteChangeId\":null,\"DeletedName\":null}',1,2,7,51,'2025-06-17 19:06:21'),(46,5,'{\"PageRelations\":null,\"ImageWasUpdated\":false,\"Name\":\"ContentCreator Subtopic 4-1\",\"Description\":null,\"PageMardkown\":null,\"Content\":null,\"CustomSegments\":null,\"WikipediaURL\":null,\"DisableLearningFunctions\":false,\"Visibility\":0,\"ParentIds\":[4],\"ChildIds\":[6,7],\"DeleteChangeId\":null,\"DeletedName\":null}',1,2,7,51,'2025-06-17 19:06:21'),(47,6,'{\"PageRelations\":null,\"ImageWasUpdated\":false,\"Name\":\"ContentCreator Subtopic 5-1\",\"Description\":null,\"PageMardkown\":null,\"Content\":null,\"CustomSegments\":null,\"WikipediaURL\":null,\"DisableLearningFunctions\":false,\"Visibility\":0,\"ParentIds\":[5],\"ChildIds\":null,\"DeleteChangeId\":null,\"DeletedName\":null}',1,2,7,51,'2025-06-17 19:06:21'),(48,7,'{\"PageRelations\":null,\"ImageWasUpdated\":false,\"Name\":\"ContentCreator Subtopic 5-2\",\"Description\":null,\"PageMardkown\":null,\"Content\":null,\"CustomSegments\":null,\"WikipediaURL\":null,\"DisableLearningFunctions\":false,\"Visibility\":0,\"ParentIds\":[5],\"ChildIds\":null,\"DeleteChangeId\":null,\"DeletedName\":null}',1,2,7,51,'2025-06-17 19:06:21'),(49,8,'{\"PageRelations\":null,\"ImageWasUpdated\":false,\"Name\":\"ContentCreator Subtopic 4-2\",\"Description\":null,\"PageMardkown\":null,\"Content\":null,\"CustomSegments\":null,\"WikipediaURL\":null,\"DisableLearningFunctions\":false,\"Visibility\":0,\"ParentIds\":null,\"ChildIds\":null,\"DeleteChangeId\":null,\"DeletedName\":null}',1,2,0,3,'2025-06-17 19:06:21'),(50,8,'{\"PageRelations\":null,\"ImageWasUpdated\":false,\"Name\":\"ContentCreator Subtopic 4-2\",\"Description\":null,\"PageMardkown\":null,\"Content\":null,\"CustomSegments\":null,\"WikipediaURL\":null,\"DisableLearningFunctions\":false,\"Visibility\":0,\"ParentIds\":[4],\"ChildIds\":null,\"DeleteChangeId\":null,\"DeletedName\":null}',1,2,7,1,'2025-06-17 19:06:21'),(51,4,'{\"PageRelations\":null,\"ImageWasUpdated\":false,\"Name\":\"ContentCreator Topic 1\",\"Description\":null,\"PageMardkown\":null,\"Content\":null,\"CustomSegments\":null,\"WikipediaURL\":null,\"DisableLearningFunctions\":false,\"Visibility\":0,\"ParentIds\":null,\"ChildIds\":[5,8],\"DeleteChangeId\":null,\"DeletedName\":null}',1,2,7,1,'2025-06-17 19:06:21'),(52,1,'{\"PageRelations\":null,\"ImageWasUpdated\":false,\"Name\":\"LearningUser Topic 1\",\"Description\":null,\"PageMardkown\":null,\"Content\":null,\"CustomSegments\":null,\"WikipediaURL\":null,\"DisableLearningFunctions\":false,\"Visibility\":0,\"ParentIds\":null,\"ChildIds\":[2],\"DeleteChangeId\":null,\"DeletedName\":null}',1,2,7,50,'2025-06-17 19:06:21'),(53,2,'{\"PageRelations\":null,\"ImageWasUpdated\":false,\"Name\":\"LearningUser Subtopic 1-1\",\"Description\":null,\"PageMardkown\":null,\"Content\":null,\"CustomSegments\":null,\"WikipediaURL\":null,\"DisableLearningFunctions\":false,\"Visibility\":0,\"ParentIds\":[1],\"ChildIds\":[3],\"DeleteChangeId\":null,\"DeletedName\":null}',1,2,7,50,'2025-06-17 19:06:21'),(54,3,'{\"PageRelations\":null,\"ImageWasUpdated\":false,\"Name\":\"LearningUser Subtopic 2-1\",\"Description\":null,\"PageMardkown\":null,\"Content\":null,\"CustomSegments\":null,\"WikipediaURL\":null,\"DisableLearningFunctions\":false,\"Visibility\":0,\"ParentIds\":[2],\"ChildIds\":null,\"DeleteChangeId\":null,\"DeletedName\":null}',1,2,7,50,'2025-06-17 19:06:21'),(55,4,'{\"PageRelations\":null,\"ImageWasUpdated\":false,\"Name\":\"ContentCreator Topic 1\",\"Description\":null,\"PageMardkown\":null,\"Content\":null,\"CustomSegments\":null,\"WikipediaURL\":null,\"DisableLearningFunctions\":false,\"Visibility\":0,\"ParentIds\":null,\"ChildIds\":[5,8],\"DeleteChangeId\":null,\"DeletedName\":null}',1,2,7,51,'2025-06-17 19:06:22'),(56,5,'{\"PageRelations\":null,\"ImageWasUpdated\":false,\"Name\":\"ContentCreator Subtopic 4-1\",\"Description\":null,\"PageMardkown\":null,\"Content\":null,\"CustomSegments\":null,\"WikipediaURL\":null,\"DisableLearningFunctions\":false,\"Visibility\":0,\"ParentIds\":[4],\"ChildIds\":[6,7],\"DeleteChangeId\":null,\"DeletedName\":null}',1,2,7,51,'2025-06-17 19:06:22'),(57,6,'{\"PageRelations\":null,\"ImageWasUpdated\":false,\"Name\":\"ContentCreator Subtopic 5-1\",\"Description\":null,\"PageMardkown\":null,\"Content\":null,\"CustomSegments\":null,\"WikipediaURL\":null,\"DisableLearningFunctions\":false,\"Visibility\":0,\"ParentIds\":[5],\"ChildIds\":null,\"DeleteChangeId\":null,\"DeletedName\":null}',1,2,7,51,'2025-06-17 19:06:22'),(58,7,'{\"PageRelations\":null,\"ImageWasUpdated\":false,\"Name\":\"ContentCreator Subtopic 5-2\",\"Description\":null,\"PageMardkown\":null,\"Content\":null,\"CustomSegments\":null,\"WikipediaURL\":null,\"DisableLearningFunctions\":false,\"Visibility\":0,\"ParentIds\":[5],\"ChildIds\":null,\"DeleteChangeId\":null,\"DeletedName\":null}',1,2,7,51,'2025-06-17 19:06:22'),(59,8,'{\"PageRelations\":null,\"ImageWasUpdated\":false,\"Name\":\"ContentCreator Subtopic 4-2\",\"Description\":null,\"PageMardkown\":null,\"Content\":null,\"CustomSegments\":null,\"WikipediaURL\":null,\"DisableLearningFunctions\":false,\"Visibility\":0,\"ParentIds\":[4],\"ChildIds\":null,\"DeleteChangeId\":null,\"DeletedName\":null}',1,2,7,51,'2025-06-17 19:06:22'),(60,9,'{\"PageRelations\":null,\"ImageWasUpdated\":false,\"Name\":\"ContentCreator Subtopic 8-1\",\"Description\":null,\"PageMardkown\":null,\"Content\":null,\"CustomSegments\":null,\"WikipediaURL\":null,\"DisableLearningFunctions\":false,\"Visibility\":0,\"ParentIds\":null,\"ChildIds\":null,\"DeleteChangeId\":null,\"DeletedName\":null}',1,2,0,3,'2025-06-17 19:06:22'),(61,9,'{\"PageRelations\":null,\"ImageWasUpdated\":false,\"Name\":\"ContentCreator Subtopic 8-1\",\"Description\":null,\"PageMardkown\":null,\"Content\":null,\"CustomSegments\":null,\"WikipediaURL\":null,\"DisableLearningFunctions\":false,\"Visibility\":0,\"ParentIds\":[8],\"ChildIds\":null,\"DeleteChangeId\":null,\"DeletedName\":null}',1,2,7,1,'2025-06-17 19:06:22'),(62,8,'{\"PageRelations\":null,\"ImageWasUpdated\":false,\"Name\":\"ContentCreator Subtopic 4-2\",\"Description\":null,\"PageMardkown\":null,\"Content\":null,\"CustomSegments\":null,\"WikipediaURL\":null,\"DisableLearningFunctions\":false,\"Visibility\":0,\"ParentIds\":[4],\"ChildIds\":[9],\"DeleteChangeId\":null,\"DeletedName\":null}',1,2,7,1,'2025-06-17 19:06:22'),(63,1,'{\"PageRelations\":null,\"ImageWasUpdated\":false,\"Name\":\"LearningUser Topic 1\",\"Description\":null,\"PageMardkown\":null,\"Content\":null,\"CustomSegments\":null,\"WikipediaURL\":null,\"DisableLearningFunctions\":false,\"Visibility\":0,\"ParentIds\":null,\"ChildIds\":[2],\"DeleteChangeId\":null,\"DeletedName\":null}',1,2,7,50,'2025-06-17 19:06:22'),(64,2,'{\"PageRelations\":null,\"ImageWasUpdated\":false,\"Name\":\"LearningUser Subtopic 1-1\",\"Description\":null,\"PageMardkown\":null,\"Content\":null,\"CustomSegments\":null,\"WikipediaURL\":null,\"DisableLearningFunctions\":false,\"Visibility\":0,\"ParentIds\":[1],\"ChildIds\":[3],\"DeleteChangeId\":null,\"DeletedName\":null}',1,2,7,50,'2025-06-17 19:06:22'),(65,3,'{\"PageRelations\":null,\"ImageWasUpdated\":false,\"Name\":\"LearningUser Subtopic 2-1\",\"Description\":null,\"PageMardkown\":null,\"Content\":null,\"CustomSegments\":null,\"WikipediaURL\":null,\"DisableLearningFunctions\":false,\"Visibility\":0,\"ParentIds\":[2],\"ChildIds\":null,\"DeleteChangeId\":null,\"DeletedName\":null}',1,2,7,50,'2025-06-17 19:06:22'),(66,4,'{\"PageRelations\":null,\"ImageWasUpdated\":false,\"Name\":\"ContentCreator Topic 1\",\"Description\":null,\"PageMardkown\":null,\"Content\":null,\"CustomSegments\":null,\"WikipediaURL\":null,\"DisableLearningFunctions\":false,\"Visibility\":0,\"ParentIds\":null,\"ChildIds\":[5,8],\"DeleteChangeId\":null,\"DeletedName\":null}',1,2,7,51,'2025-06-17 19:06:22'),(67,5,'{\"PageRelations\":null,\"ImageWasUpdated\":false,\"Name\":\"ContentCreator Subtopic 4-1\",\"Description\":null,\"PageMardkown\":null,\"Content\":null,\"CustomSegments\":null,\"WikipediaURL\":null,\"DisableLearningFunctions\":false,\"Visibility\":0,\"ParentIds\":[4],\"ChildIds\":[6,7],\"DeleteChangeId\":null,\"DeletedName\":null}',1,2,7,51,'2025-06-17 19:06:22'),(68,6,'{\"PageRelations\":null,\"ImageWasUpdated\":false,\"Name\":\"ContentCreator Subtopic 5-1\",\"Description\":null,\"PageMardkown\":null,\"Content\":null,\"CustomSegments\":null,\"WikipediaURL\":null,\"DisableLearningFunctions\":false,\"Visibility\":0,\"ParentIds\":[5],\"ChildIds\":null,\"DeleteChangeId\":null,\"DeletedName\":null}',1,2,7,51,'2025-06-17 19:06:22'),(69,7,'{\"PageRelations\":null,\"ImageWasUpdated\":false,\"Name\":\"ContentCreator Subtopic 5-2\",\"Description\":null,\"PageMardkown\":null,\"Content\":null,\"CustomSegments\":null,\"WikipediaURL\":null,\"DisableLearningFunctions\":false,\"Visibility\":0,\"ParentIds\":[5],\"ChildIds\":null,\"DeleteChangeId\":null,\"DeletedName\":null}',1,2,7,51,'2025-06-17 19:06:22'),(70,8,'{\"PageRelations\":null,\"ImageWasUpdated\":false,\"Name\":\"ContentCreator Subtopic 4-2\",\"Description\":null,\"PageMardkown\":null,\"Content\":null,\"CustomSegments\":null,\"WikipediaURL\":null,\"DisableLearningFunctions\":false,\"Visibility\":0,\"ParentIds\":[4],\"ChildIds\":[9],\"DeleteChangeId\":null,\"DeletedName\":null}',1,2,7,51,'2025-06-17 19:06:22'),(71,9,'{\"PageRelations\":null,\"ImageWasUpdated\":false,\"Name\":\"ContentCreator Subtopic 8-1\",\"Description\":null,\"PageMardkown\":null,\"Content\":null,\"CustomSegments\":null,\"WikipediaURL\":null,\"DisableLearningFunctions\":false,\"Visibility\":0,\"ParentIds\":[8],\"ChildIds\":null,\"DeleteChangeId\":null,\"DeletedName\":null}',1,2,7,51,'2025-06-17 19:06:22'),(72,10,'{\"PageRelations\":null,\"ImageWasUpdated\":false,\"Name\":\"ContentCreator Subtopic 8-2\",\"Description\":null,\"PageMardkown\":null,\"Content\":null,\"CustomSegments\":null,\"WikipediaURL\":null,\"DisableLearningFunctions\":false,\"Visibility\":0,\"ParentIds\":null,\"ChildIds\":null,\"DeleteChangeId\":null,\"DeletedName\":null}',1,2,0,3,'2025-06-17 19:06:22'),(73,10,'{\"PageRelations\":null,\"ImageWasUpdated\":false,\"Name\":\"ContentCreator Subtopic 8-2\",\"Description\":null,\"PageMardkown\":null,\"Content\":null,\"CustomSegments\":null,\"WikipediaURL\":null,\"DisableLearningFunctions\":false,\"Visibility\":0,\"ParentIds\":[8],\"ChildIds\":null,\"DeleteChangeId\":null,\"DeletedName\":null}',1,2,7,1,'2025-06-17 19:06:22'),(74,8,'{\"PageRelations\":null,\"ImageWasUpdated\":false,\"Name\":\"ContentCreator Subtopic 4-2\",\"Description\":null,\"PageMardkown\":null,\"Content\":null,\"CustomSegments\":null,\"WikipediaURL\":null,\"DisableLearningFunctions\":false,\"Visibility\":0,\"ParentIds\":[4],\"ChildIds\":[9,10],\"DeleteChangeId\":null,\"DeletedName\":null}',1,2,7,1,'2025-06-17 19:06:22'),(75,1,'{\"PageRelations\":null,\"ImageWasUpdated\":false,\"Name\":\"LearningUser Topic 1\",\"Description\":null,\"PageMardkown\":null,\"Content\":null,\"CustomSegments\":null,\"WikipediaURL\":null,\"DisableLearningFunctions\":false,\"Visibility\":0,\"ParentIds\":null,\"ChildIds\":[2],\"DeleteChangeId\":null,\"DeletedName\":null}',1,2,7,50,'2025-06-17 19:06:22'),(76,2,'{\"PageRelations\":null,\"ImageWasUpdated\":false,\"Name\":\"LearningUser Subtopic 1-1\",\"Description\":null,\"PageMardkown\":null,\"Content\":null,\"CustomSegments\":null,\"WikipediaURL\":null,\"DisableLearningFunctions\":false,\"Visibility\":0,\"ParentIds\":[1],\"ChildIds\":[3],\"DeleteChangeId\":null,\"DeletedName\":null}',1,2,7,50,'2025-06-17 19:06:22'),(77,3,'{\"PageRelations\":null,\"ImageWasUpdated\":false,\"Name\":\"LearningUser Subtopic 2-1\",\"Description\":null,\"PageMardkown\":null,\"Content\":null,\"CustomSegments\":null,\"WikipediaURL\":null,\"DisableLearningFunctions\":false,\"Visibility\":0,\"ParentIds\":[2],\"ChildIds\":null,\"DeleteChangeId\":null,\"DeletedName\":null}',1,2,7,50,'2025-06-17 19:06:22'),(78,4,'{\"PageRelations\":null,\"ImageWasUpdated\":false,\"Name\":\"ContentCreator Topic 1\",\"Description\":null,\"PageMardkown\":null,\"Content\":null,\"CustomSegments\":null,\"WikipediaURL\":null,\"DisableLearningFunctions\":false,\"Visibility\":0,\"ParentIds\":null,\"ChildIds\":[5,8],\"DeleteChangeId\":null,\"DeletedName\":null}',1,2,7,51,'2025-06-17 19:06:22'),(79,5,'{\"PageRelations\":null,\"ImageWasUpdated\":false,\"Name\":\"ContentCreator Subtopic 4-1\",\"Description\":null,\"PageMardkown\":null,\"Content\":null,\"CustomSegments\":null,\"WikipediaURL\":null,\"DisableLearningFunctions\":false,\"Visibility\":0,\"ParentIds\":[4],\"ChildIds\":[6,7],\"DeleteChangeId\":null,\"DeletedName\":null}',1,2,7,51,'2025-06-17 19:06:22'),(80,6,'{\"PageRelations\":null,\"ImageWasUpdated\":false,\"Name\":\"ContentCreator Subtopic 5-1\",\"Description\":null,\"PageMardkown\":null,\"Content\":null,\"CustomSegments\":null,\"WikipediaURL\":null,\"DisableLearningFunctions\":false,\"Visibility\":0,\"ParentIds\":[5],\"ChildIds\":null,\"DeleteChangeId\":null,\"DeletedName\":null}',1,2,7,51,'2025-06-17 19:06:22'),(81,7,'{\"PageRelations\":null,\"ImageWasUpdated\":false,\"Name\":\"ContentCreator Subtopic 5-2\",\"Description\":null,\"PageMardkown\":null,\"Content\":null,\"CustomSegments\":null,\"WikipediaURL\":null,\"DisableLearningFunctions\":false,\"Visibility\":0,\"ParentIds\":[5],\"ChildIds\":null,\"DeleteChangeId\":null,\"DeletedName\":null}',1,2,7,51,'2025-06-17 19:06:22'),(82,8,'{\"PageRelations\":null,\"ImageWasUpdated\":false,\"Name\":\"ContentCreator Subtopic 4-2\",\"Description\":null,\"PageMardkown\":null,\"Content\":null,\"CustomSegments\":null,\"WikipediaURL\":null,\"DisableLearningFunctions\":false,\"Visibility\":0,\"ParentIds\":[4],\"ChildIds\":[9,10],\"DeleteChangeId\":null,\"DeletedName\":null}',1,2,7,51,'2025-06-17 19:06:22'),(83,9,'{\"PageRelations\":null,\"ImageWasUpdated\":false,\"Name\":\"ContentCreator Subtopic 8-1\",\"Description\":null,\"PageMardkown\":null,\"Content\":null,\"CustomSegments\":null,\"WikipediaURL\":null,\"DisableLearningFunctions\":false,\"Visibility\":0,\"ParentIds\":[8],\"ChildIds\":null,\"DeleteChangeId\":null,\"DeletedName\":null}',1,2,7,51,'2025-06-17 19:06:22'),(84,10,'{\"PageRelations\":null,\"ImageWasUpdated\":false,\"Name\":\"ContentCreator Subtopic 8-2\",\"Description\":null,\"PageMardkown\":null,\"Content\":null,\"CustomSegments\":null,\"WikipediaURL\":null,\"DisableLearningFunctions\":false,\"Visibility\":0,\"ParentIds\":[8],\"ChildIds\":null,\"DeleteChangeId\":null,\"DeletedName\":null}',1,2,7,51,'2025-06-17 19:06:22'),(85,11,'{\"PageRelations\":null,\"ImageWasUpdated\":false,\"Name\":\"ContentCreator Subtopic 8-3\",\"Description\":null,\"PageMardkown\":null,\"Content\":null,\"CustomSegments\":null,\"WikipediaURL\":null,\"DisableLearningFunctions\":false,\"Visibility\":0,\"ParentIds\":null,\"ChildIds\":null,\"DeleteChangeId\":null,\"DeletedName\":null}',1,2,0,3,'2025-06-17 19:06:22'),(86,11,'{\"PageRelations\":null,\"ImageWasUpdated\":false,\"Name\":\"ContentCreator Subtopic 8-3\",\"Description\":null,\"PageMardkown\":null,\"Content\":null,\"CustomSegments\":null,\"WikipediaURL\":null,\"DisableLearningFunctions\":false,\"Visibility\":0,\"ParentIds\":[8],\"ChildIds\":null,\"DeleteChangeId\":null,\"DeletedName\":null}',1,2,7,1,'2025-06-17 19:06:22'),(87,8,'{\"PageRelations\":null,\"ImageWasUpdated\":false,\"Name\":\"ContentCreator Subtopic 4-2\",\"Description\":null,\"PageMardkown\":null,\"Content\":null,\"CustomSegments\":null,\"WikipediaURL\":null,\"DisableLearningFunctions\":false,\"Visibility\":0,\"ParentIds\":[4],\"ChildIds\":[9,10,11],\"DeleteChangeId\":null,\"DeletedName\":null}',1,2,7,1,'2025-06-17 19:06:22'),(88,1,'{\"PageRelations\":null,\"ImageWasUpdated\":false,\"Name\":\"LearningUser Topic 1\",\"Description\":null,\"PageMardkown\":null,\"Content\":null,\"CustomSegments\":null,\"WikipediaURL\":null,\"DisableLearningFunctions\":false,\"Visibility\":0,\"ParentIds\":null,\"ChildIds\":[2],\"DeleteChangeId\":null,\"DeletedName\":null}',1,2,7,50,'2025-06-17 19:06:22'),(89,2,'{\"PageRelations\":null,\"ImageWasUpdated\":false,\"Name\":\"LearningUser Subtopic 1-1\",\"Description\":null,\"PageMardkown\":null,\"Content\":null,\"CustomSegments\":null,\"WikipediaURL\":null,\"DisableLearningFunctions\":false,\"Visibility\":0,\"ParentIds\":[1],\"ChildIds\":[3],\"DeleteChangeId\":null,\"DeletedName\":null}',1,2,7,50,'2025-06-17 19:06:22'),(90,3,'{\"PageRelations\":null,\"ImageWasUpdated\":false,\"Name\":\"LearningUser Subtopic 2-1\",\"Description\":null,\"PageMardkown\":null,\"Content\":null,\"CustomSegments\":null,\"WikipediaURL\":null,\"DisableLearningFunctions\":false,\"Visibility\":0,\"ParentIds\":[2],\"ChildIds\":null,\"DeleteChangeId\":null,\"DeletedName\":null}',1,2,7,50,'2025-06-17 19:06:22'),(91,4,'{\"PageRelations\":null,\"ImageWasUpdated\":false,\"Name\":\"ContentCreator Topic 1\",\"Description\":null,\"PageMardkown\":null,\"Content\":null,\"CustomSegments\":null,\"WikipediaURL\":null,\"DisableLearningFunctions\":false,\"Visibility\":0,\"ParentIds\":null,\"ChildIds\":[5,8],\"DeleteChangeId\":null,\"DeletedName\":null}',1,2,7,51,'2025-06-17 19:06:22'),(92,5,'{\"PageRelations\":null,\"ImageWasUpdated\":false,\"Name\":\"ContentCreator Subtopic 4-1\",\"Description\":null,\"PageMardkown\":null,\"Content\":null,\"CustomSegments\":null,\"WikipediaURL\":null,\"DisableLearningFunctions\":false,\"Visibility\":0,\"ParentIds\":[4],\"ChildIds\":[6,7],\"DeleteChangeId\":null,\"DeletedName\":null}',1,2,7,51,'2025-06-17 19:06:22'),(93,6,'{\"PageRelations\":null,\"ImageWasUpdated\":false,\"Name\":\"ContentCreator Subtopic 5-1\",\"Description\":null,\"PageMardkown\":null,\"Content\":null,\"CustomSegments\":null,\"WikipediaURL\":null,\"DisableLearningFunctions\":false,\"Visibility\":0,\"ParentIds\":[5],\"ChildIds\":null,\"DeleteChangeId\":null,\"DeletedName\":null}',1,2,7,51,'2025-06-17 19:06:22'),(94,7,'{\"PageRelations\":null,\"ImageWasUpdated\":false,\"Name\":\"ContentCreator Subtopic 5-2\",\"Description\":null,\"PageMardkown\":null,\"Content\":null,\"CustomSegments\":null,\"WikipediaURL\":null,\"DisableLearningFunctions\":false,\"Visibility\":0,\"ParentIds\":[5],\"ChildIds\":null,\"DeleteChangeId\":null,\"DeletedName\":null}',1,2,7,51,'2025-06-17 19:06:22'),(95,8,'{\"PageRelations\":null,\"ImageWasUpdated\":false,\"Name\":\"ContentCreator Subtopic 4-2\",\"Description\":null,\"PageMardkown\":null,\"Content\":null,\"CustomSegments\":null,\"WikipediaURL\":null,\"DisableLearningFunctions\":false,\"Visibility\":0,\"ParentIds\":[4],\"ChildIds\":[9,10,11],\"DeleteChangeId\":null,\"DeletedName\":null}',1,2,7,51,'2025-06-17 19:06:22'),(96,9,'{\"PageRelations\":null,\"ImageWasUpdated\":false,\"Name\":\"ContentCreator Subtopic 8-1\",\"Description\":null,\"PageMardkown\":null,\"Content\":null,\"CustomSegments\":null,\"WikipediaURL\":null,\"DisableLearningFunctions\":false,\"Visibility\":0,\"ParentIds\":[8],\"ChildIds\":null,\"DeleteChangeId\":null,\"DeletedName\":null}',1,2,7,51,'2025-06-17 19:06:22'),(97,10,'{\"PageRelations\":null,\"ImageWasUpdated\":false,\"Name\":\"ContentCreator Subtopic 8-2\",\"Description\":null,\"PageMardkown\":null,\"Content\":null,\"CustomSegments\":null,\"WikipediaURL\":null,\"DisableLearningFunctions\":false,\"Visibility\":0,\"ParentIds\":[8],\"ChildIds\":null,\"DeleteChangeId\":null,\"DeletedName\":null}',1,2,7,51,'2025-06-17 19:06:23'),(98,11,'{\"PageRelations\":null,\"ImageWasUpdated\":false,\"Name\":\"ContentCreator Subtopic 8-3\",\"Description\":null,\"PageMardkown\":null,\"Content\":null,\"CustomSegments\":null,\"WikipediaURL\":null,\"DisableLearningFunctions\":false,\"Visibility\":0,\"ParentIds\":[8],\"ChildIds\":null,\"DeleteChangeId\":null,\"DeletedName\":null}',1,2,7,51,'2025-06-17 19:06:23'),(99,12,'{\"PageRelations\":null,\"ImageWasUpdated\":false,\"Name\":\"ContentCreator Subtopic 4-3\",\"Description\":null,\"PageMardkown\":null,\"Content\":null,\"CustomSegments\":null,\"WikipediaURL\":null,\"DisableLearningFunctions\":false,\"Visibility\":0,\"ParentIds\":null,\"ChildIds\":null,\"DeleteChangeId\":null,\"DeletedName\":null}',1,2,0,3,'2025-06-17 19:06:23'),(100,12,'{\"PageRelations\":null,\"ImageWasUpdated\":false,\"Name\":\"ContentCreator Subtopic 4-3\",\"Description\":null,\"PageMardkown\":null,\"Content\":null,\"CustomSegments\":null,\"WikipediaURL\":null,\"DisableLearningFunctions\":false,\"Visibility\":0,\"ParentIds\":[4],\"ChildIds\":null,\"DeleteChangeId\":null,\"DeletedName\":null}',1,2,7,1,'2025-06-17 19:06:23'),(101,4,'{\"PageRelations\":null,\"ImageWasUpdated\":false,\"Name\":\"ContentCreator Topic 1\",\"Description\":null,\"PageMardkown\":null,\"Content\":null,\"CustomSegments\":null,\"WikipediaURL\":null,\"DisableLearningFunctions\":false,\"Visibility\":0,\"ParentIds\":null,\"ChildIds\":[5,8,12],\"DeleteChangeId\":null,\"DeletedName\":null}',1,2,7,1,'2025-06-17 19:06:23'),(102,1,'{\"PageRelations\":null,\"ImageWasUpdated\":false,\"Name\":\"LearningUser Topic 1\",\"Description\":null,\"PageMardkown\":null,\"Content\":null,\"CustomSegments\":null,\"WikipediaURL\":null,\"DisableLearningFunctions\":false,\"Visibility\":0,\"ParentIds\":null,\"ChildIds\":[2],\"DeleteChangeId\":null,\"DeletedName\":null}',1,2,7,50,'2025-06-17 19:06:23'),(103,2,'{\"PageRelations\":null,\"ImageWasUpdated\":false,\"Name\":\"LearningUser Subtopic 1-1\",\"Description\":null,\"PageMardkown\":null,\"Content\":null,\"CustomSegments\":null,\"WikipediaURL\":null,\"DisableLearningFunctions\":false,\"Visibility\":0,\"ParentIds\":[1],\"ChildIds\":[3],\"DeleteChangeId\":null,\"DeletedName\":null}',1,2,7,50,'2025-06-17 19:06:23'),(104,3,'{\"PageRelations\":null,\"ImageWasUpdated\":false,\"Name\":\"LearningUser Subtopic 2-1\",\"Description\":null,\"PageMardkown\":null,\"Content\":null,\"CustomSegments\":null,\"WikipediaURL\":null,\"DisableLearningFunctions\":false,\"Visibility\":0,\"ParentIds\":[2],\"ChildIds\":null,\"DeleteChangeId\":null,\"DeletedName\":null}',1,2,7,50,'2025-06-17 19:06:23'),(105,4,'{\"PageRelations\":null,\"ImageWasUpdated\":false,\"Name\":\"ContentCreator Topic 1\",\"Description\":null,\"PageMardkown\":null,\"Content\":null,\"CustomSegments\":null,\"WikipediaURL\":null,\"DisableLearningFunctions\":false,\"Visibility\":0,\"ParentIds\":null,\"ChildIds\":[5,8,12],\"DeleteChangeId\":null,\"DeletedName\":null}',1,2,7,51,'2025-06-17 19:06:23'),(106,5,'{\"PageRelations\":null,\"ImageWasUpdated\":false,\"Name\":\"ContentCreator Subtopic 4-1\",\"Description\":null,\"PageMardkown\":null,\"Content\":null,\"CustomSegments\":null,\"WikipediaURL\":null,\"DisableLearningFunctions\":false,\"Visibility\":0,\"ParentIds\":[4],\"ChildIds\":[6,7],\"DeleteChangeId\":null,\"DeletedName\":null}',1,2,7,51,'2025-06-17 19:06:23'),(107,6,'{\"PageRelations\":null,\"ImageWasUpdated\":false,\"Name\":\"ContentCreator Subtopic 5-1\",\"Description\":null,\"PageMardkown\":null,\"Content\":null,\"CustomSegments\":null,\"WikipediaURL\":null,\"DisableLearningFunctions\":false,\"Visibility\":0,\"ParentIds\":[5],\"ChildIds\":null,\"DeleteChangeId\":null,\"DeletedName\":null}',1,2,7,51,'2025-06-17 19:06:23'),(108,7,'{\"PageRelations\":null,\"ImageWasUpdated\":false,\"Name\":\"ContentCreator Subtopic 5-2\",\"Description\":null,\"PageMardkown\":null,\"Content\":null,\"CustomSegments\":null,\"WikipediaURL\":null,\"DisableLearningFunctions\":false,\"Visibility\":0,\"ParentIds\":[5],\"ChildIds\":null,\"DeleteChangeId\":null,\"DeletedName\":null}',1,2,7,51,'2025-06-17 19:06:23'),(109,8,'{\"PageRelations\":null,\"ImageWasUpdated\":false,\"Name\":\"ContentCreator Subtopic 4-2\",\"Description\":null,\"PageMardkown\":null,\"Content\":null,\"CustomSegments\":null,\"WikipediaURL\":null,\"DisableLearningFunctions\":false,\"Visibility\":0,\"ParentIds\":[4],\"ChildIds\":[9,10,11],\"DeleteChangeId\":null,\"DeletedName\":null}',1,2,7,51,'2025-06-17 19:06:23'),(110,9,'{\"PageRelations\":null,\"ImageWasUpdated\":false,\"Name\":\"ContentCreator Subtopic 8-1\",\"Description\":null,\"PageMardkown\":null,\"Content\":null,\"CustomSegments\":null,\"WikipediaURL\":null,\"DisableLearningFunctions\":false,\"Visibility\":0,\"ParentIds\":[8],\"ChildIds\":null,\"DeleteChangeId\":null,\"DeletedName\":null}',1,2,7,51,'2025-06-17 19:06:23'),(111,10,'{\"PageRelations\":null,\"ImageWasUpdated\":false,\"Name\":\"ContentCreator Subtopic 8-2\",\"Description\":null,\"PageMardkown\":null,\"Content\":null,\"CustomSegments\":null,\"WikipediaURL\":null,\"DisableLearningFunctions\":false,\"Visibility\":0,\"ParentIds\":[8],\"ChildIds\":null,\"DeleteChangeId\":null,\"DeletedName\":null}',1,2,7,51,'2025-06-17 19:06:23'),(112,11,'{\"PageRelations\":null,\"ImageWasUpdated\":false,\"Name\":\"ContentCreator Subtopic 8-3\",\"Description\":null,\"PageMardkown\":null,\"Content\":null,\"CustomSegments\":null,\"WikipediaURL\":null,\"DisableLearningFunctions\":false,\"Visibility\":0,\"ParentIds\":[8],\"ChildIds\":null,\"DeleteChangeId\":null,\"DeletedName\":null}',1,2,7,51,'2025-06-17 19:06:23'),(113,12,'{\"PageRelations\":null,\"ImageWasUpdated\":false,\"Name\":\"ContentCreator Subtopic 4-3\",\"Description\":null,\"PageMardkown\":null,\"Content\":null,\"CustomSegments\":null,\"WikipediaURL\":null,\"DisableLearningFunctions\":false,\"Visibility\":0,\"ParentIds\":[4],\"ChildIds\":null,\"DeleteChangeId\":null,\"DeletedName\":null}',1,2,7,51,'2025-06-17 19:06:23'),(114,13,'{\"PageRelations\":null,\"ImageWasUpdated\":false,\"Name\":\"ContentCreator Subtopic 12-1\",\"Description\":null,\"PageMardkown\":null,\"Content\":null,\"CustomSegments\":null,\"WikipediaURL\":null,\"DisableLearningFunctions\":false,\"Visibility\":0,\"ParentIds\":null,\"ChildIds\":null,\"DeleteChangeId\":null,\"DeletedName\":null}',1,2,0,3,'2025-06-17 19:06:23'),(115,13,'{\"PageRelations\":null,\"ImageWasUpdated\":false,\"Name\":\"ContentCreator Subtopic 12-1\",\"Description\":null,\"PageMardkown\":null,\"Content\":null,\"CustomSegments\":null,\"WikipediaURL\":null,\"DisableLearningFunctions\":false,\"Visibility\":0,\"ParentIds\":[12],\"ChildIds\":null,\"DeleteChangeId\":null,\"DeletedName\":null}',1,2,7,1,'2025-06-17 19:06:23'),(116,12,'{\"PageRelations\":null,\"ImageWasUpdated\":false,\"Name\":\"ContentCreator Subtopic 4-3\",\"Description\":null,\"PageMardkown\":null,\"Content\":null,\"CustomSegments\":null,\"WikipediaURL\":null,\"DisableLearningFunctions\":false,\"Visibility\":0,\"ParentIds\":[4],\"ChildIds\":[13],\"DeleteChangeId\":null,\"DeletedName\":null}',1,2,7,1,'2025-06-17 19:06:23'),(117,1,'{\"PageRelations\":null,\"ImageWasUpdated\":false,\"Name\":\"LearningUser Topic 1\",\"Description\":null,\"PageMardkown\":null,\"Content\":null,\"CustomSegments\":null,\"WikipediaURL\":null,\"DisableLearningFunctions\":false,\"Visibility\":0,\"ParentIds\":null,\"ChildIds\":[2],\"DeleteChangeId\":null,\"DeletedName\":null}',1,2,7,50,'2025-06-17 19:06:23'),(118,2,'{\"PageRelations\":null,\"ImageWasUpdated\":false,\"Name\":\"LearningUser Subtopic 1-1\",\"Description\":null,\"PageMardkown\":null,\"Content\":null,\"CustomSegments\":null,\"WikipediaURL\":null,\"DisableLearningFunctions\":false,\"Visibility\":0,\"ParentIds\":[1],\"ChildIds\":[3],\"DeleteChangeId\":null,\"DeletedName\":null}',1,2,7,50,'2025-06-17 19:06:23'),(119,3,'{\"PageRelations\":null,\"ImageWasUpdated\":false,\"Name\":\"LearningUser Subtopic 2-1\",\"Description\":null,\"PageMardkown\":null,\"Content\":null,\"CustomSegments\":null,\"WikipediaURL\":null,\"DisableLearningFunctions\":false,\"Visibility\":0,\"ParentIds\":[2],\"ChildIds\":null,\"DeleteChangeId\":null,\"DeletedName\":null}',1,2,7,50,'2025-06-17 19:06:23'),(120,4,'{\"PageRelations\":null,\"ImageWasUpdated\":false,\"Name\":\"ContentCreator Topic 1\",\"Description\":null,\"PageMardkown\":null,\"Content\":null,\"CustomSegments\":null,\"WikipediaURL\":null,\"DisableLearningFunctions\":false,\"Visibility\":0,\"ParentIds\":null,\"ChildIds\":[5,8,12],\"DeleteChangeId\":null,\"DeletedName\":null}',1,2,7,51,'2025-06-17 19:06:23'),(121,5,'{\"PageRelations\":null,\"ImageWasUpdated\":false,\"Name\":\"ContentCreator Subtopic 4-1\",\"Description\":null,\"PageMardkown\":null,\"Content\":null,\"CustomSegments\":null,\"WikipediaURL\":null,\"DisableLearningFunctions\":false,\"Visibility\":0,\"ParentIds\":[4],\"ChildIds\":[6,7],\"DeleteChangeId\":null,\"DeletedName\":null}',1,2,7,51,'2025-06-17 19:06:23'),(122,6,'{\"PageRelations\":null,\"ImageWasUpdated\":false,\"Name\":\"ContentCreator Subtopic 5-1\",\"Description\":null,\"PageMardkown\":null,\"Content\":null,\"CustomSegments\":null,\"WikipediaURL\":null,\"DisableLearningFunctions\":false,\"Visibility\":0,\"ParentIds\":[5],\"ChildIds\":null,\"DeleteChangeId\":null,\"DeletedName\":null}',1,2,7,51,'2025-06-17 19:06:23'),(123,7,'{\"PageRelations\":null,\"ImageWasUpdated\":false,\"Name\":\"ContentCreator Subtopic 5-2\",\"Description\":null,\"PageMardkown\":null,\"Content\":null,\"CustomSegments\":null,\"WikipediaURL\":null,\"DisableLearningFunctions\":false,\"Visibility\":0,\"ParentIds\":[5],\"ChildIds\":null,\"DeleteChangeId\":null,\"DeletedName\":null}',1,2,7,51,'2025-06-17 19:06:23'),(124,8,'{\"PageRelations\":null,\"ImageWasUpdated\":false,\"Name\":\"ContentCreator Subtopic 4-2\",\"Description\":null,\"PageMardkown\":null,\"Content\":null,\"CustomSegments\":null,\"WikipediaURL\":null,\"DisableLearningFunctions\":false,\"Visibility\":0,\"ParentIds\":[4],\"ChildIds\":[9,10,11],\"DeleteChangeId\":null,\"DeletedName\":null}',1,2,7,51,'2025-06-17 19:06:23'),(125,9,'{\"PageRelations\":null,\"ImageWasUpdated\":false,\"Name\":\"ContentCreator Subtopic 8-1\",\"Description\":null,\"PageMardkown\":null,\"Content\":null,\"CustomSegments\":null,\"WikipediaURL\":null,\"DisableLearningFunctions\":false,\"Visibility\":0,\"ParentIds\":[8],\"ChildIds\":null,\"DeleteChangeId\":null,\"DeletedName\":null}',1,2,7,51,'2025-06-17 19:06:23'),(126,10,'{\"PageRelations\":null,\"ImageWasUpdated\":false,\"Name\":\"ContentCreator Subtopic 8-2\",\"Description\":null,\"PageMardkown\":null,\"Content\":null,\"CustomSegments\":null,\"WikipediaURL\":null,\"DisableLearningFunctions\":false,\"Visibility\":0,\"ParentIds\":[8],\"ChildIds\":null,\"DeleteChangeId\":null,\"DeletedName\":null}',1,2,7,51,'2025-06-17 19:06:23'),(127,11,'{\"PageRelations\":null,\"ImageWasUpdated\":false,\"Name\":\"ContentCreator Subtopic 8-3\",\"Description\":null,\"PageMardkown\":null,\"Content\":null,\"CustomSegments\":null,\"WikipediaURL\":null,\"DisableLearningFunctions\":false,\"Visibility\":0,\"ParentIds\":[8],\"ChildIds\":null,\"DeleteChangeId\":null,\"DeletedName\":null}',1,2,7,51,'2025-06-17 19:06:23'),(128,12,'{\"PageRelations\":null,\"ImageWasUpdated\":false,\"Name\":\"ContentCreator Subtopic 4-3\",\"Description\":null,\"PageMardkown\":null,\"Content\":null,\"CustomSegments\":null,\"WikipediaURL\":null,\"DisableLearningFunctions\":false,\"Visibility\":0,\"ParentIds\":[4],\"ChildIds\":[13],\"DeleteChangeId\":null,\"DeletedName\":null}',1,2,7,51,'2025-06-17 19:06:23'),(129,13,'{\"PageRelations\":null,\"ImageWasUpdated\":false,\"Name\":\"ContentCreator Subtopic 12-1\",\"Description\":null,\"PageMardkown\":null,\"Content\":null,\"CustomSegments\":null,\"WikipediaURL\":null,\"DisableLearningFunctions\":false,\"Visibility\":0,\"ParentIds\":[12],\"ChildIds\":null,\"DeleteChangeId\":null,\"DeletedName\":null}',1,2,7,51,'2025-06-17 19:06:23'),(130,14,'{\"PageRelations\":null,\"ImageWasUpdated\":false,\"Name\":\"ContentCreator Subtopic 12-2\",\"Description\":null,\"PageMardkown\":null,\"Content\":null,\"CustomSegments\":null,\"WikipediaURL\":null,\"DisableLearningFunctions\":false,\"Visibility\":0,\"ParentIds\":null,\"ChildIds\":null,\"DeleteChangeId\":null,\"DeletedName\":null}',1,2,0,3,'2025-06-17 19:06:23'),(131,14,'{\"PageRelations\":null,\"ImageWasUpdated\":false,\"Name\":\"ContentCreator Subtopic 12-2\",\"Description\":null,\"PageMardkown\":null,\"Content\":null,\"CustomSegments\":null,\"WikipediaURL\":null,\"DisableLearningFunctions\":false,\"Visibility\":0,\"ParentIds\":[12],\"ChildIds\":null,\"DeleteChangeId\":null,\"DeletedName\":null}',1,2,7,1,'2025-06-17 19:06:23'),(132,12,'{\"PageRelations\":null,\"ImageWasUpdated\":false,\"Name\":\"ContentCreator Subtopic 4-3\",\"Description\":null,\"PageMardkown\":null,\"Content\":null,\"CustomSegments\":null,\"WikipediaURL\":null,\"DisableLearningFunctions\":false,\"Visibility\":0,\"ParentIds\":[4],\"ChildIds\":[13,14],\"DeleteChangeId\":null,\"DeletedName\":null}',1,2,7,1,'2025-06-17 19:06:23'),(133,1,'{\"PageRelations\":null,\"ImageWasUpdated\":false,\"Name\":\"LearningUser Topic 1\",\"Description\":null,\"PageMardkown\":null,\"Content\":null,\"CustomSegments\":null,\"WikipediaURL\":null,\"DisableLearningFunctions\":false,\"Visibility\":0,\"ParentIds\":null,\"ChildIds\":[2],\"DeleteChangeId\":null,\"DeletedName\":null}',1,2,7,50,'2025-06-17 19:06:23'),(134,2,'{\"PageRelations\":null,\"ImageWasUpdated\":false,\"Name\":\"LearningUser Subtopic 1-1\",\"Description\":null,\"PageMardkown\":null,\"Content\":null,\"CustomSegments\":null,\"WikipediaURL\":null,\"DisableLearningFunctions\":false,\"Visibility\":0,\"ParentIds\":[1],\"ChildIds\":[3],\"DeleteChangeId\":null,\"DeletedName\":null}',1,2,7,50,'2025-06-17 19:06:23'),(135,3,'{\"PageRelations\":null,\"ImageWasUpdated\":false,\"Name\":\"LearningUser Subtopic 2-1\",\"Description\":null,\"PageMardkown\":null,\"Content\":null,\"CustomSegments\":null,\"WikipediaURL\":null,\"DisableLearningFunctions\":false,\"Visibility\":0,\"ParentIds\":[2],\"ChildIds\":null,\"DeleteChangeId\":null,\"DeletedName\":null}',1,2,7,50,'2025-06-17 19:06:23'),(136,4,'{\"PageRelations\":null,\"ImageWasUpdated\":false,\"Name\":\"ContentCreator Topic 1\",\"Description\":null,\"PageMardkown\":null,\"Content\":null,\"CustomSegments\":null,\"WikipediaURL\":null,\"DisableLearningFunctions\":false,\"Visibility\":0,\"ParentIds\":null,\"ChildIds\":[5,8,12],\"DeleteChangeId\":null,\"DeletedName\":null}',1,2,7,51,'2025-06-17 19:06:23'),(137,5,'{\"PageRelations\":null,\"ImageWasUpdated\":false,\"Name\":\"ContentCreator Subtopic 4-1\",\"Description\":null,\"PageMardkown\":null,\"Content\":null,\"CustomSegments\":null,\"WikipediaURL\":null,\"DisableLearningFunctions\":false,\"Visibility\":0,\"ParentIds\":[4],\"ChildIds\":[6,7],\"DeleteChangeId\":null,\"DeletedName\":null}',1,2,7,51,'2025-06-17 19:06:23'),(138,6,'{\"PageRelations\":null,\"ImageWasUpdated\":false,\"Name\":\"ContentCreator Subtopic 5-1\",\"Description\":null,\"PageMardkown\":null,\"Content\":null,\"CustomSegments\":null,\"WikipediaURL\":null,\"DisableLearningFunctions\":false,\"Visibility\":0,\"ParentIds\":[5],\"ChildIds\":null,\"DeleteChangeId\":null,\"DeletedName\":null}',1,2,7,51,'2025-06-17 19:06:24'),(139,7,'{\"PageRelations\":null,\"ImageWasUpdated\":false,\"Name\":\"ContentCreator Subtopic 5-2\",\"Description\":null,\"PageMardkown\":null,\"Content\":null,\"CustomSegments\":null,\"WikipediaURL\":null,\"DisableLearningFunctions\":false,\"Visibility\":0,\"ParentIds\":[5],\"ChildIds\":null,\"DeleteChangeId\":null,\"DeletedName\":null}',1,2,7,51,'2025-06-17 19:06:24'),(140,8,'{\"PageRelations\":null,\"ImageWasUpdated\":false,\"Name\":\"ContentCreator Subtopic 4-2\",\"Description\":null,\"PageMardkown\":null,\"Content\":null,\"CustomSegments\":null,\"WikipediaURL\":null,\"DisableLearningFunctions\":false,\"Visibility\":0,\"ParentIds\":[4],\"ChildIds\":[9,10,11],\"DeleteChangeId\":null,\"DeletedName\":null}',1,2,7,51,'2025-06-17 19:06:24'),(141,9,'{\"PageRelations\":null,\"ImageWasUpdated\":false,\"Name\":\"ContentCreator Subtopic 8-1\",\"Description\":null,\"PageMardkown\":null,\"Content\":null,\"CustomSegments\":null,\"WikipediaURL\":null,\"DisableLearningFunctions\":false,\"Visibility\":0,\"ParentIds\":[8],\"ChildIds\":null,\"DeleteChangeId\":null,\"DeletedName\":null}',1,2,7,51,'2025-06-17 19:06:24'),(142,10,'{\"PageRelations\":null,\"ImageWasUpdated\":false,\"Name\":\"ContentCreator Subtopic 8-2\",\"Description\":null,\"PageMardkown\":null,\"Content\":null,\"CustomSegments\":null,\"WikipediaURL\":null,\"DisableLearningFunctions\":false,\"Visibility\":0,\"ParentIds\":[8],\"ChildIds\":null,\"DeleteChangeId\":null,\"DeletedName\":null}',1,2,7,51,'2025-06-17 19:06:24'),(143,11,'{\"PageRelations\":null,\"ImageWasUpdated\":false,\"Name\":\"ContentCreator Subtopic 8-3\",\"Description\":null,\"PageMardkown\":null,\"Content\":null,\"CustomSegments\":null,\"WikipediaURL\":null,\"DisableLearningFunctions\":false,\"Visibility\":0,\"ParentIds\":[8],\"ChildIds\":null,\"DeleteChangeId\":null,\"DeletedName\":null}',1,2,7,51,'2025-06-17 19:06:24'),(144,12,'{\"PageRelations\":null,\"ImageWasUpdated\":false,\"Name\":\"ContentCreator Subtopic 4-3\",\"Description\":null,\"PageMardkown\":null,\"Content\":null,\"CustomSegments\":null,\"WikipediaURL\":null,\"DisableLearningFunctions\":false,\"Visibility\":0,\"ParentIds\":[4],\"ChildIds\":[13,14],\"DeleteChangeId\":null,\"DeletedName\":null}',1,2,7,51,'2025-06-17 19:06:24'),(145,13,'{\"PageRelations\":null,\"ImageWasUpdated\":false,\"Name\":\"ContentCreator Subtopic 12-1\",\"Description\":null,\"PageMardkown\":null,\"Content\":null,\"CustomSegments\":null,\"WikipediaURL\":null,\"DisableLearningFunctions\":false,\"Visibility\":0,\"ParentIds\":[12],\"ChildIds\":null,\"DeleteChangeId\":null,\"DeletedName\":null}',1,2,7,51,'2025-06-17 19:06:24'),(146,14,'{\"PageRelations\":null,\"ImageWasUpdated\":false,\"Name\":\"ContentCreator Subtopic 12-2\",\"Description\":null,\"PageMardkown\":null,\"Content\":null,\"CustomSegments\":null,\"WikipediaURL\":null,\"DisableLearningFunctions\":false,\"Visibility\":0,\"ParentIds\":[12],\"ChildIds\":null,\"DeleteChangeId\":null,\"DeletedName\":null}',1,2,7,51,'2025-06-17 19:06:24'),(147,15,'{\"PageRelations\":null,\"ImageWasUpdated\":false,\"Name\":\"ContentCreator Subtopic 12-3\",\"Description\":null,\"PageMardkown\":null,\"Content\":null,\"CustomSegments\":null,\"WikipediaURL\":null,\"DisableLearningFunctions\":false,\"Visibility\":0,\"ParentIds\":null,\"ChildIds\":null,\"DeleteChangeId\":null,\"DeletedName\":null}',1,2,0,3,'2025-06-17 19:06:24'),(148,15,'{\"PageRelations\":null,\"ImageWasUpdated\":false,\"Name\":\"ContentCreator Subtopic 12-3\",\"Description\":null,\"PageMardkown\":null,\"Content\":null,\"CustomSegments\":null,\"WikipediaURL\":null,\"DisableLearningFunctions\":false,\"Visibility\":0,\"ParentIds\":[12],\"ChildIds\":null,\"DeleteChangeId\":null,\"DeletedName\":null}',1,2,7,1,'2025-06-17 19:06:24'),(149,12,'{\"PageRelations\":null,\"ImageWasUpdated\":false,\"Name\":\"ContentCreator Subtopic 4-3\",\"Description\":null,\"PageMardkown\":null,\"Content\":null,\"CustomSegments\":null,\"WikipediaURL\":null,\"DisableLearningFunctions\":false,\"Visibility\":0,\"ParentIds\":[4],\"ChildIds\":[13,14,15],\"DeleteChangeId\":null,\"DeletedName\":null}',1,2,7,1,'2025-06-17 19:06:24'),(150,1,'{\"PageRelations\":null,\"ImageWasUpdated\":false,\"Name\":\"LearningUser Topic 1\",\"Description\":null,\"PageMardkown\":null,\"Content\":null,\"CustomSegments\":null,\"WikipediaURL\":null,\"DisableLearningFunctions\":false,\"Visibility\":0,\"ParentIds\":null,\"ChildIds\":[2],\"DeleteChangeId\":null,\"DeletedName\":null}',1,2,7,50,'2025-06-17 19:06:24'),(151,2,'{\"PageRelations\":null,\"ImageWasUpdated\":false,\"Name\":\"LearningUser Subtopic 1-1\",\"Description\":null,\"PageMardkown\":null,\"Content\":null,\"CustomSegments\":null,\"WikipediaURL\":null,\"DisableLearningFunctions\":false,\"Visibility\":0,\"ParentIds\":[1],\"ChildIds\":[3],\"DeleteChangeId\":null,\"DeletedName\":null}',1,2,7,50,'2025-06-17 19:06:24'),(152,3,'{\"PageRelations\":null,\"ImageWasUpdated\":false,\"Name\":\"LearningUser Subtopic 2-1\",\"Description\":null,\"PageMardkown\":null,\"Content\":null,\"CustomSegments\":null,\"WikipediaURL\":null,\"DisableLearningFunctions\":false,\"Visibility\":0,\"ParentIds\":[2],\"ChildIds\":null,\"DeleteChangeId\":null,\"DeletedName\":null}',1,2,7,50,'2025-06-17 19:06:24'),(153,4,'{\"PageRelations\":null,\"ImageWasUpdated\":false,\"Name\":\"ContentCreator Topic 1\",\"Description\":null,\"PageMardkown\":null,\"Content\":null,\"CustomSegments\":null,\"WikipediaURL\":null,\"DisableLearningFunctions\":false,\"Visibility\":0,\"ParentIds\":null,\"ChildIds\":[5,8,12],\"DeleteChangeId\":null,\"DeletedName\":null}',1,2,7,51,'2025-06-17 19:06:24'),(154,5,'{\"PageRelations\":null,\"ImageWasUpdated\":false,\"Name\":\"ContentCreator Subtopic 4-1\",\"Description\":null,\"PageMardkown\":null,\"Content\":null,\"CustomSegments\":null,\"WikipediaURL\":null,\"DisableLearningFunctions\":false,\"Visibility\":0,\"ParentIds\":[4],\"ChildIds\":[6,7],\"DeleteChangeId\":null,\"DeletedName\":null}',1,2,7,51,'2025-06-17 19:06:24'),(155,6,'{\"PageRelations\":null,\"ImageWasUpdated\":false,\"Name\":\"ContentCreator Subtopic 5-1\",\"Description\":null,\"PageMardkown\":null,\"Content\":null,\"CustomSegments\":null,\"WikipediaURL\":null,\"DisableLearningFunctions\":false,\"Visibility\":0,\"ParentIds\":[5],\"ChildIds\":null,\"DeleteChangeId\":null,\"DeletedName\":null}',1,2,7,51,'2025-06-17 19:06:24'),(156,7,'{\"PageRelations\":null,\"ImageWasUpdated\":false,\"Name\":\"ContentCreator Subtopic 5-2\",\"Description\":null,\"PageMardkown\":null,\"Content\":null,\"CustomSegments\":null,\"WikipediaURL\":null,\"DisableLearningFunctions\":false,\"Visibility\":0,\"ParentIds\":[5],\"ChildIds\":null,\"DeleteChangeId\":null,\"DeletedName\":null}',1,2,7,51,'2025-06-17 19:06:24'),(157,8,'{\"PageRelations\":null,\"ImageWasUpdated\":false,\"Name\":\"ContentCreator Subtopic 4-2\",\"Description\":null,\"PageMardkown\":null,\"Content\":null,\"CustomSegments\":null,\"WikipediaURL\":null,\"DisableLearningFunctions\":false,\"Visibility\":0,\"ParentIds\":[4],\"ChildIds\":[9,10,11],\"DeleteChangeId\":null,\"DeletedName\":null}',1,2,7,51,'2025-06-17 19:06:24'),(158,9,'{\"PageRelations\":null,\"ImageWasUpdated\":false,\"Name\":\"ContentCreator Subtopic 8-1\",\"Description\":null,\"PageMardkown\":null,\"Content\":null,\"CustomSegments\":null,\"WikipediaURL\":null,\"DisableLearningFunctions\":false,\"Visibility\":0,\"ParentIds\":[8],\"ChildIds\":null,\"DeleteChangeId\":null,\"DeletedName\":null}',1,2,7,51,'2025-06-17 19:06:24'),(159,10,'{\"PageRelations\":null,\"ImageWasUpdated\":false,\"Name\":\"ContentCreator Subtopic 8-2\",\"Description\":null,\"PageMardkown\":null,\"Content\":null,\"CustomSegments\":null,\"WikipediaURL\":null,\"DisableLearningFunctions\":false,\"Visibility\":0,\"ParentIds\":[8],\"ChildIds\":null,\"DeleteChangeId\":null,\"DeletedName\":null}',1,2,7,51,'2025-06-17 19:06:24'),(160,11,'{\"PageRelations\":null,\"ImageWasUpdated\":false,\"Name\":\"ContentCreator Subtopic 8-3\",\"Description\":null,\"PageMardkown\":null,\"Content\":null,\"CustomSegments\":null,\"WikipediaURL\":null,\"DisableLearningFunctions\":false,\"Visibility\":0,\"ParentIds\":[8],\"ChildIds\":null,\"DeleteChangeId\":null,\"DeletedName\":null}',1,2,7,51,'2025-06-17 19:06:24'),(161,12,'{\"PageRelations\":null,\"ImageWasUpdated\":false,\"Name\":\"ContentCreator Subtopic 4-3\",\"Description\":null,\"PageMardkown\":null,\"Content\":null,\"CustomSegments\":null,\"WikipediaURL\":null,\"DisableLearningFunctions\":false,\"Visibility\":0,\"ParentIds\":[4],\"ChildIds\":[13,14,15],\"DeleteChangeId\":null,\"DeletedName\":null}',1,2,7,51,'2025-06-17 19:06:24'),(162,13,'{\"PageRelations\":null,\"ImageWasUpdated\":false,\"Name\":\"ContentCreator Subtopic 12-1\",\"Description\":null,\"PageMardkown\":null,\"Content\":null,\"CustomSegments\":null,\"WikipediaURL\":null,\"DisableLearningFunctions\":false,\"Visibility\":0,\"ParentIds\":[12],\"ChildIds\":null,\"DeleteChangeId\":null,\"DeletedName\":null}',1,2,7,51,'2025-06-17 19:06:24'),(163,14,'{\"PageRelations\":null,\"ImageWasUpdated\":false,\"Name\":\"ContentCreator Subtopic 12-2\",\"Description\":null,\"PageMardkown\":null,\"Content\":null,\"CustomSegments\":null,\"WikipediaURL\":null,\"DisableLearningFunctions\":false,\"Visibility\":0,\"ParentIds\":[12],\"ChildIds\":null,\"DeleteChangeId\":null,\"DeletedName\":null}',1,2,7,51,'2025-06-17 19:06:24'),(164,15,'{\"PageRelations\":null,\"ImageWasUpdated\":false,\"Name\":\"ContentCreator Subtopic 12-3\",\"Description\":null,\"PageMardkown\":null,\"Content\":null,\"CustomSegments\":null,\"WikipediaURL\":null,\"DisableLearningFunctions\":false,\"Visibility\":0,\"ParentIds\":[12],\"ChildIds\":null,\"DeleteChangeId\":null,\"DeletedName\":null}',1,2,7,51,'2025-06-17 19:06:24'),(165,16,'{\"PageRelations\":null,\"ImageWasUpdated\":false,\"Name\":\"ContentCreator Topic 2\",\"Description\":null,\"PageMardkown\":null,\"Content\":null,\"CustomSegments\":null,\"WikipediaURL\":null,\"DisableLearningFunctions\":false,\"Visibility\":0,\"ParentIds\":null,\"ChildIds\":null,\"DeleteChangeId\":null,\"DeletedName\":null}',1,2,0,3,'2025-06-17 19:06:24'),(166,1,'{\"PageRelations\":null,\"ImageWasUpdated\":false,\"Name\":\"LearningUser Topic 1\",\"Description\":null,\"PageMardkown\":null,\"Content\":null,\"CustomSegments\":null,\"WikipediaURL\":null,\"DisableLearningFunctions\":false,\"Visibility\":0,\"ParentIds\":null,\"ChildIds\":[2],\"DeleteChangeId\":null,\"DeletedName\":null}',1,2,7,50,'2025-06-17 19:06:24'),(167,2,'{\"PageRelations\":null,\"ImageWasUpdated\":false,\"Name\":\"LearningUser Subtopic 1-1\",\"Description\":null,\"PageMardkown\":null,\"Content\":null,\"CustomSegments\":null,\"WikipediaURL\":null,\"DisableLearningFunctions\":false,\"Visibility\":0,\"ParentIds\":[1],\"ChildIds\":[3],\"DeleteChangeId\":null,\"DeletedName\":null}',1,2,7,50,'2025-06-17 19:06:24'),(168,3,'{\"PageRelations\":null,\"ImageWasUpdated\":false,\"Name\":\"LearningUser Subtopic 2-1\",\"Description\":null,\"PageMardkown\":null,\"Content\":null,\"CustomSegments\":null,\"WikipediaURL\":null,\"DisableLearningFunctions\":false,\"Visibility\":0,\"ParentIds\":[2],\"ChildIds\":null,\"DeleteChangeId\":null,\"DeletedName\":null}',1,2,7,50,'2025-06-17 19:06:24'),(169,4,'{\"PageRelations\":null,\"ImageWasUpdated\":false,\"Name\":\"ContentCreator Topic 1\",\"Description\":null,\"PageMardkown\":null,\"Content\":null,\"CustomSegments\":null,\"WikipediaURL\":null,\"DisableLearningFunctions\":false,\"Visibility\":0,\"ParentIds\":null,\"ChildIds\":[5,8,12],\"DeleteChangeId\":null,\"DeletedName\":null}',1,2,7,51,'2025-06-17 19:06:24'),(170,5,'{\"PageRelations\":null,\"ImageWasUpdated\":false,\"Name\":\"ContentCreator Subtopic 4-1\",\"Description\":null,\"PageMardkown\":null,\"Content\":null,\"CustomSegments\":null,\"WikipediaURL\":null,\"DisableLearningFunctions\":false,\"Visibility\":0,\"ParentIds\":[4],\"ChildIds\":[6,7],\"DeleteChangeId\":null,\"DeletedName\":null}',1,2,7,51,'2025-06-17 19:06:24'),(171,6,'{\"PageRelations\":null,\"ImageWasUpdated\":false,\"Name\":\"ContentCreator Subtopic 5-1\",\"Description\":null,\"PageMardkown\":null,\"Content\":null,\"CustomSegments\":null,\"WikipediaURL\":null,\"DisableLearningFunctions\":false,\"Visibility\":0,\"ParentIds\":[5],\"ChildIds\":null,\"DeleteChangeId\":null,\"DeletedName\":null}',1,2,7,51,'2025-06-17 19:06:24'),(172,7,'{\"PageRelations\":null,\"ImageWasUpdated\":false,\"Name\":\"ContentCreator Subtopic 5-2\",\"Description\":null,\"PageMardkown\":null,\"Content\":null,\"CustomSegments\":null,\"WikipediaURL\":null,\"DisableLearningFunctions\":false,\"Visibility\":0,\"ParentIds\":[5],\"ChildIds\":null,\"DeleteChangeId\":null,\"DeletedName\":null}',1,2,7,51,'2025-06-17 19:06:24'),(173,8,'{\"PageRelations\":null,\"ImageWasUpdated\":false,\"Name\":\"ContentCreator Subtopic 4-2\",\"Description\":null,\"PageMardkown\":null,\"Content\":null,\"CustomSegments\":null,\"WikipediaURL\":null,\"DisableLearningFunctions\":false,\"Visibility\":0,\"ParentIds\":[4],\"ChildIds\":[9,10,11],\"DeleteChangeId\":null,\"DeletedName\":null}',1,2,7,51,'2025-06-17 19:06:24'),(174,9,'{\"PageRelations\":null,\"ImageWasUpdated\":false,\"Name\":\"ContentCreator Subtopic 8-1\",\"Description\":null,\"PageMardkown\":null,\"Content\":null,\"CustomSegments\":null,\"WikipediaURL\":null,\"DisableLearningFunctions\":false,\"Visibility\":0,\"ParentIds\":[8],\"ChildIds\":null,\"DeleteChangeId\":null,\"DeletedName\":null}',1,2,7,51,'2025-06-17 19:06:24'),(175,10,'{\"PageRelations\":null,\"ImageWasUpdated\":false,\"Name\":\"ContentCreator Subtopic 8-2\",\"Description\":null,\"PageMardkown\":null,\"Content\":null,\"CustomSegments\":null,\"WikipediaURL\":null,\"DisableLearningFunctions\":false,\"Visibility\":0,\"ParentIds\":[8],\"ChildIds\":null,\"DeleteChangeId\":null,\"DeletedName\":null}',1,2,7,51,'2025-06-17 19:06:24'),(176,11,'{\"PageRelations\":null,\"ImageWasUpdated\":false,\"Name\":\"ContentCreator Subtopic 8-3\",\"Description\":null,\"PageMardkown\":null,\"Content\":null,\"CustomSegments\":null,\"WikipediaURL\":null,\"DisableLearningFunctions\":false,\"Visibility\":0,\"ParentIds\":[8],\"ChildIds\":null,\"DeleteChangeId\":null,\"DeletedName\":null}',1,2,7,51,'2025-06-17 19:06:24'),(177,12,'{\"PageRelations\":null,\"ImageWasUpdated\":false,\"Name\":\"ContentCreator Subtopic 4-3\",\"Description\":null,\"PageMardkown\":null,\"Content\":null,\"CustomSegments\":null,\"WikipediaURL\":null,\"DisableLearningFunctions\":false,\"Visibility\":0,\"ParentIds\":[4],\"ChildIds\":[13,14,15],\"DeleteChangeId\":null,\"DeletedName\":null}',1,2,7,51,'2025-06-17 19:06:24'),(178,13,'{\"PageRelations\":null,\"ImageWasUpdated\":false,\"Name\":\"ContentCreator Subtopic 12-1\",\"Description\":null,\"PageMardkown\":null,\"Content\":null,\"CustomSegments\":null,\"WikipediaURL\":null,\"DisableLearningFunctions\":false,\"Visibility\":0,\"ParentIds\":[12],\"ChildIds\":null,\"DeleteChangeId\":null,\"DeletedName\":null}',1,2,7,51,'2025-06-17 19:06:24'),(179,14,'{\"PageRelations\":null,\"ImageWasUpdated\":false,\"Name\":\"ContentCreator Subtopic 12-2\",\"Description\":null,\"PageMardkown\":null,\"Content\":null,\"CustomSegments\":null,\"WikipediaURL\":null,\"DisableLearningFunctions\":false,\"Visibility\":0,\"ParentIds\":[12],\"ChildIds\":null,\"DeleteChangeId\":null,\"DeletedName\":null}',1,2,7,51,'2025-06-17 19:06:24'),(180,15,'{\"PageRelations\":null,\"ImageWasUpdated\":false,\"Name\":\"ContentCreator Subtopic 12-3\",\"Description\":null,\"PageMardkown\":null,\"Content\":null,\"CustomSegments\":null,\"WikipediaURL\":null,\"DisableLearningFunctions\":false,\"Visibility\":0,\"ParentIds\":[12],\"ChildIds\":null,\"DeleteChangeId\":null,\"DeletedName\":null}',1,2,7,51,'2025-06-17 19:06:25'),(181,16,'{\"PageRelations\":null,\"ImageWasUpdated\":false,\"Name\":\"ContentCreator Topic 2\",\"Description\":null,\"PageMardkown\":null,\"Content\":null,\"CustomSegments\":null,\"WikipediaURL\":null,\"DisableLearningFunctions\":false,\"Visibility\":0,\"ParentIds\":null,\"ChildIds\":null,\"DeleteChangeId\":null,\"DeletedName\":null}',1,2,7,51,'2025-06-17 19:06:25'),(182,17,'{\"PageRelations\":null,\"ImageWasUpdated\":false,\"Name\":\"ContentCreator Subtopic 16-1\",\"Description\":null,\"PageMardkown\":null,\"Content\":null,\"CustomSegments\":null,\"WikipediaURL\":null,\"DisableLearningFunctions\":false,\"Visibility\":0,\"ParentIds\":null,\"ChildIds\":null,\"DeleteChangeId\":null,\"DeletedName\":null}',1,2,0,3,'2025-06-17 19:06:25'),(183,17,'{\"PageRelations\":null,\"ImageWasUpdated\":false,\"Name\":\"ContentCreator Subtopic 16-1\",\"Description\":null,\"PageMardkown\":null,\"Content\":null,\"CustomSegments\":null,\"WikipediaURL\":null,\"DisableLearningFunctions\":false,\"Visibility\":0,\"ParentIds\":[16],\"ChildIds\":null,\"DeleteChangeId\":null,\"DeletedName\":null}',1,2,7,1,'2025-06-17 19:06:25'),(184,16,'{\"PageRelations\":null,\"ImageWasUpdated\":false,\"Name\":\"ContentCreator Topic 2\",\"Description\":null,\"PageMardkown\":null,\"Content\":null,\"CustomSegments\":null,\"WikipediaURL\":null,\"DisableLearningFunctions\":false,\"Visibility\":0,\"ParentIds\":null,\"ChildIds\":[17],\"DeleteChangeId\":null,\"DeletedName\":null}',1,2,7,1,'2025-06-17 19:06:25'),(185,1,'{\"PageRelations\":null,\"ImageWasUpdated\":false,\"Name\":\"LearningUser Topic 1\",\"Description\":null,\"PageMardkown\":null,\"Content\":null,\"CustomSegments\":null,\"WikipediaURL\":null,\"DisableLearningFunctions\":false,\"Visibility\":0,\"ParentIds\":null,\"ChildIds\":[2],\"DeleteChangeId\":null,\"DeletedName\":null}',1,2,7,50,'2025-06-17 19:06:25'),(186,2,'{\"PageRelations\":null,\"ImageWasUpdated\":false,\"Name\":\"LearningUser Subtopic 1-1\",\"Description\":null,\"PageMardkown\":null,\"Content\":null,\"CustomSegments\":null,\"WikipediaURL\":null,\"DisableLearningFunctions\":false,\"Visibility\":0,\"ParentIds\":[1],\"ChildIds\":[3],\"DeleteChangeId\":null,\"DeletedName\":null}',1,2,7,50,'2025-06-17 19:06:25'),(187,3,'{\"PageRelations\":null,\"ImageWasUpdated\":false,\"Name\":\"LearningUser Subtopic 2-1\",\"Description\":null,\"PageMardkown\":null,\"Content\":null,\"CustomSegments\":null,\"WikipediaURL\":null,\"DisableLearningFunctions\":false,\"Visibility\":0,\"ParentIds\":[2],\"ChildIds\":null,\"DeleteChangeId\":null,\"DeletedName\":null}',1,2,7,50,'2025-06-17 19:06:25'),(188,4,'{\"PageRelations\":null,\"ImageWasUpdated\":false,\"Name\":\"ContentCreator Topic 1\",\"Description\":null,\"PageMardkown\":null,\"Content\":null,\"CustomSegments\":null,\"WikipediaURL\":null,\"DisableLearningFunctions\":false,\"Visibility\":0,\"ParentIds\":null,\"ChildIds\":[5,8,12],\"DeleteChangeId\":null,\"DeletedName\":null}',1,2,7,51,'2025-06-17 19:06:25'),(189,5,'{\"PageRelations\":null,\"ImageWasUpdated\":false,\"Name\":\"ContentCreator Subtopic 4-1\",\"Description\":null,\"PageMardkown\":null,\"Content\":null,\"CustomSegments\":null,\"WikipediaURL\":null,\"DisableLearningFunctions\":false,\"Visibility\":0,\"ParentIds\":[4],\"ChildIds\":[6,7],\"DeleteChangeId\":null,\"DeletedName\":null}',1,2,7,51,'2025-06-17 19:06:25'),(190,6,'{\"PageRelations\":null,\"ImageWasUpdated\":false,\"Name\":\"ContentCreator Subtopic 5-1\",\"Description\":null,\"PageMardkown\":null,\"Content\":null,\"CustomSegments\":null,\"WikipediaURL\":null,\"DisableLearningFunctions\":false,\"Visibility\":0,\"ParentIds\":[5],\"ChildIds\":null,\"DeleteChangeId\":null,\"DeletedName\":null}',1,2,7,51,'2025-06-17 19:06:25'),(191,7,'{\"PageRelations\":null,\"ImageWasUpdated\":false,\"Name\":\"ContentCreator Subtopic 5-2\",\"Description\":null,\"PageMardkown\":null,\"Content\":null,\"CustomSegments\":null,\"WikipediaURL\":null,\"DisableLearningFunctions\":false,\"Visibility\":0,\"ParentIds\":[5],\"ChildIds\":null,\"DeleteChangeId\":null,\"DeletedName\":null}',1,2,7,51,'2025-06-17 19:06:25'),(192,8,'{\"PageRelations\":null,\"ImageWasUpdated\":false,\"Name\":\"ContentCreator Subtopic 4-2\",\"Description\":null,\"PageMardkown\":null,\"Content\":null,\"CustomSegments\":null,\"WikipediaURL\":null,\"DisableLearningFunctions\":false,\"Visibility\":0,\"ParentIds\":[4],\"ChildIds\":[9,10,11],\"DeleteChangeId\":null,\"DeletedName\":null}',1,2,7,51,'2025-06-17 19:06:25'),(193,9,'{\"PageRelations\":null,\"ImageWasUpdated\":false,\"Name\":\"ContentCreator Subtopic 8-1\",\"Description\":null,\"PageMardkown\":null,\"Content\":null,\"CustomSegments\":null,\"WikipediaURL\":null,\"DisableLearningFunctions\":false,\"Visibility\":0,\"ParentIds\":[8],\"ChildIds\":null,\"DeleteChangeId\":null,\"DeletedName\":null}',1,2,7,51,'2025-06-17 19:06:25'),(194,10,'{\"PageRelations\":null,\"ImageWasUpdated\":false,\"Name\":\"ContentCreator Subtopic 8-2\",\"Description\":null,\"PageMardkown\":null,\"Content\":null,\"CustomSegments\":null,\"WikipediaURL\":null,\"DisableLearningFunctions\":false,\"Visibility\":0,\"ParentIds\":[8],\"ChildIds\":null,\"DeleteChangeId\":null,\"DeletedName\":null}',1,2,7,51,'2025-06-17 19:06:25'),(195,11,'{\"PageRelations\":null,\"ImageWasUpdated\":false,\"Name\":\"ContentCreator Subtopic 8-3\",\"Description\":null,\"PageMardkown\":null,\"Content\":null,\"CustomSegments\":null,\"WikipediaURL\":null,\"DisableLearningFunctions\":false,\"Visibility\":0,\"ParentIds\":[8],\"ChildIds\":null,\"DeleteChangeId\":null,\"DeletedName\":null}',1,2,7,51,'2025-06-17 19:06:25'),(196,12,'{\"PageRelations\":null,\"ImageWasUpdated\":false,\"Name\":\"ContentCreator Subtopic 4-3\",\"Description\":null,\"PageMardkown\":null,\"Content\":null,\"CustomSegments\":null,\"WikipediaURL\":null,\"DisableLearningFunctions\":false,\"Visibility\":0,\"ParentIds\":[4],\"ChildIds\":[13,14,15],\"DeleteChangeId\":null,\"DeletedName\":null}',1,2,7,51,'2025-06-17 19:06:25'),(197,13,'{\"PageRelations\":null,\"ImageWasUpdated\":false,\"Name\":\"ContentCreator Subtopic 12-1\",\"Description\":null,\"PageMardkown\":null,\"Content\":null,\"CustomSegments\":null,\"WikipediaURL\":null,\"DisableLearningFunctions\":false,\"Visibility\":0,\"ParentIds\":[12],\"ChildIds\":null,\"DeleteChangeId\":null,\"DeletedName\":null}',1,2,7,51,'2025-06-17 19:06:25'),(198,14,'{\"PageRelations\":null,\"ImageWasUpdated\":false,\"Name\":\"ContentCreator Subtopic 12-2\",\"Description\":null,\"PageMardkown\":null,\"Content\":null,\"CustomSegments\":null,\"WikipediaURL\":null,\"DisableLearningFunctions\":false,\"Visibility\":0,\"ParentIds\":[12],\"ChildIds\":null,\"DeleteChangeId\":null,\"DeletedName\":null}',1,2,7,51,'2025-06-17 19:06:25'),(199,15,'{\"PageRelations\":null,\"ImageWasUpdated\":false,\"Name\":\"ContentCreator Subtopic 12-3\",\"Description\":null,\"PageMardkown\":null,\"Content\":null,\"CustomSegments\":null,\"WikipediaURL\":null,\"DisableLearningFunctions\":false,\"Visibility\":0,\"ParentIds\":[12],\"ChildIds\":null,\"DeleteChangeId\":null,\"DeletedName\":null}',1,2,7,51,'2025-06-17 19:06:25'),(200,16,'{\"PageRelations\":null,\"ImageWasUpdated\":false,\"Name\":\"ContentCreator Topic 2\",\"Description\":null,\"PageMardkown\":null,\"Content\":null,\"CustomSegments\":null,\"WikipediaURL\":null,\"DisableLearningFunctions\":false,\"Visibility\":0,\"ParentIds\":null,\"ChildIds\":[17],\"DeleteChangeId\":null,\"DeletedName\":null}',1,2,7,51,'2025-06-17 19:06:25'),(201,17,'{\"PageRelations\":null,\"ImageWasUpdated\":false,\"Name\":\"ContentCreator Subtopic 16-1\",\"Description\":null,\"PageMardkown\":null,\"Content\":null,\"CustomSegments\":null,\"WikipediaURL\":null,\"DisableLearningFunctions\":false,\"Visibility\":0,\"ParentIds\":[16],\"ChildIds\":null,\"DeleteChangeId\":null,\"DeletedName\":null}',1,2,7,51,'2025-06-17 19:06:25'),(202,18,'{\"PageRelations\":null,\"ImageWasUpdated\":false,\"Name\":\"ContentCreator Subtopic 17-1\",\"Description\":null,\"PageMardkown\":null,\"Content\":null,\"CustomSegments\":null,\"WikipediaURL\":null,\"DisableLearningFunctions\":false,\"Visibility\":0,\"ParentIds\":null,\"ChildIds\":null,\"DeleteChangeId\":null,\"DeletedName\":null}',1,2,0,3,'2025-06-17 19:06:25'),(203,18,'{\"PageRelations\":null,\"ImageWasUpdated\":false,\"Name\":\"ContentCreator Subtopic 17-1\",\"Description\":null,\"PageMardkown\":null,\"Content\":null,\"CustomSegments\":null,\"WikipediaURL\":null,\"DisableLearningFunctions\":false,\"Visibility\":0,\"ParentIds\":[17],\"ChildIds\":null,\"DeleteChangeId\":null,\"DeletedName\":null}',1,2,7,1,'2025-06-17 19:06:25'),(204,17,'{\"PageRelations\":null,\"ImageWasUpdated\":false,\"Name\":\"ContentCreator Subtopic 16-1\",\"Description\":null,\"PageMardkown\":null,\"Content\":null,\"CustomSegments\":null,\"WikipediaURL\":null,\"DisableLearningFunctions\":false,\"Visibility\":0,\"ParentIds\":[16],\"ChildIds\":[18],\"DeleteChangeId\":null,\"DeletedName\":null}',1,2,7,1,'2025-06-17 19:06:25'),(205,1,'{\"PageRelations\":null,\"ImageWasUpdated\":false,\"Name\":\"LearningUser Topic 1\",\"Description\":null,\"PageMardkown\":null,\"Content\":null,\"CustomSegments\":null,\"WikipediaURL\":null,\"DisableLearningFunctions\":false,\"Visibility\":0,\"ParentIds\":null,\"ChildIds\":[2],\"DeleteChangeId\":null,\"DeletedName\":null}',1,2,7,50,'2025-06-17 19:06:25'),(206,2,'{\"PageRelations\":null,\"ImageWasUpdated\":false,\"Name\":\"LearningUser Subtopic 1-1\",\"Description\":null,\"PageMardkown\":null,\"Content\":null,\"CustomSegments\":null,\"WikipediaURL\":null,\"DisableLearningFunctions\":false,\"Visibility\":0,\"ParentIds\":[1],\"ChildIds\":[3],\"DeleteChangeId\":null,\"DeletedName\":null}',1,2,7,50,'2025-06-17 19:06:25'),(207,3,'{\"PageRelations\":null,\"ImageWasUpdated\":false,\"Name\":\"LearningUser Subtopic 2-1\",\"Description\":null,\"PageMardkown\":null,\"Content\":null,\"CustomSegments\":null,\"WikipediaURL\":null,\"DisableLearningFunctions\":false,\"Visibility\":0,\"ParentIds\":[2],\"ChildIds\":null,\"DeleteChangeId\":null,\"DeletedName\":null}',1,2,7,50,'2025-06-17 19:06:25'),(208,4,'{\"PageRelations\":null,\"ImageWasUpdated\":false,\"Name\":\"ContentCreator Topic 1\",\"Description\":null,\"PageMardkown\":null,\"Content\":null,\"CustomSegments\":null,\"WikipediaURL\":null,\"DisableLearningFunctions\":false,\"Visibility\":0,\"ParentIds\":null,\"ChildIds\":[5,8,12],\"DeleteChangeId\":null,\"DeletedName\":null}',1,2,7,51,'2025-06-17 19:06:25'),(209,5,'{\"PageRelations\":null,\"ImageWasUpdated\":false,\"Name\":\"ContentCreator Subtopic 4-1\",\"Description\":null,\"PageMardkown\":null,\"Content\":null,\"CustomSegments\":null,\"WikipediaURL\":null,\"DisableLearningFunctions\":false,\"Visibility\":0,\"ParentIds\":[4],\"ChildIds\":[6,7],\"DeleteChangeId\":null,\"DeletedName\":null}',1,2,7,51,'2025-06-17 19:06:25'),(210,6,'{\"PageRelations\":null,\"ImageWasUpdated\":false,\"Name\":\"ContentCreator Subtopic 5-1\",\"Description\":null,\"PageMardkown\":null,\"Content\":null,\"CustomSegments\":null,\"WikipediaURL\":null,\"DisableLearningFunctions\":false,\"Visibility\":0,\"ParentIds\":[5],\"ChildIds\":null,\"DeleteChangeId\":null,\"DeletedName\":null}',1,2,7,51,'2025-06-17 19:06:25'),(211,7,'{\"PageRelations\":null,\"ImageWasUpdated\":false,\"Name\":\"ContentCreator Subtopic 5-2\",\"Description\":null,\"PageMardkown\":null,\"Content\":null,\"CustomSegments\":null,\"WikipediaURL\":null,\"DisableLearningFunctions\":false,\"Visibility\":0,\"ParentIds\":[5],\"ChildIds\":null,\"DeleteChangeId\":null,\"DeletedName\":null}',1,2,7,51,'2025-06-17 19:06:25'),(212,8,'{\"PageRelations\":null,\"ImageWasUpdated\":false,\"Name\":\"ContentCreator Subtopic 4-2\",\"Description\":null,\"PageMardkown\":null,\"Content\":null,\"CustomSegments\":null,\"WikipediaURL\":null,\"DisableLearningFunctions\":false,\"Visibility\":0,\"ParentIds\":[4],\"ChildIds\":[9,10,11],\"DeleteChangeId\":null,\"DeletedName\":null}',1,2,7,51,'2025-06-17 19:06:25'),(213,9,'{\"PageRelations\":null,\"ImageWasUpdated\":false,\"Name\":\"ContentCreator Subtopic 8-1\",\"Description\":null,\"PageMardkown\":null,\"Content\":null,\"CustomSegments\":null,\"WikipediaURL\":null,\"DisableLearningFunctions\":false,\"Visibility\":0,\"ParentIds\":[8],\"ChildIds\":null,\"DeleteChangeId\":null,\"DeletedName\":null}',1,2,7,51,'2025-06-17 19:06:25'),(214,10,'{\"PageRelations\":null,\"ImageWasUpdated\":false,\"Name\":\"ContentCreator Subtopic 8-2\",\"Description\":null,\"PageMardkown\":null,\"Content\":null,\"CustomSegments\":null,\"WikipediaURL\":null,\"DisableLearningFunctions\":false,\"Visibility\":0,\"ParentIds\":[8],\"ChildIds\":null,\"DeleteChangeId\":null,\"DeletedName\":null}',1,2,7,51,'2025-06-17 19:06:25'),(215,11,'{\"PageRelations\":null,\"ImageWasUpdated\":false,\"Name\":\"ContentCreator Subtopic 8-3\",\"Description\":null,\"PageMardkown\":null,\"Content\":null,\"CustomSegments\":null,\"WikipediaURL\":null,\"DisableLearningFunctions\":false,\"Visibility\":0,\"ParentIds\":[8],\"ChildIds\":null,\"DeleteChangeId\":null,\"DeletedName\":null}',1,2,7,51,'2025-06-17 19:06:25'),(216,12,'{\"PageRelations\":null,\"ImageWasUpdated\":false,\"Name\":\"ContentCreator Subtopic 4-3\",\"Description\":null,\"PageMardkown\":null,\"Content\":null,\"CustomSegments\":null,\"WikipediaURL\":null,\"DisableLearningFunctions\":false,\"Visibility\":0,\"ParentIds\":[4],\"ChildIds\":[13,14,15],\"DeleteChangeId\":null,\"DeletedName\":null}',1,2,7,51,'2025-06-17 19:06:25'),(217,13,'{\"PageRelations\":null,\"ImageWasUpdated\":false,\"Name\":\"ContentCreator Subtopic 12-1\",\"Description\":null,\"PageMardkown\":null,\"Content\":null,\"CustomSegments\":null,\"WikipediaURL\":null,\"DisableLearningFunctions\":false,\"Visibility\":0,\"ParentIds\":[12],\"ChildIds\":null,\"DeleteChangeId\":null,\"DeletedName\":null}',1,2,7,51,'2025-06-17 19:06:25'),(218,14,'{\"PageRelations\":null,\"ImageWasUpdated\":false,\"Name\":\"ContentCreator Subtopic 12-2\",\"Description\":null,\"PageMardkown\":null,\"Content\":null,\"CustomSegments\":null,\"WikipediaURL\":null,\"DisableLearningFunctions\":false,\"Visibility\":0,\"ParentIds\":[12],\"ChildIds\":null,\"DeleteChangeId\":null,\"DeletedName\":null}',1,2,7,51,'2025-06-17 19:06:25'),(219,15,'{\"PageRelations\":null,\"ImageWasUpdated\":false,\"Name\":\"ContentCreator Subtopic 12-3\",\"Description\":null,\"PageMardkown\":null,\"Content\":null,\"CustomSegments\":null,\"WikipediaURL\":null,\"DisableLearningFunctions\":false,\"Visibility\":0,\"ParentIds\":[12],\"ChildIds\":null,\"DeleteChangeId\":null,\"DeletedName\":null}',1,2,7,51,'2025-06-17 19:06:25'),(220,16,'{\"PageRelations\":null,\"ImageWasUpdated\":false,\"Name\":\"ContentCreator Topic 2\",\"Description\":null,\"PageMardkown\":null,\"Content\":null,\"CustomSegments\":null,\"WikipediaURL\":null,\"DisableLearningFunctions\":false,\"Visibility\":0,\"ParentIds\":null,\"ChildIds\":[17],\"DeleteChangeId\":null,\"DeletedName\":null}',1,2,7,51,'2025-06-17 19:06:25'),(221,17,'{\"PageRelations\":null,\"ImageWasUpdated\":false,\"Name\":\"ContentCreator Subtopic 16-1\",\"Description\":null,\"PageMardkown\":null,\"Content\":null,\"CustomSegments\":null,\"WikipediaURL\":null,\"DisableLearningFunctions\":false,\"Visibility\":0,\"ParentIds\":[16],\"ChildIds\":[18],\"DeleteChangeId\":null,\"DeletedName\":null}',1,2,7,51,'2025-06-17 19:06:26'),(222,18,'{\"PageRelations\":null,\"ImageWasUpdated\":false,\"Name\":\"ContentCreator Subtopic 17-1\",\"Description\":null,\"PageMardkown\":null,\"Content\":null,\"CustomSegments\":null,\"WikipediaURL\":null,\"DisableLearningFunctions\":false,\"Visibility\":0,\"ParentIds\":[17],\"ChildIds\":null,\"DeleteChangeId\":null,\"DeletedName\":null}',1,2,7,51,'2025-06-17 19:06:26'),(223,19,'{\"PageRelations\":null,\"ImageWasUpdated\":false,\"Name\":\"ContentCreator Subtopic 17-2\",\"Description\":null,\"PageMardkown\":null,\"Content\":null,\"CustomSegments\":null,\"WikipediaURL\":null,\"DisableLearningFunctions\":false,\"Visibility\":0,\"ParentIds\":null,\"ChildIds\":null,\"DeleteChangeId\":null,\"DeletedName\":null}',1,2,0,3,'2025-06-17 19:06:26'),(224,19,'{\"PageRelations\":null,\"ImageWasUpdated\":false,\"Name\":\"ContentCreator Subtopic 17-2\",\"Description\":null,\"PageMardkown\":null,\"Content\":null,\"CustomSegments\":null,\"WikipediaURL\":null,\"DisableLearningFunctions\":false,\"Visibility\":0,\"ParentIds\":[17],\"ChildIds\":null,\"DeleteChangeId\":null,\"DeletedName\":null}',1,2,7,1,'2025-06-17 19:06:26'),(225,17,'{\"PageRelations\":null,\"ImageWasUpdated\":false,\"Name\":\"ContentCreator Subtopic 16-1\",\"Description\":null,\"PageMardkown\":null,\"Content\":null,\"CustomSegments\":null,\"WikipediaURL\":null,\"DisableLearningFunctions\":false,\"Visibility\":0,\"ParentIds\":[16],\"ChildIds\":[18,19],\"DeleteChangeId\":null,\"DeletedName\":null}',1,2,7,1,'2025-06-17 19:06:26'),(226,1,'{\"PageRelations\":null,\"ImageWasUpdated\":false,\"Name\":\"LearningUser Topic 1\",\"Description\":null,\"PageMardkown\":null,\"Content\":null,\"CustomSegments\":null,\"WikipediaURL\":null,\"DisableLearningFunctions\":false,\"Visibility\":0,\"ParentIds\":null,\"ChildIds\":[2],\"DeleteChangeId\":null,\"DeletedName\":null}',1,2,7,50,'2025-06-17 19:06:26'),(227,2,'{\"PageRelations\":null,\"ImageWasUpdated\":false,\"Name\":\"LearningUser Subtopic 1-1\",\"Description\":null,\"PageMardkown\":null,\"Content\":null,\"CustomSegments\":null,\"WikipediaURL\":null,\"DisableLearningFunctions\":false,\"Visibility\":0,\"ParentIds\":[1],\"ChildIds\":[3],\"DeleteChangeId\":null,\"DeletedName\":null}',1,2,7,50,'2025-06-17 19:06:26'),(228,3,'{\"PageRelations\":null,\"ImageWasUpdated\":false,\"Name\":\"LearningUser Subtopic 2-1\",\"Description\":null,\"PageMardkown\":null,\"Content\":null,\"CustomSegments\":null,\"WikipediaURL\":null,\"DisableLearningFunctions\":false,\"Visibility\":0,\"ParentIds\":[2],\"ChildIds\":null,\"DeleteChangeId\":null,\"DeletedName\":null}',1,2,7,50,'2025-06-17 19:06:26'),(229,4,'{\"PageRelations\":null,\"ImageWasUpdated\":false,\"Name\":\"ContentCreator Topic 1\",\"Description\":null,\"PageMardkown\":null,\"Content\":null,\"CustomSegments\":null,\"WikipediaURL\":null,\"DisableLearningFunctions\":false,\"Visibility\":0,\"ParentIds\":null,\"ChildIds\":[5,8,12],\"DeleteChangeId\":null,\"DeletedName\":null}',1,2,7,51,'2025-06-17 19:06:26'),(230,5,'{\"PageRelations\":null,\"ImageWasUpdated\":false,\"Name\":\"ContentCreator Subtopic 4-1\",\"Description\":null,\"PageMardkown\":null,\"Content\":null,\"CustomSegments\":null,\"WikipediaURL\":null,\"DisableLearningFunctions\":false,\"Visibility\":0,\"ParentIds\":[4],\"ChildIds\":[6,7],\"DeleteChangeId\":null,\"DeletedName\":null}',1,2,7,51,'2025-06-17 19:06:26'),(231,6,'{\"PageRelations\":null,\"ImageWasUpdated\":false,\"Name\":\"ContentCreator Subtopic 5-1\",\"Description\":null,\"PageMardkown\":null,\"Content\":null,\"CustomSegments\":null,\"WikipediaURL\":null,\"DisableLearningFunctions\":false,\"Visibility\":0,\"ParentIds\":[5],\"ChildIds\":null,\"DeleteChangeId\":null,\"DeletedName\":null}',1,2,7,51,'2025-06-17 19:06:26'),(232,7,'{\"PageRelations\":null,\"ImageWasUpdated\":false,\"Name\":\"ContentCreator Subtopic 5-2\",\"Description\":null,\"PageMardkown\":null,\"Content\":null,\"CustomSegments\":null,\"WikipediaURL\":null,\"DisableLearningFunctions\":false,\"Visibility\":0,\"ParentIds\":[5],\"ChildIds\":null,\"DeleteChangeId\":null,\"DeletedName\":null}',1,2,7,51,'2025-06-17 19:06:26'),(233,8,'{\"PageRelations\":null,\"ImageWasUpdated\":false,\"Name\":\"ContentCreator Subtopic 4-2\",\"Description\":null,\"PageMardkown\":null,\"Content\":null,\"CustomSegments\":null,\"WikipediaURL\":null,\"DisableLearningFunctions\":false,\"Visibility\":0,\"ParentIds\":[4],\"ChildIds\":[9,10,11],\"DeleteChangeId\":null,\"DeletedName\":null}',1,2,7,51,'2025-06-17 19:06:26'),(234,9,'{\"PageRelations\":null,\"ImageWasUpdated\":false,\"Name\":\"ContentCreator Subtopic 8-1\",\"Description\":null,\"PageMardkown\":null,\"Content\":null,\"CustomSegments\":null,\"WikipediaURL\":null,\"DisableLearningFunctions\":false,\"Visibility\":0,\"ParentIds\":[8],\"ChildIds\":null,\"DeleteChangeId\":null,\"DeletedName\":null}',1,2,7,51,'2025-06-17 19:06:26'),(235,10,'{\"PageRelations\":null,\"ImageWasUpdated\":false,\"Name\":\"ContentCreator Subtopic 8-2\",\"Description\":null,\"PageMardkown\":null,\"Content\":null,\"CustomSegments\":null,\"WikipediaURL\":null,\"DisableLearningFunctions\":false,\"Visibility\":0,\"ParentIds\":[8],\"ChildIds\":null,\"DeleteChangeId\":null,\"DeletedName\":null}',1,2,7,51,'2025-06-17 19:06:26'),(236,11,'{\"PageRelations\":null,\"ImageWasUpdated\":false,\"Name\":\"ContentCreator Subtopic 8-3\",\"Description\":null,\"PageMardkown\":null,\"Content\":null,\"CustomSegments\":null,\"WikipediaURL\":null,\"DisableLearningFunctions\":false,\"Visibility\":0,\"ParentIds\":[8],\"ChildIds\":null,\"DeleteChangeId\":null,\"DeletedName\":null}',1,2,7,51,'2025-06-17 19:06:26'),(237,12,'{\"PageRelations\":null,\"ImageWasUpdated\":false,\"Name\":\"ContentCreator Subtopic 4-3\",\"Description\":null,\"PageMardkown\":null,\"Content\":null,\"CustomSegments\":null,\"WikipediaURL\":null,\"DisableLearningFunctions\":false,\"Visibility\":0,\"ParentIds\":[4],\"ChildIds\":[13,14,15],\"DeleteChangeId\":null,\"DeletedName\":null}',1,2,7,51,'2025-06-17 19:06:26'),(238,13,'{\"PageRelations\":null,\"ImageWasUpdated\":false,\"Name\":\"ContentCreator Subtopic 12-1\",\"Description\":null,\"PageMardkown\":null,\"Content\":null,\"CustomSegments\":null,\"WikipediaURL\":null,\"DisableLearningFunctions\":false,\"Visibility\":0,\"ParentIds\":[12],\"ChildIds\":null,\"DeleteChangeId\":null,\"DeletedName\":null}',1,2,7,51,'2025-06-17 19:06:26'),(239,14,'{\"PageRelations\":null,\"ImageWasUpdated\":false,\"Name\":\"ContentCreator Subtopic 12-2\",\"Description\":null,\"PageMardkown\":null,\"Content\":null,\"CustomSegments\":null,\"WikipediaURL\":null,\"DisableLearningFunctions\":false,\"Visibility\":0,\"ParentIds\":[12],\"ChildIds\":null,\"DeleteChangeId\":null,\"DeletedName\":null}',1,2,7,51,'2025-06-17 19:06:26'),(240,15,'{\"PageRelations\":null,\"ImageWasUpdated\":false,\"Name\":\"ContentCreator Subtopic 12-3\",\"Description\":null,\"PageMardkown\":null,\"Content\":null,\"CustomSegments\":null,\"WikipediaURL\":null,\"DisableLearningFunctions\":false,\"Visibility\":0,\"ParentIds\":[12],\"ChildIds\":null,\"DeleteChangeId\":null,\"DeletedName\":null}',1,2,7,51,'2025-06-17 19:06:26'),(241,16,'{\"PageRelations\":null,\"ImageWasUpdated\":false,\"Name\":\"ContentCreator Topic 2\",\"Description\":null,\"PageMardkown\":null,\"Content\":null,\"CustomSegments\":null,\"WikipediaURL\":null,\"DisableLearningFunctions\":false,\"Visibility\":0,\"ParentIds\":null,\"ChildIds\":[17],\"DeleteChangeId\":null,\"DeletedName\":null}',1,2,7,51,'2025-06-17 19:06:26'),(242,17,'{\"PageRelations\":null,\"ImageWasUpdated\":false,\"Name\":\"ContentCreator Subtopic 16-1\",\"Description\":null,\"PageMardkown\":null,\"Content\":null,\"CustomSegments\":null,\"WikipediaURL\":null,\"DisableLearningFunctions\":false,\"Visibility\":0,\"ParentIds\":[16],\"ChildIds\":[18,19],\"DeleteChangeId\":null,\"DeletedName\":null}',1,2,7,51,'2025-06-17 19:06:26'),(243,18,'{\"PageRelations\":null,\"ImageWasUpdated\":false,\"Name\":\"ContentCreator Subtopic 17-1\",\"Description\":null,\"PageMardkown\":null,\"Content\":null,\"CustomSegments\":null,\"WikipediaURL\":null,\"DisableLearningFunctions\":false,\"Visibility\":0,\"ParentIds\":[17],\"ChildIds\":null,\"DeleteChangeId\":null,\"DeletedName\":null}',1,2,7,51,'2025-06-17 19:06:26'),(244,19,'{\"PageRelations\":null,\"ImageWasUpdated\":false,\"Name\":\"ContentCreator Subtopic 17-2\",\"Description\":null,\"PageMardkown\":null,\"Content\":null,\"CustomSegments\":null,\"WikipediaURL\":null,\"DisableLearningFunctions\":false,\"Visibility\":0,\"ParentIds\":[17],\"ChildIds\":null,\"DeleteChangeId\":null,\"DeletedName\":null}',1,2,7,51,'2025-06-17 19:06:26'),(245,20,'{\"PageRelations\":null,\"ImageWasUpdated\":false,\"Name\":\"ContentCreator Subtopic 17-3\",\"Description\":null,\"PageMardkown\":null,\"Content\":null,\"CustomSegments\":null,\"WikipediaURL\":null,\"DisableLearningFunctions\":false,\"Visibility\":0,\"ParentIds\":null,\"ChildIds\":null,\"DeleteChangeId\":null,\"DeletedName\":null}',1,2,0,3,'2025-06-17 19:06:26'),(246,20,'{\"PageRelations\":null,\"ImageWasUpdated\":false,\"Name\":\"ContentCreator Subtopic 17-3\",\"Description\":null,\"PageMardkown\":null,\"Content\":null,\"CustomSegments\":null,\"WikipediaURL\":null,\"DisableLearningFunctions\":false,\"Visibility\":0,\"ParentIds\":[17],\"ChildIds\":null,\"DeleteChangeId\":null,\"DeletedName\":null}',1,2,7,1,'2025-06-17 19:06:26'),(247,17,'{\"PageRelations\":null,\"ImageWasUpdated\":false,\"Name\":\"ContentCreator Subtopic 16-1\",\"Description\":null,\"PageMardkown\":null,\"Content\":null,\"CustomSegments\":null,\"WikipediaURL\":null,\"DisableLearningFunctions\":false,\"Visibility\":0,\"ParentIds\":[16],\"ChildIds\":[18,19,20],\"DeleteChangeId\":null,\"DeletedName\":null}',1,2,7,1,'2025-06-17 19:06:26'),(248,1,'{\"PageRelations\":null,\"ImageWasUpdated\":false,\"Name\":\"LearningUser Topic 1\",\"Description\":null,\"PageMardkown\":null,\"Content\":null,\"CustomSegments\":null,\"WikipediaURL\":null,\"DisableLearningFunctions\":false,\"Visibility\":0,\"ParentIds\":null,\"ChildIds\":[2],\"DeleteChangeId\":null,\"DeletedName\":null}',1,2,7,50,'2025-06-17 19:06:26'),(249,2,'{\"PageRelations\":null,\"ImageWasUpdated\":false,\"Name\":\"LearningUser Subtopic 1-1\",\"Description\":null,\"PageMardkown\":null,\"Content\":null,\"CustomSegments\":null,\"WikipediaURL\":null,\"DisableLearningFunctions\":false,\"Visibility\":0,\"ParentIds\":[1],\"ChildIds\":[3],\"DeleteChangeId\":null,\"DeletedName\":null}',1,2,7,50,'2025-06-17 19:06:26'),(250,3,'{\"PageRelations\":null,\"ImageWasUpdated\":false,\"Name\":\"LearningUser Subtopic 2-1\",\"Description\":null,\"PageMardkown\":null,\"Content\":null,\"CustomSegments\":null,\"WikipediaURL\":null,\"DisableLearningFunctions\":false,\"Visibility\":0,\"ParentIds\":[2],\"ChildIds\":null,\"DeleteChangeId\":null,\"DeletedName\":null}',1,2,7,50,'2025-06-17 19:06:26'),(251,4,'{\"PageRelations\":null,\"ImageWasUpdated\":false,\"Name\":\"ContentCreator Topic 1\",\"Description\":null,\"PageMardkown\":null,\"Content\":null,\"CustomSegments\":null,\"WikipediaURL\":null,\"DisableLearningFunctions\":false,\"Visibility\":0,\"ParentIds\":null,\"ChildIds\":[5,8,12],\"DeleteChangeId\":null,\"DeletedName\":null}',1,2,7,51,'2025-06-17 19:06:26'),(252,5,'{\"PageRelations\":null,\"ImageWasUpdated\":false,\"Name\":\"ContentCreator Subtopic 4-1\",\"Description\":null,\"PageMardkown\":null,\"Content\":null,\"CustomSegments\":null,\"WikipediaURL\":null,\"DisableLearningFunctions\":false,\"Visibility\":0,\"ParentIds\":[4],\"ChildIds\":[6,7],\"DeleteChangeId\":null,\"DeletedName\":null}',1,2,7,51,'2025-06-17 19:06:26'),(253,6,'{\"PageRelations\":null,\"ImageWasUpdated\":false,\"Name\":\"ContentCreator Subtopic 5-1\",\"Description\":null,\"PageMardkown\":null,\"Content\":null,\"CustomSegments\":null,\"WikipediaURL\":null,\"DisableLearningFunctions\":false,\"Visibility\":0,\"ParentIds\":[5],\"ChildIds\":null,\"DeleteChangeId\":null,\"DeletedName\":null}',1,2,7,51,'2025-06-17 19:06:26'),(254,7,'{\"PageRelations\":null,\"ImageWasUpdated\":false,\"Name\":\"ContentCreator Subtopic 5-2\",\"Description\":null,\"PageMardkown\":null,\"Content\":null,\"CustomSegments\":null,\"WikipediaURL\":null,\"DisableLearningFunctions\":false,\"Visibility\":0,\"ParentIds\":[5],\"ChildIds\":null,\"DeleteChangeId\":null,\"DeletedName\":null}',1,2,7,51,'2025-06-17 19:06:26'),(255,8,'{\"PageRelations\":null,\"ImageWasUpdated\":false,\"Name\":\"ContentCreator Subtopic 4-2\",\"Description\":null,\"PageMardkown\":null,\"Content\":null,\"CustomSegments\":null,\"WikipediaURL\":null,\"DisableLearningFunctions\":false,\"Visibility\":0,\"ParentIds\":[4],\"ChildIds\":[9,10,11],\"DeleteChangeId\":null,\"DeletedName\":null}',1,2,7,51,'2025-06-17 19:06:26'),(256,9,'{\"PageRelations\":null,\"ImageWasUpdated\":false,\"Name\":\"ContentCreator Subtopic 8-1\",\"Description\":null,\"PageMardkown\":null,\"Content\":null,\"CustomSegments\":null,\"WikipediaURL\":null,\"DisableLearningFunctions\":false,\"Visibility\":0,\"ParentIds\":[8],\"ChildIds\":null,\"DeleteChangeId\":null,\"DeletedName\":null}',1,2,7,51,'2025-06-17 19:06:26'),(257,10,'{\"PageRelations\":null,\"ImageWasUpdated\":false,\"Name\":\"ContentCreator Subtopic 8-2\",\"Description\":null,\"PageMardkown\":null,\"Content\":null,\"CustomSegments\":null,\"WikipediaURL\":null,\"DisableLearningFunctions\":false,\"Visibility\":0,\"ParentIds\":[8],\"ChildIds\":null,\"DeleteChangeId\":null,\"DeletedName\":null}',1,2,7,51,'2025-06-17 19:06:26'),(258,11,'{\"PageRelations\":null,\"ImageWasUpdated\":false,\"Name\":\"ContentCreator Subtopic 8-3\",\"Description\":null,\"PageMardkown\":null,\"Content\":null,\"CustomSegments\":null,\"WikipediaURL\":null,\"DisableLearningFunctions\":false,\"Visibility\":0,\"ParentIds\":[8],\"ChildIds\":null,\"DeleteChangeId\":null,\"DeletedName\":null}',1,2,7,51,'2025-06-17 19:06:26'),(259,12,'{\"PageRelations\":null,\"ImageWasUpdated\":false,\"Name\":\"ContentCreator Subtopic 4-3\",\"Description\":null,\"PageMardkown\":null,\"Content\":null,\"CustomSegments\":null,\"WikipediaURL\":null,\"DisableLearningFunctions\":false,\"Visibility\":0,\"ParentIds\":[4],\"ChildIds\":[13,14,15],\"DeleteChangeId\":null,\"DeletedName\":null}',1,2,7,51,'2025-06-17 19:06:26'),(260,13,'{\"PageRelations\":null,\"ImageWasUpdated\":false,\"Name\":\"ContentCreator Subtopic 12-1\",\"Description\":null,\"PageMardkown\":null,\"Content\":null,\"CustomSegments\":null,\"WikipediaURL\":null,\"DisableLearningFunctions\":false,\"Visibility\":0,\"ParentIds\":[12],\"ChildIds\":null,\"DeleteChangeId\":null,\"DeletedName\":null}',1,2,7,51,'2025-06-17 19:06:26'),(261,14,'{\"PageRelations\":null,\"ImageWasUpdated\":false,\"Name\":\"ContentCreator Subtopic 12-2\",\"Description\":null,\"PageMardkown\":null,\"Content\":null,\"CustomSegments\":null,\"WikipediaURL\":null,\"DisableLearningFunctions\":false,\"Visibility\":0,\"ParentIds\":[12],\"ChildIds\":null,\"DeleteChangeId\":null,\"DeletedName\":null}',1,2,7,51,'2025-06-17 19:06:26'),(262,15,'{\"PageRelations\":null,\"ImageWasUpdated\":false,\"Name\":\"ContentCreator Subtopic 12-3\",\"Description\":null,\"PageMardkown\":null,\"Content\":null,\"CustomSegments\":null,\"WikipediaURL\":null,\"DisableLearningFunctions\":false,\"Visibility\":0,\"ParentIds\":[12],\"ChildIds\":null,\"DeleteChangeId\":null,\"DeletedName\":null}',1,2,7,51,'2025-06-17 19:06:27'),(263,16,'{\"PageRelations\":null,\"ImageWasUpdated\":false,\"Name\":\"ContentCreator Topic 2\",\"Description\":null,\"PageMardkown\":null,\"Content\":null,\"CustomSegments\":null,\"WikipediaURL\":null,\"DisableLearningFunctions\":false,\"Visibility\":0,\"ParentIds\":null,\"ChildIds\":[17],\"DeleteChangeId\":null,\"DeletedName\":null}',1,2,7,51,'2025-06-17 19:06:27'),(264,17,'{\"PageRelations\":null,\"ImageWasUpdated\":false,\"Name\":\"ContentCreator Subtopic 16-1\",\"Description\":null,\"PageMardkown\":null,\"Content\":null,\"CustomSegments\":null,\"WikipediaURL\":null,\"DisableLearningFunctions\":false,\"Visibility\":0,\"ParentIds\":[16],\"ChildIds\":[18,19,20],\"DeleteChangeId\":null,\"DeletedName\":null}',1,2,7,51,'2025-06-17 19:06:27'),(265,18,'{\"PageRelations\":null,\"ImageWasUpdated\":false,\"Name\":\"ContentCreator Subtopic 17-1\",\"Description\":null,\"PageMardkown\":null,\"Content\":null,\"CustomSegments\":null,\"WikipediaURL\":null,\"DisableLearningFunctions\":false,\"Visibility\":0,\"ParentIds\":[17],\"ChildIds\":null,\"DeleteChangeId\":null,\"DeletedName\":null}',1,2,7,51,'2025-06-17 19:06:27'),(266,19,'{\"PageRelations\":null,\"ImageWasUpdated\":false,\"Name\":\"ContentCreator Subtopic 17-2\",\"Description\":null,\"PageMardkown\":null,\"Content\":null,\"CustomSegments\":null,\"WikipediaURL\":null,\"DisableLearningFunctions\":false,\"Visibility\":0,\"ParentIds\":[17],\"ChildIds\":null,\"DeleteChangeId\":null,\"DeletedName\":null}',1,2,7,51,'2025-06-17 19:06:27'),(267,20,'{\"PageRelations\":null,\"ImageWasUpdated\":false,\"Name\":\"ContentCreator Subtopic 17-3\",\"Description\":null,\"PageMardkown\":null,\"Content\":null,\"CustomSegments\":null,\"WikipediaURL\":null,\"DisableLearningFunctions\":false,\"Visibility\":0,\"ParentIds\":[17],\"ChildIds\":null,\"DeleteChangeId\":null,\"DeletedName\":null}',1,2,7,51,'2025-06-17 19:06:27'),(268,1,'{\"PageRelations\":null,\"ImageWasUpdated\":false,\"Name\":\"LearningUser Topic 1\",\"Description\":null,\"PageMardkown\":null,\"Content\":null,\"CustomSegments\":null,\"WikipediaURL\":null,\"DisableLearningFunctions\":false,\"Visibility\":0,\"ParentIds\":null,\"ChildIds\":[2],\"DeleteChangeId\":null,\"DeletedName\":null}',1,2,7,50,'2025-06-17 19:06:27'),(269,2,'{\"PageRelations\":null,\"ImageWasUpdated\":false,\"Name\":\"LearningUser Subtopic 1-1\",\"Description\":null,\"PageMardkown\":null,\"Content\":null,\"CustomSegments\":null,\"WikipediaURL\":null,\"DisableLearningFunctions\":false,\"Visibility\":0,\"ParentIds\":[1],\"ChildIds\":[3],\"DeleteChangeId\":null,\"DeletedName\":null}',1,2,7,50,'2025-06-17 19:06:27'),(270,3,'{\"PageRelations\":null,\"ImageWasUpdated\":false,\"Name\":\"LearningUser Subtopic 2-1\",\"Description\":null,\"PageMardkown\":null,\"Content\":null,\"CustomSegments\":null,\"WikipediaURL\":null,\"DisableLearningFunctions\":false,\"Visibility\":0,\"ParentIds\":[2],\"ChildIds\":null,\"DeleteChangeId\":null,\"DeletedName\":null}',1,2,7,50,'2025-06-17 19:06:27'),(271,4,'{\"PageRelations\":null,\"ImageWasUpdated\":false,\"Name\":\"ContentCreator Topic 1\",\"Description\":null,\"PageMardkown\":null,\"Content\":null,\"CustomSegments\":null,\"WikipediaURL\":null,\"DisableLearningFunctions\":false,\"Visibility\":0,\"ParentIds\":null,\"ChildIds\":[5,8,12],\"DeleteChangeId\":null,\"DeletedName\":null}',1,2,7,51,'2025-06-17 19:06:27'),(272,5,'{\"PageRelations\":null,\"ImageWasUpdated\":false,\"Name\":\"ContentCreator Subtopic 4-1\",\"Description\":null,\"PageMardkown\":null,\"Content\":null,\"CustomSegments\":null,\"WikipediaURL\":null,\"DisableLearningFunctions\":false,\"Visibility\":0,\"ParentIds\":[4],\"ChildIds\":[6,7],\"DeleteChangeId\":null,\"DeletedName\":null}',1,2,7,51,'2025-06-17 19:06:27'),(273,6,'{\"PageRelations\":null,\"ImageWasUpdated\":false,\"Name\":\"ContentCreator Subtopic 5-1\",\"Description\":null,\"PageMardkown\":null,\"Content\":null,\"CustomSegments\":null,\"WikipediaURL\":null,\"DisableLearningFunctions\":false,\"Visibility\":0,\"ParentIds\":[5],\"ChildIds\":null,\"DeleteChangeId\":null,\"DeletedName\":null}',1,2,7,51,'2025-06-17 19:06:27'),(274,7,'{\"PageRelations\":null,\"ImageWasUpdated\":false,\"Name\":\"ContentCreator Subtopic 5-2\",\"Description\":null,\"PageMardkown\":null,\"Content\":null,\"CustomSegments\":null,\"WikipediaURL\":null,\"DisableLearningFunctions\":false,\"Visibility\":0,\"ParentIds\":[5],\"ChildIds\":null,\"DeleteChangeId\":null,\"DeletedName\":null}',1,2,7,51,'2025-06-17 19:06:27'),(275,8,'{\"PageRelations\":null,\"ImageWasUpdated\":false,\"Name\":\"ContentCreator Subtopic 4-2\",\"Description\":null,\"PageMardkown\":null,\"Content\":null,\"CustomSegments\":null,\"WikipediaURL\":null,\"DisableLearningFunctions\":false,\"Visibility\":0,\"ParentIds\":[4],\"ChildIds\":[9,10,11],\"DeleteChangeId\":null,\"DeletedName\":null}',1,2,7,51,'2025-06-17 19:06:27'),(276,9,'{\"PageRelations\":null,\"ImageWasUpdated\":false,\"Name\":\"ContentCreator Subtopic 8-1\",\"Description\":null,\"PageMardkown\":null,\"Content\":null,\"CustomSegments\":null,\"WikipediaURL\":null,\"DisableLearningFunctions\":false,\"Visibility\":0,\"ParentIds\":[8],\"ChildIds\":null,\"DeleteChangeId\":null,\"DeletedName\":null}',1,2,7,51,'2025-06-17 19:06:27'),(277,10,'{\"PageRelations\":null,\"ImageWasUpdated\":false,\"Name\":\"ContentCreator Subtopic 8-2\",\"Description\":null,\"PageMardkown\":null,\"Content\":null,\"CustomSegments\":null,\"WikipediaURL\":null,\"DisableLearningFunctions\":false,\"Visibility\":0,\"ParentIds\":[8],\"ChildIds\":null,\"DeleteChangeId\":null,\"DeletedName\":null}',1,2,7,51,'2025-06-17 19:06:27'),(278,11,'{\"PageRelations\":null,\"ImageWasUpdated\":false,\"Name\":\"ContentCreator Subtopic 8-3\",\"Description\":null,\"PageMardkown\":null,\"Content\":null,\"CustomSegments\":null,\"WikipediaURL\":null,\"DisableLearningFunctions\":false,\"Visibility\":0,\"ParentIds\":[8],\"ChildIds\":null,\"DeleteChangeId\":null,\"DeletedName\":null}',1,2,7,51,'2025-06-17 19:06:27'),(279,12,'{\"PageRelations\":null,\"ImageWasUpdated\":false,\"Name\":\"ContentCreator Subtopic 4-3\",\"Description\":null,\"PageMardkown\":null,\"Content\":null,\"CustomSegments\":null,\"WikipediaURL\":null,\"DisableLearningFunctions\":false,\"Visibility\":0,\"ParentIds\":[4],\"ChildIds\":[13,14,15],\"DeleteChangeId\":null,\"DeletedName\":null}',1,2,7,51,'2025-06-17 19:06:27'),(280,13,'{\"PageRelations\":null,\"ImageWasUpdated\":false,\"Name\":\"ContentCreator Subtopic 12-1\",\"Description\":null,\"PageMardkown\":null,\"Content\":null,\"CustomSegments\":null,\"WikipediaURL\":null,\"DisableLearningFunctions\":false,\"Visibility\":0,\"ParentIds\":[12],\"ChildIds\":null,\"DeleteChangeId\":null,\"DeletedName\":null}',1,2,7,51,'2025-06-17 19:06:27'),(281,14,'{\"PageRelations\":null,\"ImageWasUpdated\":false,\"Name\":\"ContentCreator Subtopic 12-2\",\"Description\":null,\"PageMardkown\":null,\"Content\":null,\"CustomSegments\":null,\"WikipediaURL\":null,\"DisableLearningFunctions\":false,\"Visibility\":0,\"ParentIds\":[12],\"ChildIds\":null,\"DeleteChangeId\":null,\"DeletedName\":null}',1,2,7,51,'2025-06-17 19:06:27'),(282,15,'{\"PageRelations\":null,\"ImageWasUpdated\":false,\"Name\":\"ContentCreator Subtopic 12-3\",\"Description\":null,\"PageMardkown\":null,\"Content\":null,\"CustomSegments\":null,\"WikipediaURL\":null,\"DisableLearningFunctions\":false,\"Visibility\":0,\"ParentIds\":[12],\"ChildIds\":null,\"DeleteChangeId\":null,\"DeletedName\":null}',1,2,7,51,'2025-06-17 19:06:27'),(283,16,'{\"PageRelations\":null,\"ImageWasUpdated\":false,\"Name\":\"ContentCreator Topic 2\",\"Description\":null,\"PageMardkown\":null,\"Content\":null,\"CustomSegments\":null,\"WikipediaURL\":null,\"DisableLearningFunctions\":false,\"Visibility\":0,\"ParentIds\":null,\"ChildIds\":[17],\"DeleteChangeId\":null,\"DeletedName\":null}',1,2,7,51,'2025-06-17 19:06:27'),(284,17,'{\"PageRelations\":null,\"ImageWasUpdated\":false,\"Name\":\"ContentCreator Subtopic 16-1\",\"Description\":null,\"PageMardkown\":null,\"Content\":null,\"CustomSegments\":null,\"WikipediaURL\":null,\"DisableLearningFunctions\":false,\"Visibility\":0,\"ParentIds\":[16],\"ChildIds\":[18,19,20],\"DeleteChangeId\":null,\"DeletedName\":null}',1,2,7,51,'2025-06-17 19:06:27'),(285,18,'{\"PageRelations\":null,\"ImageWasUpdated\":false,\"Name\":\"ContentCreator Subtopic 17-1\",\"Description\":null,\"PageMardkown\":null,\"Content\":null,\"CustomSegments\":null,\"WikipediaURL\":null,\"DisableLearningFunctions\":false,\"Visibility\":0,\"ParentIds\":[17],\"ChildIds\":null,\"DeleteChangeId\":null,\"DeletedName\":null}',1,2,7,51,'2025-06-17 19:06:27'),(286,19,'{\"PageRelations\":null,\"ImageWasUpdated\":false,\"Name\":\"ContentCreator Subtopic 17-2\",\"Description\":null,\"PageMardkown\":null,\"Content\":null,\"CustomSegments\":null,\"WikipediaURL\":null,\"DisableLearningFunctions\":false,\"Visibility\":0,\"ParentIds\":[17],\"ChildIds\":null,\"DeleteChangeId\":null,\"DeletedName\":null}',1,2,7,51,'2025-06-17 19:06:27'),(287,20,'{\"PageRelations\":null,\"ImageWasUpdated\":false,\"Name\":\"ContentCreator Subtopic 17-3\",\"Description\":null,\"PageMardkown\":null,\"Content\":null,\"CustomSegments\":null,\"WikipediaURL\":null,\"DisableLearningFunctions\":false,\"Visibility\":0,\"ParentIds\":[17],\"ChildIds\":null,\"DeleteChangeId\":null,\"DeletedName\":null}',1,2,7,51,'2025-06-17 19:06:27'),(288,21,'{\"PageRelations\":null,\"ImageWasUpdated\":false,\"Name\":\"QuestionContributor Topic 1\",\"Description\":null,\"PageMardkown\":null,\"Content\":null,\"CustomSegments\":null,\"WikipediaURL\":null,\"DisableLearningFunctions\":false,\"Visibility\":0,\"ParentIds\":null,\"ChildIds\":null,\"DeleteChangeId\":null,\"DeletedName\":null}',1,2,0,4,'2025-06-17 19:06:27'),(289,1,'{\"PageRelations\":null,\"ImageWasUpdated\":false,\"Name\":\"LearningUser Topic 1\",\"Description\":null,\"PageMardkown\":null,\"Content\":null,\"CustomSegments\":null,\"WikipediaURL\":null,\"DisableLearningFunctions\":false,\"Visibility\":0,\"ParentIds\":null,\"ChildIds\":[2],\"DeleteChangeId\":null,\"DeletedName\":null}',1,2,7,50,'2025-06-17 19:06:27'),(290,2,'{\"PageRelations\":null,\"ImageWasUpdated\":false,\"Name\":\"LearningUser Subtopic 1-1\",\"Description\":null,\"PageMardkown\":null,\"Content\":null,\"CustomSegments\":null,\"WikipediaURL\":null,\"DisableLearningFunctions\":false,\"Visibility\":0,\"ParentIds\":[1],\"ChildIds\":[3],\"DeleteChangeId\":null,\"DeletedName\":null}',1,2,7,50,'2025-06-17 19:06:27'),(291,3,'{\"PageRelations\":null,\"ImageWasUpdated\":false,\"Name\":\"LearningUser Subtopic 2-1\",\"Description\":null,\"PageMardkown\":null,\"Content\":null,\"CustomSegments\":null,\"WikipediaURL\":null,\"DisableLearningFunctions\":false,\"Visibility\":0,\"ParentIds\":[2],\"ChildIds\":null,\"DeleteChangeId\":null,\"DeletedName\":null}',1,2,7,50,'2025-06-17 19:06:27'),(292,4,'{\"PageRelations\":null,\"ImageWasUpdated\":false,\"Name\":\"ContentCreator Topic 1\",\"Description\":null,\"PageMardkown\":null,\"Content\":null,\"CustomSegments\":null,\"WikipediaURL\":null,\"DisableLearningFunctions\":false,\"Visibility\":0,\"ParentIds\":null,\"ChildIds\":[5,8,12],\"DeleteChangeId\":null,\"DeletedName\":null}',1,2,7,51,'2025-06-17 19:06:27'),(293,5,'{\"PageRelations\":null,\"ImageWasUpdated\":false,\"Name\":\"ContentCreator Subtopic 4-1\",\"Description\":null,\"PageMardkown\":null,\"Content\":null,\"CustomSegments\":null,\"WikipediaURL\":null,\"DisableLearningFunctions\":false,\"Visibility\":0,\"ParentIds\":[4],\"ChildIds\":[6,7],\"DeleteChangeId\":null,\"DeletedName\":null}',1,2,7,51,'2025-06-17 19:06:27'),(294,6,'{\"PageRelations\":null,\"ImageWasUpdated\":false,\"Name\":\"ContentCreator Subtopic 5-1\",\"Description\":null,\"PageMardkown\":null,\"Content\":null,\"CustomSegments\":null,\"WikipediaURL\":null,\"DisableLearningFunctions\":false,\"Visibility\":0,\"ParentIds\":[5],\"ChildIds\":null,\"DeleteChangeId\":null,\"DeletedName\":null}',1,2,7,51,'2025-06-17 19:06:27'),(295,7,'{\"PageRelations\":null,\"ImageWasUpdated\":false,\"Name\":\"ContentCreator Subtopic 5-2\",\"Description\":null,\"PageMardkown\":null,\"Content\":null,\"CustomSegments\":null,\"WikipediaURL\":null,\"DisableLearningFunctions\":false,\"Visibility\":0,\"ParentIds\":[5],\"ChildIds\":null,\"DeleteChangeId\":null,\"DeletedName\":null}',1,2,7,51,'2025-06-17 19:06:27'),(296,8,'{\"PageRelations\":null,\"ImageWasUpdated\":false,\"Name\":\"ContentCreator Subtopic 4-2\",\"Description\":null,\"PageMardkown\":null,\"Content\":null,\"CustomSegments\":null,\"WikipediaURL\":null,\"DisableLearningFunctions\":false,\"Visibility\":0,\"ParentIds\":[4],\"ChildIds\":[9,10,11],\"DeleteChangeId\":null,\"DeletedName\":null}',1,2,7,51,'2025-06-17 19:06:27'),(297,9,'{\"PageRelations\":null,\"ImageWasUpdated\":false,\"Name\":\"ContentCreator Subtopic 8-1\",\"Description\":null,\"PageMardkown\":null,\"Content\":null,\"CustomSegments\":null,\"WikipediaURL\":null,\"DisableLearningFunctions\":false,\"Visibility\":0,\"ParentIds\":[8],\"ChildIds\":null,\"DeleteChangeId\":null,\"DeletedName\":null}',1,2,7,51,'2025-06-17 19:06:27'),(298,10,'{\"PageRelations\":null,\"ImageWasUpdated\":false,\"Name\":\"ContentCreator Subtopic 8-2\",\"Description\":null,\"PageMardkown\":null,\"Content\":null,\"CustomSegments\":null,\"WikipediaURL\":null,\"DisableLearningFunctions\":false,\"Visibility\":0,\"ParentIds\":[8],\"ChildIds\":null,\"DeleteChangeId\":null,\"DeletedName\":null}',1,2,7,51,'2025-06-17 19:06:27'),(299,11,'{\"PageRelations\":null,\"ImageWasUpdated\":false,\"Name\":\"ContentCreator Subtopic 8-3\",\"Description\":null,\"PageMardkown\":null,\"Content\":null,\"CustomSegments\":null,\"WikipediaURL\":null,\"DisableLearningFunctions\":false,\"Visibility\":0,\"ParentIds\":[8],\"ChildIds\":null,\"DeleteChangeId\":null,\"DeletedName\":null}',1,2,7,51,'2025-06-17 19:06:27'),(300,12,'{\"PageRelations\":null,\"ImageWasUpdated\":false,\"Name\":\"ContentCreator Subtopic 4-3\",\"Description\":null,\"PageMardkown\":null,\"Content\":null,\"CustomSegments\":null,\"WikipediaURL\":null,\"DisableLearningFunctions\":false,\"Visibility\":0,\"ParentIds\":[4],\"ChildIds\":[13,14,15],\"DeleteChangeId\":null,\"DeletedName\":null}',1,2,7,51,'2025-06-17 19:06:27'),(301,13,'{\"PageRelations\":null,\"ImageWasUpdated\":false,\"Name\":\"ContentCreator Subtopic 12-1\",\"Description\":null,\"PageMardkown\":null,\"Content\":null,\"CustomSegments\":null,\"WikipediaURL\":null,\"DisableLearningFunctions\":false,\"Visibility\":0,\"ParentIds\":[12],\"ChildIds\":null,\"DeleteChangeId\":null,\"DeletedName\":null}',1,2,7,51,'2025-06-17 19:06:27'),(302,14,'{\"PageRelations\":null,\"ImageWasUpdated\":false,\"Name\":\"ContentCreator Subtopic 12-2\",\"Description\":null,\"PageMardkown\":null,\"Content\":null,\"CustomSegments\":null,\"WikipediaURL\":null,\"DisableLearningFunctions\":false,\"Visibility\":0,\"ParentIds\":[12],\"ChildIds\":null,\"DeleteChangeId\":null,\"DeletedName\":null}',1,2,7,51,'2025-06-17 19:06:27'),(303,15,'{\"PageRelations\":null,\"ImageWasUpdated\":false,\"Name\":\"ContentCreator Subtopic 12-3\",\"Description\":null,\"PageMardkown\":null,\"Content\":null,\"CustomSegments\":null,\"WikipediaURL\":null,\"DisableLearningFunctions\":false,\"Visibility\":0,\"ParentIds\":[12],\"ChildIds\":null,\"DeleteChangeId\":null,\"DeletedName\":null}',1,2,7,51,'2025-06-17 19:06:27'),(304,16,'{\"PageRelations\":null,\"ImageWasUpdated\":false,\"Name\":\"ContentCreator Topic 2\",\"Description\":null,\"PageMardkown\":null,\"Content\":null,\"CustomSegments\":null,\"WikipediaURL\":null,\"DisableLearningFunctions\":false,\"Visibility\":0,\"ParentIds\":null,\"ChildIds\":[17],\"DeleteChangeId\":null,\"DeletedName\":null}',1,2,7,51,'2025-06-17 19:06:27'),(305,17,'{\"PageRelations\":null,\"ImageWasUpdated\":false,\"Name\":\"ContentCreator Subtopic 16-1\",\"Description\":null,\"PageMardkown\":null,\"Content\":null,\"CustomSegments\":null,\"WikipediaURL\":null,\"DisableLearningFunctions\":false,\"Visibility\":0,\"ParentIds\":[16],\"ChildIds\":[18,19,20],\"DeleteChangeId\":null,\"DeletedName\":null}',1,2,7,51,'2025-06-17 19:06:27'),(306,18,'{\"PageRelations\":null,\"ImageWasUpdated\":false,\"Name\":\"ContentCreator Subtopic 17-1\",\"Description\":null,\"PageMardkown\":null,\"Content\":null,\"CustomSegments\":null,\"WikipediaURL\":null,\"DisableLearningFunctions\":false,\"Visibility\":0,\"ParentIds\":[17],\"ChildIds\":null,\"DeleteChangeId\":null,\"DeletedName\":null}',1,2,7,51,'2025-06-17 19:06:27'),(307,19,'{\"PageRelations\":null,\"ImageWasUpdated\":false,\"Name\":\"ContentCreator Subtopic 17-2\",\"Description\":null,\"PageMardkown\":null,\"Content\":null,\"CustomSegments\":null,\"WikipediaURL\":null,\"DisableLearningFunctions\":false,\"Visibility\":0,\"ParentIds\":[17],\"ChildIds\":null,\"DeleteChangeId\":null,\"DeletedName\":null}',1,2,7,51,'2025-06-17 19:06:27'),(308,20,'{\"PageRelations\":null,\"ImageWasUpdated\":false,\"Name\":\"ContentCreator Subtopic 17-3\",\"Description\":null,\"PageMardkown\":null,\"Content\":null,\"CustomSegments\":null,\"WikipediaURL\":null,\"DisableLearningFunctions\":false,\"Visibility\":0,\"ParentIds\":[17],\"ChildIds\":null,\"DeleteChangeId\":null,\"DeletedName\":null}',1,2,7,51,'2025-06-17 19:06:28'),(309,21,'{\"PageRelations\":null,\"ImageWasUpdated\":false,\"Name\":\"QuestionContributor Topic 1\",\"Description\":null,\"PageMardkown\":null,\"Content\":null,\"CustomSegments\":null,\"WikipediaURL\":null,\"DisableLearningFunctions\":false,\"Visibility\":0,\"ParentIds\":null,\"ChildIds\":null,\"DeleteChangeId\":null,\"DeletedName\":null}',1,2,7,52,'2025-06-17 19:06:28'),(310,22,'{\"PageRelations\":null,\"ImageWasUpdated\":false,\"Name\":\"QuestionContributor Subtopic 21-1\",\"Description\":null,\"PageMardkown\":null,\"Content\":null,\"CustomSegments\":null,\"WikipediaURL\":null,\"DisableLearningFunctions\":false,\"Visibility\":0,\"ParentIds\":null,\"ChildIds\":null,\"DeleteChangeId\":null,\"DeletedName\":null}',1,2,0,4,'2025-06-17 19:06:28'),(311,22,'{\"PageRelations\":null,\"ImageWasUpdated\":false,\"Name\":\"QuestionContributor Subtopic 21-1\",\"Description\":null,\"PageMardkown\":null,\"Content\":null,\"CustomSegments\":null,\"WikipediaURL\":null,\"DisableLearningFunctions\":false,\"Visibility\":0,\"ParentIds\":[21],\"ChildIds\":null,\"DeleteChangeId\":null,\"DeletedName\":null}',1,2,7,1,'2025-06-17 19:06:28'),(312,21,'{\"PageRelations\":null,\"ImageWasUpdated\":false,\"Name\":\"QuestionContributor Topic 1\",\"Description\":null,\"PageMardkown\":null,\"Content\":null,\"CustomSegments\":null,\"WikipediaURL\":null,\"DisableLearningFunctions\":false,\"Visibility\":0,\"ParentIds\":null,\"ChildIds\":[22],\"DeleteChangeId\":null,\"DeletedName\":null}',1,2,7,1,'2025-06-17 19:06:28'),(313,1,'{\"PageRelations\":null,\"ImageWasUpdated\":false,\"Name\":\"LearningUser Topic 1\",\"Description\":null,\"PageMardkown\":null,\"Content\":null,\"CustomSegments\":null,\"WikipediaURL\":null,\"DisableLearningFunctions\":false,\"Visibility\":0,\"ParentIds\":null,\"ChildIds\":[2],\"DeleteChangeId\":null,\"DeletedName\":null}',1,2,7,50,'2025-06-17 19:06:28'),(314,2,'{\"PageRelations\":null,\"ImageWasUpdated\":false,\"Name\":\"LearningUser Subtopic 1-1\",\"Description\":null,\"PageMardkown\":null,\"Content\":null,\"CustomSegments\":null,\"WikipediaURL\":null,\"DisableLearningFunctions\":false,\"Visibility\":0,\"ParentIds\":[1],\"ChildIds\":[3],\"DeleteChangeId\":null,\"DeletedName\":null}',1,2,7,50,'2025-06-17 19:06:28'),(315,3,'{\"PageRelations\":null,\"ImageWasUpdated\":false,\"Name\":\"LearningUser Subtopic 2-1\",\"Description\":null,\"PageMardkown\":null,\"Content\":null,\"CustomSegments\":null,\"WikipediaURL\":null,\"DisableLearningFunctions\":false,\"Visibility\":0,\"ParentIds\":[2],\"ChildIds\":null,\"DeleteChangeId\":null,\"DeletedName\":null}',1,2,7,50,'2025-06-17 19:06:28'),(316,4,'{\"PageRelations\":null,\"ImageWasUpdated\":false,\"Name\":\"ContentCreator Topic 1\",\"Description\":null,\"PageMardkown\":null,\"Content\":null,\"CustomSegments\":null,\"WikipediaURL\":null,\"DisableLearningFunctions\":false,\"Visibility\":0,\"ParentIds\":null,\"ChildIds\":[5,8,12],\"DeleteChangeId\":null,\"DeletedName\":null}',1,2,7,51,'2025-06-17 19:06:28'),(317,5,'{\"PageRelations\":null,\"ImageWasUpdated\":false,\"Name\":\"ContentCreator Subtopic 4-1\",\"Description\":null,\"PageMardkown\":null,\"Content\":null,\"CustomSegments\":null,\"WikipediaURL\":null,\"DisableLearningFunctions\":false,\"Visibility\":0,\"ParentIds\":[4],\"ChildIds\":[6,7],\"DeleteChangeId\":null,\"DeletedName\":null}',1,2,7,51,'2025-06-17 19:06:28'),(318,6,'{\"PageRelations\":null,\"ImageWasUpdated\":false,\"Name\":\"ContentCreator Subtopic 5-1\",\"Description\":null,\"PageMardkown\":null,\"Content\":null,\"CustomSegments\":null,\"WikipediaURL\":null,\"DisableLearningFunctions\":false,\"Visibility\":0,\"ParentIds\":[5],\"ChildIds\":null,\"DeleteChangeId\":null,\"DeletedName\":null}',1,2,7,51,'2025-06-17 19:06:28'),(319,7,'{\"PageRelations\":null,\"ImageWasUpdated\":false,\"Name\":\"ContentCreator Subtopic 5-2\",\"Description\":null,\"PageMardkown\":null,\"Content\":null,\"CustomSegments\":null,\"WikipediaURL\":null,\"DisableLearningFunctions\":false,\"Visibility\":0,\"ParentIds\":[5],\"ChildIds\":null,\"DeleteChangeId\":null,\"DeletedName\":null}',1,2,7,51,'2025-06-17 19:06:28'),(320,8,'{\"PageRelations\":null,\"ImageWasUpdated\":false,\"Name\":\"ContentCreator Subtopic 4-2\",\"Description\":null,\"PageMardkown\":null,\"Content\":null,\"CustomSegments\":null,\"WikipediaURL\":null,\"DisableLearningFunctions\":false,\"Visibility\":0,\"ParentIds\":[4],\"ChildIds\":[9,10,11],\"DeleteChangeId\":null,\"DeletedName\":null}',1,2,7,51,'2025-06-17 19:06:28'),(321,9,'{\"PageRelations\":null,\"ImageWasUpdated\":false,\"Name\":\"ContentCreator Subtopic 8-1\",\"Description\":null,\"PageMardkown\":null,\"Content\":null,\"CustomSegments\":null,\"WikipediaURL\":null,\"DisableLearningFunctions\":false,\"Visibility\":0,\"ParentIds\":[8],\"ChildIds\":null,\"DeleteChangeId\":null,\"DeletedName\":null}',1,2,7,51,'2025-06-17 19:06:28'),(322,10,'{\"PageRelations\":null,\"ImageWasUpdated\":false,\"Name\":\"ContentCreator Subtopic 8-2\",\"Description\":null,\"PageMardkown\":null,\"Content\":null,\"CustomSegments\":null,\"WikipediaURL\":null,\"DisableLearningFunctions\":false,\"Visibility\":0,\"ParentIds\":[8],\"ChildIds\":null,\"DeleteChangeId\":null,\"DeletedName\":null}',1,2,7,51,'2025-06-17 19:06:28'),(323,11,'{\"PageRelations\":null,\"ImageWasUpdated\":false,\"Name\":\"ContentCreator Subtopic 8-3\",\"Description\":null,\"PageMardkown\":null,\"Content\":null,\"CustomSegments\":null,\"WikipediaURL\":null,\"DisableLearningFunctions\":false,\"Visibility\":0,\"ParentIds\":[8],\"ChildIds\":null,\"DeleteChangeId\":null,\"DeletedName\":null}',1,2,7,51,'2025-06-17 19:06:28'),(324,12,'{\"PageRelations\":null,\"ImageWasUpdated\":false,\"Name\":\"ContentCreator Subtopic 4-3\",\"Description\":null,\"PageMardkown\":null,\"Content\":null,\"CustomSegments\":null,\"WikipediaURL\":null,\"DisableLearningFunctions\":false,\"Visibility\":0,\"ParentIds\":[4],\"ChildIds\":[13,14,15],\"DeleteChangeId\":null,\"DeletedName\":null}',1,2,7,51,'2025-06-17 19:06:28'),(325,13,'{\"PageRelations\":null,\"ImageWasUpdated\":false,\"Name\":\"ContentCreator Subtopic 12-1\",\"Description\":null,\"PageMardkown\":null,\"Content\":null,\"CustomSegments\":null,\"WikipediaURL\":null,\"DisableLearningFunctions\":false,\"Visibility\":0,\"ParentIds\":[12],\"ChildIds\":null,\"DeleteChangeId\":null,\"DeletedName\":null}',1,2,7,51,'2025-06-17 19:06:28'),(326,14,'{\"PageRelations\":null,\"ImageWasUpdated\":false,\"Name\":\"ContentCreator Subtopic 12-2\",\"Description\":null,\"PageMardkown\":null,\"Content\":null,\"CustomSegments\":null,\"WikipediaURL\":null,\"DisableLearningFunctions\":false,\"Visibility\":0,\"ParentIds\":[12],\"ChildIds\":null,\"DeleteChangeId\":null,\"DeletedName\":null}',1,2,7,51,'2025-06-17 19:06:28'),(327,15,'{\"PageRelations\":null,\"ImageWasUpdated\":false,\"Name\":\"ContentCreator Subtopic 12-3\",\"Description\":null,\"PageMardkown\":null,\"Content\":null,\"CustomSegments\":null,\"WikipediaURL\":null,\"DisableLearningFunctions\":false,\"Visibility\":0,\"ParentIds\":[12],\"ChildIds\":null,\"DeleteChangeId\":null,\"DeletedName\":null}',1,2,7,51,'2025-06-17 19:06:28'),(328,16,'{\"PageRelations\":null,\"ImageWasUpdated\":false,\"Name\":\"ContentCreator Topic 2\",\"Description\":null,\"PageMardkown\":null,\"Content\":null,\"CustomSegments\":null,\"WikipediaURL\":null,\"DisableLearningFunctions\":false,\"Visibility\":0,\"ParentIds\":null,\"ChildIds\":[17],\"DeleteChangeId\":null,\"DeletedName\":null}',1,2,7,51,'2025-06-17 19:06:28'),(329,17,'{\"PageRelations\":null,\"ImageWasUpdated\":false,\"Name\":\"ContentCreator Subtopic 16-1\",\"Description\":null,\"PageMardkown\":null,\"Content\":null,\"CustomSegments\":null,\"WikipediaURL\":null,\"DisableLearningFunctions\":false,\"Visibility\":0,\"ParentIds\":[16],\"ChildIds\":[18,19,20],\"DeleteChangeId\":null,\"DeletedName\":null}',1,2,7,51,'2025-06-17 19:06:28'),(330,18,'{\"PageRelations\":null,\"ImageWasUpdated\":false,\"Name\":\"ContentCreator Subtopic 17-1\",\"Description\":null,\"PageMardkown\":null,\"Content\":null,\"CustomSegments\":null,\"WikipediaURL\":null,\"DisableLearningFunctions\":false,\"Visibility\":0,\"ParentIds\":[17],\"ChildIds\":null,\"DeleteChangeId\":null,\"DeletedName\":null}',1,2,7,51,'2025-06-17 19:06:28'),(331,19,'{\"PageRelations\":null,\"ImageWasUpdated\":false,\"Name\":\"ContentCreator Subtopic 17-2\",\"Description\":null,\"PageMardkown\":null,\"Content\":null,\"CustomSegments\":null,\"WikipediaURL\":null,\"DisableLearningFunctions\":false,\"Visibility\":0,\"ParentIds\":[17],\"ChildIds\":null,\"DeleteChangeId\":null,\"DeletedName\":null}',1,2,7,51,'2025-06-17 19:06:28'),(332,20,'{\"PageRelations\":null,\"ImageWasUpdated\":false,\"Name\":\"ContentCreator Subtopic 17-3\",\"Description\":null,\"PageMardkown\":null,\"Content\":null,\"CustomSegments\":null,\"WikipediaURL\":null,\"DisableLearningFunctions\":false,\"Visibility\":0,\"ParentIds\":[17],\"ChildIds\":null,\"DeleteChangeId\":null,\"DeletedName\":null}',1,2,7,51,'2025-06-17 19:06:28'),(333,21,'{\"PageRelations\":null,\"ImageWasUpdated\":false,\"Name\":\"QuestionContributor Topic 1\",\"Description\":null,\"PageMardkown\":null,\"Content\":null,\"CustomSegments\":null,\"WikipediaURL\":null,\"DisableLearningFunctions\":false,\"Visibility\":0,\"ParentIds\":null,\"ChildIds\":[22],\"DeleteChangeId\":null,\"DeletedName\":null}',1,2,7,52,'2025-06-17 19:06:28'),(334,22,'{\"PageRelations\":null,\"ImageWasUpdated\":false,\"Name\":\"QuestionContributor Subtopic 21-1\",\"Description\":null,\"PageMardkown\":null,\"Content\":null,\"CustomSegments\":null,\"WikipediaURL\":null,\"DisableLearningFunctions\":false,\"Visibility\":0,\"ParentIds\":[21],\"ChildIds\":null,\"DeleteChangeId\":null,\"DeletedName\":null}',1,2,7,52,'2025-06-17 19:06:28'),(335,23,'{\"PageRelations\":null,\"ImageWasUpdated\":false,\"Name\":\"QuestionContributor Subtopic 22-1\",\"Description\":null,\"PageMardkown\":null,\"Content\":null,\"CustomSegments\":null,\"WikipediaURL\":null,\"DisableLearningFunctions\":false,\"Visibility\":0,\"ParentIds\":null,\"ChildIds\":null,\"DeleteChangeId\":null,\"DeletedName\":null}',1,2,0,4,'2025-06-17 19:06:28'),(336,23,'{\"PageRelations\":null,\"ImageWasUpdated\":false,\"Name\":\"QuestionContributor Subtopic 22-1\",\"Description\":null,\"PageMardkown\":null,\"Content\":null,\"CustomSegments\":null,\"WikipediaURL\":null,\"DisableLearningFunctions\":false,\"Visibility\":0,\"ParentIds\":[22],\"ChildIds\":null,\"DeleteChangeId\":null,\"DeletedName\":null}',1,2,7,1,'2025-06-17 19:06:28'),(337,22,'{\"PageRelations\":null,\"ImageWasUpdated\":false,\"Name\":\"QuestionContributor Subtopic 21-1\",\"Description\":null,\"PageMardkown\":null,\"Content\":null,\"CustomSegments\":null,\"WikipediaURL\":null,\"DisableLearningFunctions\":false,\"Visibility\":0,\"ParentIds\":[21],\"ChildIds\":[23],\"DeleteChangeId\":null,\"DeletedName\":null}',1,2,7,1,'2025-06-17 19:06:28'),(338,1,'{\"PageRelations\":null,\"ImageWasUpdated\":false,\"Name\":\"LearningUser Topic 1\",\"Description\":null,\"PageMardkown\":null,\"Content\":null,\"CustomSegments\":null,\"WikipediaURL\":null,\"DisableLearningFunctions\":false,\"Visibility\":0,\"ParentIds\":null,\"ChildIds\":[2],\"DeleteChangeId\":null,\"DeletedName\":null}',1,2,7,50,'2025-06-17 19:06:28'),(339,2,'{\"PageRelations\":null,\"ImageWasUpdated\":false,\"Name\":\"LearningUser Subtopic 1-1\",\"Description\":null,\"PageMardkown\":null,\"Content\":null,\"CustomSegments\":null,\"WikipediaURL\":null,\"DisableLearningFunctions\":false,\"Visibility\":0,\"ParentIds\":[1],\"ChildIds\":[3],\"DeleteChangeId\":null,\"DeletedName\":null}',1,2,7,50,'2025-06-17 19:06:28'),(340,3,'{\"PageRelations\":null,\"ImageWasUpdated\":false,\"Name\":\"LearningUser Subtopic 2-1\",\"Description\":null,\"PageMardkown\":null,\"Content\":null,\"CustomSegments\":null,\"WikipediaURL\":null,\"DisableLearningFunctions\":false,\"Visibility\":0,\"ParentIds\":[2],\"ChildIds\":null,\"DeleteChangeId\":null,\"DeletedName\":null}',1,2,7,50,'2025-06-17 19:06:28'),(341,4,'{\"PageRelations\":null,\"ImageWasUpdated\":false,\"Name\":\"ContentCreator Topic 1\",\"Description\":null,\"PageMardkown\":null,\"Content\":null,\"CustomSegments\":null,\"WikipediaURL\":null,\"DisableLearningFunctions\":false,\"Visibility\":0,\"ParentIds\":null,\"ChildIds\":[5,8,12],\"DeleteChangeId\":null,\"DeletedName\":null}',1,2,7,51,'2025-06-17 19:06:28'),(342,5,'{\"PageRelations\":null,\"ImageWasUpdated\":false,\"Name\":\"ContentCreator Subtopic 4-1\",\"Description\":null,\"PageMardkown\":null,\"Content\":null,\"CustomSegments\":null,\"WikipediaURL\":null,\"DisableLearningFunctions\":false,\"Visibility\":0,\"ParentIds\":[4],\"ChildIds\":[6,7],\"DeleteChangeId\":null,\"DeletedName\":null}',1,2,7,51,'2025-06-17 19:06:28'),(343,6,'{\"PageRelations\":null,\"ImageWasUpdated\":false,\"Name\":\"ContentCreator Subtopic 5-1\",\"Description\":null,\"PageMardkown\":null,\"Content\":null,\"CustomSegments\":null,\"WikipediaURL\":null,\"DisableLearningFunctions\":false,\"Visibility\":0,\"ParentIds\":[5],\"ChildIds\":null,\"DeleteChangeId\":null,\"DeletedName\":null}',1,2,7,51,'2025-06-17 19:06:28'),(344,7,'{\"PageRelations\":null,\"ImageWasUpdated\":false,\"Name\":\"ContentCreator Subtopic 5-2\",\"Description\":null,\"PageMardkown\":null,\"Content\":null,\"CustomSegments\":null,\"WikipediaURL\":null,\"DisableLearningFunctions\":false,\"Visibility\":0,\"ParentIds\":[5],\"ChildIds\":null,\"DeleteChangeId\":null,\"DeletedName\":null}',1,2,7,51,'2025-06-17 19:06:28'),(345,8,'{\"PageRelations\":null,\"ImageWasUpdated\":false,\"Name\":\"ContentCreator Subtopic 4-2\",\"Description\":null,\"PageMardkown\":null,\"Content\":null,\"CustomSegments\":null,\"WikipediaURL\":null,\"DisableLearningFunctions\":false,\"Visibility\":0,\"ParentIds\":[4],\"ChildIds\":[9,10,11],\"DeleteChangeId\":null,\"DeletedName\":null}',1,2,7,51,'2025-06-17 19:06:28'),(346,9,'{\"PageRelations\":null,\"ImageWasUpdated\":false,\"Name\":\"ContentCreator Subtopic 8-1\",\"Description\":null,\"PageMardkown\":null,\"Content\":null,\"CustomSegments\":null,\"WikipediaURL\":null,\"DisableLearningFunctions\":false,\"Visibility\":0,\"ParentIds\":[8],\"ChildIds\":null,\"DeleteChangeId\":null,\"DeletedName\":null}',1,2,7,51,'2025-06-17 19:06:28'),(347,10,'{\"PageRelations\":null,\"ImageWasUpdated\":false,\"Name\":\"ContentCreator Subtopic 8-2\",\"Description\":null,\"PageMardkown\":null,\"Content\":null,\"CustomSegments\":null,\"WikipediaURL\":null,\"DisableLearningFunctions\":false,\"Visibility\":0,\"ParentIds\":[8],\"ChildIds\":null,\"DeleteChangeId\":null,\"DeletedName\":null}',1,2,7,51,'2025-06-17 19:06:28'),(348,11,'{\"PageRelations\":null,\"ImageWasUpdated\":false,\"Name\":\"ContentCreator Subtopic 8-3\",\"Description\":null,\"PageMardkown\":null,\"Content\":null,\"CustomSegments\":null,\"WikipediaURL\":null,\"DisableLearningFunctions\":false,\"Visibility\":0,\"ParentIds\":[8],\"ChildIds\":null,\"DeleteChangeId\":null,\"DeletedName\":null}',1,2,7,51,'2025-06-17 19:06:28'),(349,12,'{\"PageRelations\":null,\"ImageWasUpdated\":false,\"Name\":\"ContentCreator Subtopic 4-3\",\"Description\":null,\"PageMardkown\":null,\"Content\":null,\"CustomSegments\":null,\"WikipediaURL\":null,\"DisableLearningFunctions\":false,\"Visibility\":0,\"ParentIds\":[4],\"ChildIds\":[13,14,15],\"DeleteChangeId\":null,\"DeletedName\":null}',1,2,7,51,'2025-06-17 19:06:28'),(350,13,'{\"PageRelations\":null,\"ImageWasUpdated\":false,\"Name\":\"ContentCreator Subtopic 12-1\",\"Description\":null,\"PageMardkown\":null,\"Content\":null,\"CustomSegments\":null,\"WikipediaURL\":null,\"DisableLearningFunctions\":false,\"Visibility\":0,\"ParentIds\":[12],\"ChildIds\":null,\"DeleteChangeId\":null,\"DeletedName\":null}',1,2,7,51,'2025-06-17 19:06:28'),(351,14,'{\"PageRelations\":null,\"ImageWasUpdated\":false,\"Name\":\"ContentCreator Subtopic 12-2\",\"Description\":null,\"PageMardkown\":null,\"Content\":null,\"CustomSegments\":null,\"WikipediaURL\":null,\"DisableLearningFunctions\":false,\"Visibility\":0,\"ParentIds\":[12],\"ChildIds\":null,\"DeleteChangeId\":null,\"DeletedName\":null}',1,2,7,51,'2025-06-17 19:06:28'),(352,15,'{\"PageRelations\":null,\"ImageWasUpdated\":false,\"Name\":\"ContentCreator Subtopic 12-3\",\"Description\":null,\"PageMardkown\":null,\"Content\":null,\"CustomSegments\":null,\"WikipediaURL\":null,\"DisableLearningFunctions\":false,\"Visibility\":0,\"ParentIds\":[12],\"ChildIds\":null,\"DeleteChangeId\":null,\"DeletedName\":null}',1,2,7,51,'2025-06-17 19:06:29'),(353,16,'{\"PageRelations\":null,\"ImageWasUpdated\":false,\"Name\":\"ContentCreator Topic 2\",\"Description\":null,\"PageMardkown\":null,\"Content\":null,\"CustomSegments\":null,\"WikipediaURL\":null,\"DisableLearningFunctions\":false,\"Visibility\":0,\"ParentIds\":null,\"ChildIds\":[17],\"DeleteChangeId\":null,\"DeletedName\":null}',1,2,7,51,'2025-06-17 19:06:29'),(354,17,'{\"PageRelations\":null,\"ImageWasUpdated\":false,\"Name\":\"ContentCreator Subtopic 16-1\",\"Description\":null,\"PageMardkown\":null,\"Content\":null,\"CustomSegments\":null,\"WikipediaURL\":null,\"DisableLearningFunctions\":false,\"Visibility\":0,\"ParentIds\":[16],\"ChildIds\":[18,19,20],\"DeleteChangeId\":null,\"DeletedName\":null}',1,2,7,51,'2025-06-17 19:06:29'),(355,18,'{\"PageRelations\":null,\"ImageWasUpdated\":false,\"Name\":\"ContentCreator Subtopic 17-1\",\"Description\":null,\"PageMardkown\":null,\"Content\":null,\"CustomSegments\":null,\"WikipediaURL\":null,\"DisableLearningFunctions\":false,\"Visibility\":0,\"ParentIds\":[17],\"ChildIds\":null,\"DeleteChangeId\":null,\"DeletedName\":null}',1,2,7,51,'2025-06-17 19:06:29'),(356,19,'{\"PageRelations\":null,\"ImageWasUpdated\":false,\"Name\":\"ContentCreator Subtopic 17-2\",\"Description\":null,\"PageMardkown\":null,\"Content\":null,\"CustomSegments\":null,\"WikipediaURL\":null,\"DisableLearningFunctions\":false,\"Visibility\":0,\"ParentIds\":[17],\"ChildIds\":null,\"DeleteChangeId\":null,\"DeletedName\":null}',1,2,7,51,'2025-06-17 19:06:29'),(357,20,'{\"PageRelations\":null,\"ImageWasUpdated\":false,\"Name\":\"ContentCreator Subtopic 17-3\",\"Description\":null,\"PageMardkown\":null,\"Content\":null,\"CustomSegments\":null,\"WikipediaURL\":null,\"DisableLearningFunctions\":false,\"Visibility\":0,\"ParentIds\":[17],\"ChildIds\":null,\"DeleteChangeId\":null,\"DeletedName\":null}',1,2,7,51,'2025-06-17 19:06:29'),(358,21,'{\"PageRelations\":null,\"ImageWasUpdated\":false,\"Name\":\"QuestionContributor Topic 1\",\"Description\":null,\"PageMardkown\":null,\"Content\":null,\"CustomSegments\":null,\"WikipediaURL\":null,\"DisableLearningFunctions\":false,\"Visibility\":0,\"ParentIds\":null,\"ChildIds\":[22],\"DeleteChangeId\":null,\"DeletedName\":null}',1,2,7,52,'2025-06-17 19:06:29'),(359,22,'{\"PageRelations\":null,\"ImageWasUpdated\":false,\"Name\":\"QuestionContributor Subtopic 21-1\",\"Description\":null,\"PageMardkown\":null,\"Content\":null,\"CustomSegments\":null,\"WikipediaURL\":null,\"DisableLearningFunctions\":false,\"Visibility\":0,\"ParentIds\":[21],\"ChildIds\":[23],\"DeleteChangeId\":null,\"DeletedName\":null}',1,2,7,52,'2025-06-17 19:06:29'),(360,23,'{\"PageRelations\":null,\"ImageWasUpdated\":false,\"Name\":\"QuestionContributor Subtopic 22-1\",\"Description\":null,\"PageMardkown\":null,\"Content\":null,\"CustomSegments\":null,\"WikipediaURL\":null,\"DisableLearningFunctions\":false,\"Visibility\":0,\"ParentIds\":[22],\"ChildIds\":null,\"DeleteChangeId\":null,\"DeletedName\":null}',1,2,7,52,'2025-06-17 19:06:29'),(361,24,'{\"PageRelations\":null,\"ImageWasUpdated\":false,\"Name\":\"QuestionContributor Subtopic 22-2\",\"Description\":null,\"PageMardkown\":null,\"Content\":null,\"CustomSegments\":null,\"WikipediaURL\":null,\"DisableLearningFunctions\":false,\"Visibility\":0,\"ParentIds\":null,\"ChildIds\":null,\"DeleteChangeId\":null,\"DeletedName\":null}',1,2,0,4,'2025-06-17 19:06:29'),(362,24,'{\"PageRelations\":null,\"ImageWasUpdated\":false,\"Name\":\"QuestionContributor Subtopic 22-2\",\"Description\":null,\"PageMardkown\":null,\"Content\":null,\"CustomSegments\":null,\"WikipediaURL\":null,\"DisableLearningFunctions\":false,\"Visibility\":0,\"ParentIds\":[22],\"ChildIds\":null,\"DeleteChangeId\":null,\"DeletedName\":null}',1,2,7,1,'2025-06-17 19:06:29'),(363,22,'{\"PageRelations\":null,\"ImageWasUpdated\":false,\"Name\":\"QuestionContributor Subtopic 21-1\",\"Description\":null,\"PageMardkown\":null,\"Content\":null,\"CustomSegments\":null,\"WikipediaURL\":null,\"DisableLearningFunctions\":false,\"Visibility\":0,\"ParentIds\":[21],\"ChildIds\":[23,24],\"DeleteChangeId\":null,\"DeletedName\":null}',1,2,7,1,'2025-06-17 19:06:29'),(364,1,'{\"PageRelations\":null,\"ImageWasUpdated\":false,\"Name\":\"LearningUser Topic 1\",\"Description\":null,\"PageMardkown\":null,\"Content\":null,\"CustomSegments\":null,\"WikipediaURL\":null,\"DisableLearningFunctions\":false,\"Visibility\":0,\"ParentIds\":null,\"ChildIds\":[2],\"DeleteChangeId\":null,\"DeletedName\":null}',1,2,7,50,'2025-06-17 19:06:29'),(365,2,'{\"PageRelations\":null,\"ImageWasUpdated\":false,\"Name\":\"LearningUser Subtopic 1-1\",\"Description\":null,\"PageMardkown\":null,\"Content\":null,\"CustomSegments\":null,\"WikipediaURL\":null,\"DisableLearningFunctions\":false,\"Visibility\":0,\"ParentIds\":[1],\"ChildIds\":[3],\"DeleteChangeId\":null,\"DeletedName\":null}',1,2,7,50,'2025-06-17 19:06:29'),(366,3,'{\"PageRelations\":null,\"ImageWasUpdated\":false,\"Name\":\"LearningUser Subtopic 2-1\",\"Description\":null,\"PageMardkown\":null,\"Content\":null,\"CustomSegments\":null,\"WikipediaURL\":null,\"DisableLearningFunctions\":false,\"Visibility\":0,\"ParentIds\":[2],\"ChildIds\":null,\"DeleteChangeId\":null,\"DeletedName\":null}',1,2,7,50,'2025-06-17 19:06:29'),(367,4,'{\"PageRelations\":null,\"ImageWasUpdated\":false,\"Name\":\"ContentCreator Topic 1\",\"Description\":null,\"PageMardkown\":null,\"Content\":null,\"CustomSegments\":null,\"WikipediaURL\":null,\"DisableLearningFunctions\":false,\"Visibility\":0,\"ParentIds\":null,\"ChildIds\":[5,8,12],\"DeleteChangeId\":null,\"DeletedName\":null}',1,2,7,51,'2025-06-17 19:06:29'),(368,5,'{\"PageRelations\":null,\"ImageWasUpdated\":false,\"Name\":\"ContentCreator Subtopic 4-1\",\"Description\":null,\"PageMardkown\":null,\"Content\":null,\"CustomSegments\":null,\"WikipediaURL\":null,\"DisableLearningFunctions\":false,\"Visibility\":0,\"ParentIds\":[4],\"ChildIds\":[6,7],\"DeleteChangeId\":null,\"DeletedName\":null}',1,2,7,51,'2025-06-17 19:06:29'),(369,6,'{\"PageRelations\":null,\"ImageWasUpdated\":false,\"Name\":\"ContentCreator Subtopic 5-1\",\"Description\":null,\"PageMardkown\":null,\"Content\":null,\"CustomSegments\":null,\"WikipediaURL\":null,\"DisableLearningFunctions\":false,\"Visibility\":0,\"ParentIds\":[5],\"ChildIds\":null,\"DeleteChangeId\":null,\"DeletedName\":null}',1,2,7,51,'2025-06-17 19:06:29'),(370,7,'{\"PageRelations\":null,\"ImageWasUpdated\":false,\"Name\":\"ContentCreator Subtopic 5-2\",\"Description\":null,\"PageMardkown\":null,\"Content\":null,\"CustomSegments\":null,\"WikipediaURL\":null,\"DisableLearningFunctions\":false,\"Visibility\":0,\"ParentIds\":[5],\"ChildIds\":null,\"DeleteChangeId\":null,\"DeletedName\":null}',1,2,7,51,'2025-06-17 19:06:29'),(371,8,'{\"PageRelations\":null,\"ImageWasUpdated\":false,\"Name\":\"ContentCreator Subtopic 4-2\",\"Description\":null,\"PageMardkown\":null,\"Content\":null,\"CustomSegments\":null,\"WikipediaURL\":null,\"DisableLearningFunctions\":false,\"Visibility\":0,\"ParentIds\":[4],\"ChildIds\":[9,10,11],\"DeleteChangeId\":null,\"DeletedName\":null}',1,2,7,51,'2025-06-17 19:06:29'),(372,9,'{\"PageRelations\":null,\"ImageWasUpdated\":false,\"Name\":\"ContentCreator Subtopic 8-1\",\"Description\":null,\"PageMardkown\":null,\"Content\":null,\"CustomSegments\":null,\"WikipediaURL\":null,\"DisableLearningFunctions\":false,\"Visibility\":0,\"ParentIds\":[8],\"ChildIds\":null,\"DeleteChangeId\":null,\"DeletedName\":null}',1,2,7,51,'2025-06-17 19:06:29'),(373,10,'{\"PageRelations\":null,\"ImageWasUpdated\":false,\"Name\":\"ContentCreator Subtopic 8-2\",\"Description\":null,\"PageMardkown\":null,\"Content\":null,\"CustomSegments\":null,\"WikipediaURL\":null,\"DisableLearningFunctions\":false,\"Visibility\":0,\"ParentIds\":[8],\"ChildIds\":null,\"DeleteChangeId\":null,\"DeletedName\":null}',1,2,7,51,'2025-06-17 19:06:29'),(374,11,'{\"PageRelations\":null,\"ImageWasUpdated\":false,\"Name\":\"ContentCreator Subtopic 8-3\",\"Description\":null,\"PageMardkown\":null,\"Content\":null,\"CustomSegments\":null,\"WikipediaURL\":null,\"DisableLearningFunctions\":false,\"Visibility\":0,\"ParentIds\":[8],\"ChildIds\":null,\"DeleteChangeId\":null,\"DeletedName\":null}',1,2,7,51,'2025-06-17 19:06:29'),(375,12,'{\"PageRelations\":null,\"ImageWasUpdated\":false,\"Name\":\"ContentCreator Subtopic 4-3\",\"Description\":null,\"PageMardkown\":null,\"Content\":null,\"CustomSegments\":null,\"WikipediaURL\":null,\"DisableLearningFunctions\":false,\"Visibility\":0,\"ParentIds\":[4],\"ChildIds\":[13,14,15],\"DeleteChangeId\":null,\"DeletedName\":null}',1,2,7,51,'2025-06-17 19:06:29'),(376,13,'{\"PageRelations\":null,\"ImageWasUpdated\":false,\"Name\":\"ContentCreator Subtopic 12-1\",\"Description\":null,\"PageMardkown\":null,\"Content\":null,\"CustomSegments\":null,\"WikipediaURL\":null,\"DisableLearningFunctions\":false,\"Visibility\":0,\"ParentIds\":[12],\"ChildIds\":null,\"DeleteChangeId\":null,\"DeletedName\":null}',1,2,7,51,'2025-06-17 19:06:29'),(377,14,'{\"PageRelations\":null,\"ImageWasUpdated\":false,\"Name\":\"ContentCreator Subtopic 12-2\",\"Description\":null,\"PageMardkown\":null,\"Content\":null,\"CustomSegments\":null,\"WikipediaURL\":null,\"DisableLearningFunctions\":false,\"Visibility\":0,\"ParentIds\":[12],\"ChildIds\":null,\"DeleteChangeId\":null,\"DeletedName\":null}',1,2,7,51,'2025-06-17 19:06:29'),(378,15,'{\"PageRelations\":null,\"ImageWasUpdated\":false,\"Name\":\"ContentCreator Subtopic 12-3\",\"Description\":null,\"PageMardkown\":null,\"Content\":null,\"CustomSegments\":null,\"WikipediaURL\":null,\"DisableLearningFunctions\":false,\"Visibility\":0,\"ParentIds\":[12],\"ChildIds\":null,\"DeleteChangeId\":null,\"DeletedName\":null}',1,2,7,51,'2025-06-17 19:06:29'),(379,16,'{\"PageRelations\":null,\"ImageWasUpdated\":false,\"Name\":\"ContentCreator Topic 2\",\"Description\":null,\"PageMardkown\":null,\"Content\":null,\"CustomSegments\":null,\"WikipediaURL\":null,\"DisableLearningFunctions\":false,\"Visibility\":0,\"ParentIds\":null,\"ChildIds\":[17],\"DeleteChangeId\":null,\"DeletedName\":null}',1,2,7,51,'2025-06-17 19:06:29'),(380,17,'{\"PageRelations\":null,\"ImageWasUpdated\":false,\"Name\":\"ContentCreator Subtopic 16-1\",\"Description\":null,\"PageMardkown\":null,\"Content\":null,\"CustomSegments\":null,\"WikipediaURL\":null,\"DisableLearningFunctions\":false,\"Visibility\":0,\"ParentIds\":[16],\"ChildIds\":[18,19,20],\"DeleteChangeId\":null,\"DeletedName\":null}',1,2,7,51,'2025-06-17 19:06:29'),(381,18,'{\"PageRelations\":null,\"ImageWasUpdated\":false,\"Name\":\"ContentCreator Subtopic 17-1\",\"Description\":null,\"PageMardkown\":null,\"Content\":null,\"CustomSegments\":null,\"WikipediaURL\":null,\"DisableLearningFunctions\":false,\"Visibility\":0,\"ParentIds\":[17],\"ChildIds\":null,\"DeleteChangeId\":null,\"DeletedName\":null}',1,2,7,51,'2025-06-17 19:06:29'),(382,19,'{\"PageRelations\":null,\"ImageWasUpdated\":false,\"Name\":\"ContentCreator Subtopic 17-2\",\"Description\":null,\"PageMardkown\":null,\"Content\":null,\"CustomSegments\":null,\"WikipediaURL\":null,\"DisableLearningFunctions\":false,\"Visibility\":0,\"ParentIds\":[17],\"ChildIds\":null,\"DeleteChangeId\":null,\"DeletedName\":null}',1,2,7,51,'2025-06-17 19:06:29'),(383,20,'{\"PageRelations\":null,\"ImageWasUpdated\":false,\"Name\":\"ContentCreator Subtopic 17-3\",\"Description\":null,\"PageMardkown\":null,\"Content\":null,\"CustomSegments\":null,\"WikipediaURL\":null,\"DisableLearningFunctions\":false,\"Visibility\":0,\"ParentIds\":[17],\"ChildIds\":null,\"DeleteChangeId\":null,\"DeletedName\":null}',1,2,7,51,'2025-06-17 19:06:29'),(384,21,'{\"PageRelations\":null,\"ImageWasUpdated\":false,\"Name\":\"QuestionContributor Topic 1\",\"Description\":null,\"PageMardkown\":null,\"Content\":null,\"CustomSegments\":null,\"WikipediaURL\":null,\"DisableLearningFunctions\":false,\"Visibility\":0,\"ParentIds\":null,\"ChildIds\":[22],\"DeleteChangeId\":null,\"DeletedName\":null}',1,2,7,52,'2025-06-17 19:06:29'),(385,22,'{\"PageRelations\":null,\"ImageWasUpdated\":false,\"Name\":\"QuestionContributor Subtopic 21-1\",\"Description\":null,\"PageMardkown\":null,\"Content\":null,\"CustomSegments\":null,\"WikipediaURL\":null,\"DisableLearningFunctions\":false,\"Visibility\":0,\"ParentIds\":[21],\"ChildIds\":[23,24],\"DeleteChangeId\":null,\"DeletedName\":null}',1,2,7,52,'2025-06-17 19:06:29'),(386,23,'{\"PageRelations\":null,\"ImageWasUpdated\":false,\"Name\":\"QuestionContributor Subtopic 22-1\",\"Description\":null,\"PageMardkown\":null,\"Content\":null,\"CustomSegments\":null,\"WikipediaURL\":null,\"DisableLearningFunctions\":false,\"Visibility\":0,\"ParentIds\":[22],\"ChildIds\":null,\"DeleteChangeId\":null,\"DeletedName\":null}',1,2,7,52,'2025-06-17 19:06:29'),(387,24,'{\"PageRelations\":null,\"ImageWasUpdated\":false,\"Name\":\"QuestionContributor Subtopic 22-2\",\"Description\":null,\"PageMardkown\":null,\"Content\":null,\"CustomSegments\":null,\"WikipediaURL\":null,\"DisableLearningFunctions\":false,\"Visibility\":0,\"ParentIds\":[22],\"ChildIds\":null,\"DeleteChangeId\":null,\"DeletedName\":null}',1,2,7,52,'2025-06-17 19:06:29'),(388,25,'{\"PageRelations\":null,\"ImageWasUpdated\":false,\"Name\":\"QuestionContributor Topic 2\",\"Description\":null,\"PageMardkown\":null,\"Content\":null,\"CustomSegments\":null,\"WikipediaURL\":null,\"DisableLearningFunctions\":false,\"Visibility\":0,\"ParentIds\":null,\"ChildIds\":null,\"DeleteChangeId\":null,\"DeletedName\":null}',1,2,0,4,'2025-06-17 19:06:29'),(389,1,'{\"PageRelations\":null,\"ImageWasUpdated\":false,\"Name\":\"LearningUser Topic 1\",\"Description\":null,\"PageMardkown\":null,\"Content\":null,\"CustomSegments\":null,\"WikipediaURL\":null,\"DisableLearningFunctions\":false,\"Visibility\":0,\"ParentIds\":null,\"ChildIds\":[2],\"DeleteChangeId\":null,\"DeletedName\":null}',1,2,7,50,'2025-06-17 19:06:29'),(390,2,'{\"PageRelations\":null,\"ImageWasUpdated\":false,\"Name\":\"LearningUser Subtopic 1-1\",\"Description\":null,\"PageMardkown\":null,\"Content\":null,\"CustomSegments\":null,\"WikipediaURL\":null,\"DisableLearningFunctions\":false,\"Visibility\":0,\"ParentIds\":[1],\"ChildIds\":[3],\"DeleteChangeId\":null,\"DeletedName\":null}',1,2,7,50,'2025-06-17 19:06:29'),(391,3,'{\"PageRelations\":null,\"ImageWasUpdated\":false,\"Name\":\"LearningUser Subtopic 2-1\",\"Description\":null,\"PageMardkown\":null,\"Content\":null,\"CustomSegments\":null,\"WikipediaURL\":null,\"DisableLearningFunctions\":false,\"Visibility\":0,\"ParentIds\":[2],\"ChildIds\":null,\"DeleteChangeId\":null,\"DeletedName\":null}',1,2,7,50,'2025-06-17 19:06:29'),(392,4,'{\"PageRelations\":null,\"ImageWasUpdated\":false,\"Name\":\"ContentCreator Topic 1\",\"Description\":null,\"PageMardkown\":null,\"Content\":null,\"CustomSegments\":null,\"WikipediaURL\":null,\"DisableLearningFunctions\":false,\"Visibility\":0,\"ParentIds\":null,\"ChildIds\":[5,8,12],\"DeleteChangeId\":null,\"DeletedName\":null}',1,2,7,51,'2025-06-17 19:06:29'),(393,5,'{\"PageRelations\":null,\"ImageWasUpdated\":false,\"Name\":\"ContentCreator Subtopic 4-1\",\"Description\":null,\"PageMardkown\":null,\"Content\":null,\"CustomSegments\":null,\"WikipediaURL\":null,\"DisableLearningFunctions\":false,\"Visibility\":0,\"ParentIds\":[4],\"ChildIds\":[6,7],\"DeleteChangeId\":null,\"DeletedName\":null}',1,2,7,51,'2025-06-17 19:06:30'),(394,6,'{\"PageRelations\":null,\"ImageWasUpdated\":false,\"Name\":\"ContentCreator Subtopic 5-1\",\"Description\":null,\"PageMardkown\":null,\"Content\":null,\"CustomSegments\":null,\"WikipediaURL\":null,\"DisableLearningFunctions\":false,\"Visibility\":0,\"ParentIds\":[5],\"ChildIds\":null,\"DeleteChangeId\":null,\"DeletedName\":null}',1,2,7,51,'2025-06-17 19:06:30'),(395,7,'{\"PageRelations\":null,\"ImageWasUpdated\":false,\"Name\":\"ContentCreator Subtopic 5-2\",\"Description\":null,\"PageMardkown\":null,\"Content\":null,\"CustomSegments\":null,\"WikipediaURL\":null,\"DisableLearningFunctions\":false,\"Visibility\":0,\"ParentIds\":[5],\"ChildIds\":null,\"DeleteChangeId\":null,\"DeletedName\":null}',1,2,7,51,'2025-06-17 19:06:30'),(396,8,'{\"PageRelations\":null,\"ImageWasUpdated\":false,\"Name\":\"ContentCreator Subtopic 4-2\",\"Description\":null,\"PageMardkown\":null,\"Content\":null,\"CustomSegments\":null,\"WikipediaURL\":null,\"DisableLearningFunctions\":false,\"Visibility\":0,\"ParentIds\":[4],\"ChildIds\":[9,10,11],\"DeleteChangeId\":null,\"DeletedName\":null}',1,2,7,51,'2025-06-17 19:06:30'),(397,9,'{\"PageRelations\":null,\"ImageWasUpdated\":false,\"Name\":\"ContentCreator Subtopic 8-1\",\"Description\":null,\"PageMardkown\":null,\"Content\":null,\"CustomSegments\":null,\"WikipediaURL\":null,\"DisableLearningFunctions\":false,\"Visibility\":0,\"ParentIds\":[8],\"ChildIds\":null,\"DeleteChangeId\":null,\"DeletedName\":null}',1,2,7,51,'2025-06-17 19:06:30'),(398,10,'{\"PageRelations\":null,\"ImageWasUpdated\":false,\"Name\":\"ContentCreator Subtopic 8-2\",\"Description\":null,\"PageMardkown\":null,\"Content\":null,\"CustomSegments\":null,\"WikipediaURL\":null,\"DisableLearningFunctions\":false,\"Visibility\":0,\"ParentIds\":[8],\"ChildIds\":null,\"DeleteChangeId\":null,\"DeletedName\":null}',1,2,7,51,'2025-06-17 19:06:30'),(399,11,'{\"PageRelations\":null,\"ImageWasUpdated\":false,\"Name\":\"ContentCreator Subtopic 8-3\",\"Description\":null,\"PageMardkown\":null,\"Content\":null,\"CustomSegments\":null,\"WikipediaURL\":null,\"DisableLearningFunctions\":false,\"Visibility\":0,\"ParentIds\":[8],\"ChildIds\":null,\"DeleteChangeId\":null,\"DeletedName\":null}',1,2,7,51,'2025-06-17 19:06:30'),(400,12,'{\"PageRelations\":null,\"ImageWasUpdated\":false,\"Name\":\"ContentCreator Subtopic 4-3\",\"Description\":null,\"PageMardkown\":null,\"Content\":null,\"CustomSegments\":null,\"WikipediaURL\":null,\"DisableLearningFunctions\":false,\"Visibility\":0,\"ParentIds\":[4],\"ChildIds\":[13,14,15],\"DeleteChangeId\":null,\"DeletedName\":null}',1,2,7,51,'2025-06-17 19:06:30'),(401,13,'{\"PageRelations\":null,\"ImageWasUpdated\":false,\"Name\":\"ContentCreator Subtopic 12-1\",\"Description\":null,\"PageMardkown\":null,\"Content\":null,\"CustomSegments\":null,\"WikipediaURL\":null,\"DisableLearningFunctions\":false,\"Visibility\":0,\"ParentIds\":[12],\"ChildIds\":null,\"DeleteChangeId\":null,\"DeletedName\":null}',1,2,7,51,'2025-06-17 19:06:30'),(402,14,'{\"PageRelations\":null,\"ImageWasUpdated\":false,\"Name\":\"ContentCreator Subtopic 12-2\",\"Description\":null,\"PageMardkown\":null,\"Content\":null,\"CustomSegments\":null,\"WikipediaURL\":null,\"DisableLearningFunctions\":false,\"Visibility\":0,\"ParentIds\":[12],\"ChildIds\":null,\"DeleteChangeId\":null,\"DeletedName\":null}',1,2,7,51,'2025-06-17 19:06:30'),(403,15,'{\"PageRelations\":null,\"ImageWasUpdated\":false,\"Name\":\"ContentCreator Subtopic 12-3\",\"Description\":null,\"PageMardkown\":null,\"Content\":null,\"CustomSegments\":null,\"WikipediaURL\":null,\"DisableLearningFunctions\":false,\"Visibility\":0,\"ParentIds\":[12],\"ChildIds\":null,\"DeleteChangeId\":null,\"DeletedName\":null}',1,2,7,51,'2025-06-17 19:06:30'),(404,16,'{\"PageRelations\":null,\"ImageWasUpdated\":false,\"Name\":\"ContentCreator Topic 2\",\"Description\":null,\"PageMardkown\":null,\"Content\":null,\"CustomSegments\":null,\"WikipediaURL\":null,\"DisableLearningFunctions\":false,\"Visibility\":0,\"ParentIds\":null,\"ChildIds\":[17],\"DeleteChangeId\":null,\"DeletedName\":null}',1,2,7,51,'2025-06-17 19:06:30'),(405,17,'{\"PageRelations\":null,\"ImageWasUpdated\":false,\"Name\":\"ContentCreator Subtopic 16-1\",\"Description\":null,\"PageMardkown\":null,\"Content\":null,\"CustomSegments\":null,\"WikipediaURL\":null,\"DisableLearningFunctions\":false,\"Visibility\":0,\"ParentIds\":[16],\"ChildIds\":[18,19,20],\"DeleteChangeId\":null,\"DeletedName\":null}',1,2,7,51,'2025-06-17 19:06:30'),(406,18,'{\"PageRelations\":null,\"ImageWasUpdated\":false,\"Name\":\"ContentCreator Subtopic 17-1\",\"Description\":null,\"PageMardkown\":null,\"Content\":null,\"CustomSegments\":null,\"WikipediaURL\":null,\"DisableLearningFunctions\":false,\"Visibility\":0,\"ParentIds\":[17],\"ChildIds\":null,\"DeleteChangeId\":null,\"DeletedName\":null}',1,2,7,51,'2025-06-17 19:06:30'),(407,19,'{\"PageRelations\":null,\"ImageWasUpdated\":false,\"Name\":\"ContentCreator Subtopic 17-2\",\"Description\":null,\"PageMardkown\":null,\"Content\":null,\"CustomSegments\":null,\"WikipediaURL\":null,\"DisableLearningFunctions\":false,\"Visibility\":0,\"ParentIds\":[17],\"ChildIds\":null,\"DeleteChangeId\":null,\"DeletedName\":null}',1,2,7,51,'2025-06-17 19:06:30'),(408,20,'{\"PageRelations\":null,\"ImageWasUpdated\":false,\"Name\":\"ContentCreator Subtopic 17-3\",\"Description\":null,\"PageMardkown\":null,\"Content\":null,\"CustomSegments\":null,\"WikipediaURL\":null,\"DisableLearningFunctions\":false,\"Visibility\":0,\"ParentIds\":[17],\"ChildIds\":null,\"DeleteChangeId\":null,\"DeletedName\":null}',1,2,7,51,'2025-06-17 19:06:30'),(409,21,'{\"PageRelations\":null,\"ImageWasUpdated\":false,\"Name\":\"QuestionContributor Topic 1\",\"Description\":null,\"PageMardkown\":null,\"Content\":null,\"CustomSegments\":null,\"WikipediaURL\":null,\"DisableLearningFunctions\":false,\"Visibility\":0,\"ParentIds\":null,\"ChildIds\":[22],\"DeleteChangeId\":null,\"DeletedName\":null}',1,2,7,52,'2025-06-17 19:06:30'),(410,22,'{\"PageRelations\":null,\"ImageWasUpdated\":false,\"Name\":\"QuestionContributor Subtopic 21-1\",\"Description\":null,\"PageMardkown\":null,\"Content\":null,\"CustomSegments\":null,\"WikipediaURL\":null,\"DisableLearningFunctions\":false,\"Visibility\":0,\"ParentIds\":[21],\"ChildIds\":[23,24],\"DeleteChangeId\":null,\"DeletedName\":null}',1,2,7,52,'2025-06-17 19:06:30'),(411,23,'{\"PageRelations\":null,\"ImageWasUpdated\":false,\"Name\":\"QuestionContributor Subtopic 22-1\",\"Description\":null,\"PageMardkown\":null,\"Content\":null,\"CustomSegments\":null,\"WikipediaURL\":null,\"DisableLearningFunctions\":false,\"Visibility\":0,\"ParentIds\":[22],\"ChildIds\":null,\"DeleteChangeId\":null,\"DeletedName\":null}',1,2,7,52,'2025-06-17 19:06:30'),(412,24,'{\"PageRelations\":null,\"ImageWasUpdated\":false,\"Name\":\"QuestionContributor Subtopic 22-2\",\"Description\":null,\"PageMardkown\":null,\"Content\":null,\"CustomSegments\":null,\"WikipediaURL\":null,\"DisableLearningFunctions\":false,\"Visibility\":0,\"ParentIds\":[22],\"ChildIds\":null,\"DeleteChangeId\":null,\"DeletedName\":null}',1,2,7,52,'2025-06-17 19:06:30'),(413,25,'{\"PageRelations\":null,\"ImageWasUpdated\":false,\"Name\":\"QuestionContributor Topic 2\",\"Description\":null,\"PageMardkown\":null,\"Content\":null,\"CustomSegments\":null,\"WikipediaURL\":null,\"DisableLearningFunctions\":false,\"Visibility\":0,\"ParentIds\":null,\"ChildIds\":null,\"DeleteChangeId\":null,\"DeletedName\":null}',1,2,7,52,'2025-06-17 19:06:30'),(414,26,'{\"PageRelations\":null,\"ImageWasUpdated\":false,\"Name\":\"QuestionContributor Subtopic 25-1\",\"Description\":null,\"PageMardkown\":null,\"Content\":null,\"CustomSegments\":null,\"WikipediaURL\":null,\"DisableLearningFunctions\":false,\"Visibility\":0,\"ParentIds\":null,\"ChildIds\":null,\"DeleteChangeId\":null,\"DeletedName\":null}',1,2,0,4,'2025-06-17 19:06:30'),(415,26,'{\"PageRelations\":null,\"ImageWasUpdated\":false,\"Name\":\"QuestionContributor Subtopic 25-1\",\"Description\":null,\"PageMardkown\":null,\"Content\":null,\"CustomSegments\":null,\"WikipediaURL\":null,\"DisableLearningFunctions\":false,\"Visibility\":0,\"ParentIds\":[25],\"ChildIds\":null,\"DeleteChangeId\":null,\"DeletedName\":null}',1,2,7,1,'2025-06-17 19:06:30'),(416,25,'{\"PageRelations\":null,\"ImageWasUpdated\":false,\"Name\":\"QuestionContributor Topic 2\",\"Description\":null,\"PageMardkown\":null,\"Content\":null,\"CustomSegments\":null,\"WikipediaURL\":null,\"DisableLearningFunctions\":false,\"Visibility\":0,\"ParentIds\":null,\"ChildIds\":[26],\"DeleteChangeId\":null,\"DeletedName\":null}',1,2,7,1,'2025-06-17 19:06:30'),(417,1,'{\"PageRelations\":null,\"ImageWasUpdated\":false,\"Name\":\"LearningUser Topic 1\",\"Description\":null,\"PageMardkown\":null,\"Content\":null,\"CustomSegments\":null,\"WikipediaURL\":null,\"DisableLearningFunctions\":false,\"Visibility\":0,\"ParentIds\":null,\"ChildIds\":[2],\"DeleteChangeId\":null,\"DeletedName\":null}',1,2,7,50,'2025-06-17 19:06:30'),(418,2,'{\"PageRelations\":null,\"ImageWasUpdated\":false,\"Name\":\"LearningUser Subtopic 1-1\",\"Description\":null,\"PageMardkown\":null,\"Content\":null,\"CustomSegments\":null,\"WikipediaURL\":null,\"DisableLearningFunctions\":false,\"Visibility\":0,\"ParentIds\":[1],\"ChildIds\":[3],\"DeleteChangeId\":null,\"DeletedName\":null}',1,2,7,50,'2025-06-17 19:06:30'),(419,3,'{\"PageRelations\":null,\"ImageWasUpdated\":false,\"Name\":\"LearningUser Subtopic 2-1\",\"Description\":null,\"PageMardkown\":null,\"Content\":null,\"CustomSegments\":null,\"WikipediaURL\":null,\"DisableLearningFunctions\":false,\"Visibility\":0,\"ParentIds\":[2],\"ChildIds\":null,\"DeleteChangeId\":null,\"DeletedName\":null}',1,2,7,50,'2025-06-17 19:06:30'),(420,4,'{\"PageRelations\":null,\"ImageWasUpdated\":false,\"Name\":\"ContentCreator Topic 1\",\"Description\":null,\"PageMardkown\":null,\"Content\":null,\"CustomSegments\":null,\"WikipediaURL\":null,\"DisableLearningFunctions\":false,\"Visibility\":0,\"ParentIds\":null,\"ChildIds\":[5,8,12],\"DeleteChangeId\":null,\"DeletedName\":null}',1,2,7,51,'2025-06-17 19:06:30'),(421,5,'{\"PageRelations\":null,\"ImageWasUpdated\":false,\"Name\":\"ContentCreator Subtopic 4-1\",\"Description\":null,\"PageMardkown\":null,\"Content\":null,\"CustomSegments\":null,\"WikipediaURL\":null,\"DisableLearningFunctions\":false,\"Visibility\":0,\"ParentIds\":[4],\"ChildIds\":[6,7],\"DeleteChangeId\":null,\"DeletedName\":null}',1,2,7,51,'2025-06-17 19:06:30'),(422,6,'{\"PageRelations\":null,\"ImageWasUpdated\":false,\"Name\":\"ContentCreator Subtopic 5-1\",\"Description\":null,\"PageMardkown\":null,\"Content\":null,\"CustomSegments\":null,\"WikipediaURL\":null,\"DisableLearningFunctions\":false,\"Visibility\":0,\"ParentIds\":[5],\"ChildIds\":null,\"DeleteChangeId\":null,\"DeletedName\":null}',1,2,7,51,'2025-06-17 19:06:30'),(423,7,'{\"PageRelations\":null,\"ImageWasUpdated\":false,\"Name\":\"ContentCreator Subtopic 5-2\",\"Description\":null,\"PageMardkown\":null,\"Content\":null,\"CustomSegments\":null,\"WikipediaURL\":null,\"DisableLearningFunctions\":false,\"Visibility\":0,\"ParentIds\":[5],\"ChildIds\":null,\"DeleteChangeId\":null,\"DeletedName\":null}',1,2,7,51,'2025-06-17 19:06:30'),(424,8,'{\"PageRelations\":null,\"ImageWasUpdated\":false,\"Name\":\"ContentCreator Subtopic 4-2\",\"Description\":null,\"PageMardkown\":null,\"Content\":null,\"CustomSegments\":null,\"WikipediaURL\":null,\"DisableLearningFunctions\":false,\"Visibility\":0,\"ParentIds\":[4],\"ChildIds\":[9,10,11],\"DeleteChangeId\":null,\"DeletedName\":null}',1,2,7,51,'2025-06-17 19:06:30'),(425,9,'{\"PageRelations\":null,\"ImageWasUpdated\":false,\"Name\":\"ContentCreator Subtopic 8-1\",\"Description\":null,\"PageMardkown\":null,\"Content\":null,\"CustomSegments\":null,\"WikipediaURL\":null,\"DisableLearningFunctions\":false,\"Visibility\":0,\"ParentIds\":[8],\"ChildIds\":null,\"DeleteChangeId\":null,\"DeletedName\":null}',1,2,7,51,'2025-06-17 19:06:30'),(426,10,'{\"PageRelations\":null,\"ImageWasUpdated\":false,\"Name\":\"ContentCreator Subtopic 8-2\",\"Description\":null,\"PageMardkown\":null,\"Content\":null,\"CustomSegments\":null,\"WikipediaURL\":null,\"DisableLearningFunctions\":false,\"Visibility\":0,\"ParentIds\":[8],\"ChildIds\":null,\"DeleteChangeId\":null,\"DeletedName\":null}',1,2,7,51,'2025-06-17 19:06:30'),(427,11,'{\"PageRelations\":null,\"ImageWasUpdated\":false,\"Name\":\"ContentCreator Subtopic 8-3\",\"Description\":null,\"PageMardkown\":null,\"Content\":null,\"CustomSegments\":null,\"WikipediaURL\":null,\"DisableLearningFunctions\":false,\"Visibility\":0,\"ParentIds\":[8],\"ChildIds\":null,\"DeleteChangeId\":null,\"DeletedName\":null}',1,2,7,51,'2025-06-17 19:06:30'),(428,12,'{\"PageRelations\":null,\"ImageWasUpdated\":false,\"Name\":\"ContentCreator Subtopic 4-3\",\"Description\":null,\"PageMardkown\":null,\"Content\":null,\"CustomSegments\":null,\"WikipediaURL\":null,\"DisableLearningFunctions\":false,\"Visibility\":0,\"ParentIds\":[4],\"ChildIds\":[13,14,15],\"DeleteChangeId\":null,\"DeletedName\":null}',1,2,7,51,'2025-06-17 19:06:30'),(429,13,'{\"PageRelations\":null,\"ImageWasUpdated\":false,\"Name\":\"ContentCreator Subtopic 12-1\",\"Description\":null,\"PageMardkown\":null,\"Content\":null,\"CustomSegments\":null,\"WikipediaURL\":null,\"DisableLearningFunctions\":false,\"Visibility\":0,\"ParentIds\":[12],\"ChildIds\":null,\"DeleteChangeId\":null,\"DeletedName\":null}',1,2,7,51,'2025-06-17 19:06:30'),(430,14,'{\"PageRelations\":null,\"ImageWasUpdated\":false,\"Name\":\"ContentCreator Subtopic 12-2\",\"Description\":null,\"PageMardkown\":null,\"Content\":null,\"CustomSegments\":null,\"WikipediaURL\":null,\"DisableLearningFunctions\":false,\"Visibility\":0,\"ParentIds\":[12],\"ChildIds\":null,\"DeleteChangeId\":null,\"DeletedName\":null}',1,2,7,51,'2025-06-17 19:06:30'),(431,15,'{\"PageRelations\":null,\"ImageWasUpdated\":false,\"Name\":\"ContentCreator Subtopic 12-3\",\"Description\":null,\"PageMardkown\":null,\"Content\":null,\"CustomSegments\":null,\"WikipediaURL\":null,\"DisableLearningFunctions\":false,\"Visibility\":0,\"ParentIds\":[12],\"ChildIds\":null,\"DeleteChangeId\":null,\"DeletedName\":null}',1,2,7,51,'2025-06-17 19:06:30'),(432,16,'{\"PageRelations\":null,\"ImageWasUpdated\":false,\"Name\":\"ContentCreator Topic 2\",\"Description\":null,\"PageMardkown\":null,\"Content\":null,\"CustomSegments\":null,\"WikipediaURL\":null,\"DisableLearningFunctions\":false,\"Visibility\":0,\"ParentIds\":null,\"ChildIds\":[17],\"DeleteChangeId\":null,\"DeletedName\":null}',1,2,7,51,'2025-06-17 19:06:30'),(433,17,'{\"PageRelations\":null,\"ImageWasUpdated\":false,\"Name\":\"ContentCreator Subtopic 16-1\",\"Description\":null,\"PageMardkown\":null,\"Content\":null,\"CustomSegments\":null,\"WikipediaURL\":null,\"DisableLearningFunctions\":false,\"Visibility\":0,\"ParentIds\":[16],\"ChildIds\":[18,19,20],\"DeleteChangeId\":null,\"DeletedName\":null}',1,2,7,51,'2025-06-17 19:06:30'),(434,18,'{\"PageRelations\":null,\"ImageWasUpdated\":false,\"Name\":\"ContentCreator Subtopic 17-1\",\"Description\":null,\"PageMardkown\":null,\"Content\":null,\"CustomSegments\":null,\"WikipediaURL\":null,\"DisableLearningFunctions\":false,\"Visibility\":0,\"ParentIds\":[17],\"ChildIds\":null,\"DeleteChangeId\":null,\"DeletedName\":null}',1,2,7,51,'2025-06-17 19:06:31'),(435,19,'{\"PageRelations\":null,\"ImageWasUpdated\":false,\"Name\":\"ContentCreator Subtopic 17-2\",\"Description\":null,\"PageMardkown\":null,\"Content\":null,\"CustomSegments\":null,\"WikipediaURL\":null,\"DisableLearningFunctions\":false,\"Visibility\":0,\"ParentIds\":[17],\"ChildIds\":null,\"DeleteChangeId\":null,\"DeletedName\":null}',1,2,7,51,'2025-06-17 19:06:31'),(436,20,'{\"PageRelations\":null,\"ImageWasUpdated\":false,\"Name\":\"ContentCreator Subtopic 17-3\",\"Description\":null,\"PageMardkown\":null,\"Content\":null,\"CustomSegments\":null,\"WikipediaURL\":null,\"DisableLearningFunctions\":false,\"Visibility\":0,\"ParentIds\":[17],\"ChildIds\":null,\"DeleteChangeId\":null,\"DeletedName\":null}',1,2,7,51,'2025-06-17 19:06:31'),(437,21,'{\"PageRelations\":null,\"ImageWasUpdated\":false,\"Name\":\"QuestionContributor Topic 1\",\"Description\":null,\"PageMardkown\":null,\"Content\":null,\"CustomSegments\":null,\"WikipediaURL\":null,\"DisableLearningFunctions\":false,\"Visibility\":0,\"ParentIds\":null,\"ChildIds\":[22],\"DeleteChangeId\":null,\"DeletedName\":null}',1,2,7,52,'2025-06-17 19:06:31'),(438,22,'{\"PageRelations\":null,\"ImageWasUpdated\":false,\"Name\":\"QuestionContributor Subtopic 21-1\",\"Description\":null,\"PageMardkown\":null,\"Content\":null,\"CustomSegments\":null,\"WikipediaURL\":null,\"DisableLearningFunctions\":false,\"Visibility\":0,\"ParentIds\":[21],\"ChildIds\":[23,24],\"DeleteChangeId\":null,\"DeletedName\":null}',1,2,7,52,'2025-06-17 19:06:31'),(439,23,'{\"PageRelations\":null,\"ImageWasUpdated\":false,\"Name\":\"QuestionContributor Subtopic 22-1\",\"Description\":null,\"PageMardkown\":null,\"Content\":null,\"CustomSegments\":null,\"WikipediaURL\":null,\"DisableLearningFunctions\":false,\"Visibility\":0,\"ParentIds\":[22],\"ChildIds\":null,\"DeleteChangeId\":null,\"DeletedName\":null}',1,2,7,52,'2025-06-17 19:06:31'),(440,24,'{\"PageRelations\":null,\"ImageWasUpdated\":false,\"Name\":\"QuestionContributor Subtopic 22-2\",\"Description\":null,\"PageMardkown\":null,\"Content\":null,\"CustomSegments\":null,\"WikipediaURL\":null,\"DisableLearningFunctions\":false,\"Visibility\":0,\"ParentIds\":[22],\"ChildIds\":null,\"DeleteChangeId\":null,\"DeletedName\":null}',1,2,7,52,'2025-06-17 19:06:31'),(441,25,'{\"PageRelations\":null,\"ImageWasUpdated\":false,\"Name\":\"QuestionContributor Topic 2\",\"Description\":null,\"PageMardkown\":null,\"Content\":null,\"CustomSegments\":null,\"WikipediaURL\":null,\"DisableLearningFunctions\":false,\"Visibility\":0,\"ParentIds\":null,\"ChildIds\":[26],\"DeleteChangeId\":null,\"DeletedName\":null}',1,2,7,52,'2025-06-17 19:06:31'),(442,26,'{\"PageRelations\":null,\"ImageWasUpdated\":false,\"Name\":\"QuestionContributor Subtopic 25-1\",\"Description\":null,\"PageMardkown\":null,\"Content\":null,\"CustomSegments\":null,\"WikipediaURL\":null,\"DisableLearningFunctions\":false,\"Visibility\":0,\"ParentIds\":[25],\"ChildIds\":null,\"DeleteChangeId\":null,\"DeletedName\":null}',1,2,7,52,'2025-06-17 19:06:31'),(443,27,'{\"PageRelations\":null,\"ImageWasUpdated\":false,\"Name\":\"QuestionContributor Subtopic 26-1\",\"Description\":null,\"PageMardkown\":null,\"Content\":null,\"CustomSegments\":null,\"WikipediaURL\":null,\"DisableLearningFunctions\":false,\"Visibility\":0,\"ParentIds\":null,\"ChildIds\":null,\"DeleteChangeId\":null,\"DeletedName\":null}',1,2,0,4,'2025-06-17 19:06:31'),(444,27,'{\"PageRelations\":null,\"ImageWasUpdated\":false,\"Name\":\"QuestionContributor Subtopic 26-1\",\"Description\":null,\"PageMardkown\":null,\"Content\":null,\"CustomSegments\":null,\"WikipediaURL\":null,\"DisableLearningFunctions\":false,\"Visibility\":0,\"ParentIds\":[26],\"ChildIds\":null,\"DeleteChangeId\":null,\"DeletedName\":null}',1,2,7,1,'2025-06-17 19:06:31'),(445,26,'{\"PageRelations\":null,\"ImageWasUpdated\":false,\"Name\":\"QuestionContributor Subtopic 25-1\",\"Description\":null,\"PageMardkown\":null,\"Content\":null,\"CustomSegments\":null,\"WikipediaURL\":null,\"DisableLearningFunctions\":false,\"Visibility\":0,\"ParentIds\":[25],\"ChildIds\":[27],\"DeleteChangeId\":null,\"DeletedName\":null}',1,2,7,1,'2025-06-17 19:06:31'),(446,1,'{\"PageRelations\":null,\"ImageWasUpdated\":false,\"Name\":\"LearningUser Topic 1\",\"Description\":null,\"PageMardkown\":null,\"Content\":null,\"CustomSegments\":null,\"WikipediaURL\":null,\"DisableLearningFunctions\":false,\"Visibility\":0,\"ParentIds\":null,\"ChildIds\":[2],\"DeleteChangeId\":null,\"DeletedName\":null}',1,2,7,50,'2025-06-17 19:06:31'),(447,2,'{\"PageRelations\":null,\"ImageWasUpdated\":false,\"Name\":\"LearningUser Subtopic 1-1\",\"Description\":null,\"PageMardkown\":null,\"Content\":null,\"CustomSegments\":null,\"WikipediaURL\":null,\"DisableLearningFunctions\":false,\"Visibility\":0,\"ParentIds\":[1],\"ChildIds\":[3],\"DeleteChangeId\":null,\"DeletedName\":null}',1,2,7,50,'2025-06-17 19:06:31'),(448,3,'{\"PageRelations\":null,\"ImageWasUpdated\":false,\"Name\":\"LearningUser Subtopic 2-1\",\"Description\":null,\"PageMardkown\":null,\"Content\":null,\"CustomSegments\":null,\"WikipediaURL\":null,\"DisableLearningFunctions\":false,\"Visibility\":0,\"ParentIds\":[2],\"ChildIds\":null,\"DeleteChangeId\":null,\"DeletedName\":null}',1,2,7,50,'2025-06-17 19:06:31'),(449,4,'{\"PageRelations\":null,\"ImageWasUpdated\":false,\"Name\":\"ContentCreator Topic 1\",\"Description\":null,\"PageMardkown\":null,\"Content\":null,\"CustomSegments\":null,\"WikipediaURL\":null,\"DisableLearningFunctions\":false,\"Visibility\":0,\"ParentIds\":null,\"ChildIds\":[5,8,12],\"DeleteChangeId\":null,\"DeletedName\":null}',1,2,7,51,'2025-06-17 19:06:31'),(450,5,'{\"PageRelations\":null,\"ImageWasUpdated\":false,\"Name\":\"ContentCreator Subtopic 4-1\",\"Description\":null,\"PageMardkown\":null,\"Content\":null,\"CustomSegments\":null,\"WikipediaURL\":null,\"DisableLearningFunctions\":false,\"Visibility\":0,\"ParentIds\":[4],\"ChildIds\":[6,7],\"DeleteChangeId\":null,\"DeletedName\":null}',1,2,7,51,'2025-06-17 19:06:31'),(451,6,'{\"PageRelations\":null,\"ImageWasUpdated\":false,\"Name\":\"ContentCreator Subtopic 5-1\",\"Description\":null,\"PageMardkown\":null,\"Content\":null,\"CustomSegments\":null,\"WikipediaURL\":null,\"DisableLearningFunctions\":false,\"Visibility\":0,\"ParentIds\":[5],\"ChildIds\":null,\"DeleteChangeId\":null,\"DeletedName\":null}',1,2,7,51,'2025-06-17 19:06:31'),(452,7,'{\"PageRelations\":null,\"ImageWasUpdated\":false,\"Name\":\"ContentCreator Subtopic 5-2\",\"Description\":null,\"PageMardkown\":null,\"Content\":null,\"CustomSegments\":null,\"WikipediaURL\":null,\"DisableLearningFunctions\":false,\"Visibility\":0,\"ParentIds\":[5],\"ChildIds\":null,\"DeleteChangeId\":null,\"DeletedName\":null}',1,2,7,51,'2025-06-17 19:06:31'),(453,8,'{\"PageRelations\":null,\"ImageWasUpdated\":false,\"Name\":\"ContentCreator Subtopic 4-2\",\"Description\":null,\"PageMardkown\":null,\"Content\":null,\"CustomSegments\":null,\"WikipediaURL\":null,\"DisableLearningFunctions\":false,\"Visibility\":0,\"ParentIds\":[4],\"ChildIds\":[9,10,11],\"DeleteChangeId\":null,\"DeletedName\":null}',1,2,7,51,'2025-06-17 19:06:31'),(454,9,'{\"PageRelations\":null,\"ImageWasUpdated\":false,\"Name\":\"ContentCreator Subtopic 8-1\",\"Description\":null,\"PageMardkown\":null,\"Content\":null,\"CustomSegments\":null,\"WikipediaURL\":null,\"DisableLearningFunctions\":false,\"Visibility\":0,\"ParentIds\":[8],\"ChildIds\":null,\"DeleteChangeId\":null,\"DeletedName\":null}',1,2,7,51,'2025-06-17 19:06:31'),(455,10,'{\"PageRelations\":null,\"ImageWasUpdated\":false,\"Name\":\"ContentCreator Subtopic 8-2\",\"Description\":null,\"PageMardkown\":null,\"Content\":null,\"CustomSegments\":null,\"WikipediaURL\":null,\"DisableLearningFunctions\":false,\"Visibility\":0,\"ParentIds\":[8],\"ChildIds\":null,\"DeleteChangeId\":null,\"DeletedName\":null}',1,2,7,51,'2025-06-17 19:06:31'),(456,11,'{\"PageRelations\":null,\"ImageWasUpdated\":false,\"Name\":\"ContentCreator Subtopic 8-3\",\"Description\":null,\"PageMardkown\":null,\"Content\":null,\"CustomSegments\":null,\"WikipediaURL\":null,\"DisableLearningFunctions\":false,\"Visibility\":0,\"ParentIds\":[8],\"ChildIds\":null,\"DeleteChangeId\":null,\"DeletedName\":null}',1,2,7,51,'2025-06-17 19:06:31'),(457,12,'{\"PageRelations\":null,\"ImageWasUpdated\":false,\"Name\":\"ContentCreator Subtopic 4-3\",\"Description\":null,\"PageMardkown\":null,\"Content\":null,\"CustomSegments\":null,\"WikipediaURL\":null,\"DisableLearningFunctions\":false,\"Visibility\":0,\"ParentIds\":[4],\"ChildIds\":[13,14,15],\"DeleteChangeId\":null,\"DeletedName\":null}',1,2,7,51,'2025-06-17 19:06:31'),(458,13,'{\"PageRelations\":null,\"ImageWasUpdated\":false,\"Name\":\"ContentCreator Subtopic 12-1\",\"Description\":null,\"PageMardkown\":null,\"Content\":null,\"CustomSegments\":null,\"WikipediaURL\":null,\"DisableLearningFunctions\":false,\"Visibility\":0,\"ParentIds\":[12],\"ChildIds\":null,\"DeleteChangeId\":null,\"DeletedName\":null}',1,2,7,51,'2025-06-17 19:06:31'),(459,14,'{\"PageRelations\":null,\"ImageWasUpdated\":false,\"Name\":\"ContentCreator Subtopic 12-2\",\"Description\":null,\"PageMardkown\":null,\"Content\":null,\"CustomSegments\":null,\"WikipediaURL\":null,\"DisableLearningFunctions\":false,\"Visibility\":0,\"ParentIds\":[12],\"ChildIds\":null,\"DeleteChangeId\":null,\"DeletedName\":null}',1,2,7,51,'2025-06-17 19:06:31'),(460,15,'{\"PageRelations\":null,\"ImageWasUpdated\":false,\"Name\":\"ContentCreator Subtopic 12-3\",\"Description\":null,\"PageMardkown\":null,\"Content\":null,\"CustomSegments\":null,\"WikipediaURL\":null,\"DisableLearningFunctions\":false,\"Visibility\":0,\"ParentIds\":[12],\"ChildIds\":null,\"DeleteChangeId\":null,\"DeletedName\":null}',1,2,7,51,'2025-06-17 19:06:31'),(461,16,'{\"PageRelations\":null,\"ImageWasUpdated\":false,\"Name\":\"ContentCreator Topic 2\",\"Description\":null,\"PageMardkown\":null,\"Content\":null,\"CustomSegments\":null,\"WikipediaURL\":null,\"DisableLearningFunctions\":false,\"Visibility\":0,\"ParentIds\":null,\"ChildIds\":[17],\"DeleteChangeId\":null,\"DeletedName\":null}',1,2,7,51,'2025-06-17 19:06:31'),(462,17,'{\"PageRelations\":null,\"ImageWasUpdated\":false,\"Name\":\"ContentCreator Subtopic 16-1\",\"Description\":null,\"PageMardkown\":null,\"Content\":null,\"CustomSegments\":null,\"WikipediaURL\":null,\"DisableLearningFunctions\":false,\"Visibility\":0,\"ParentIds\":[16],\"ChildIds\":[18,19,20],\"DeleteChangeId\":null,\"DeletedName\":null}',1,2,7,51,'2025-06-17 19:06:31'),(463,18,'{\"PageRelations\":null,\"ImageWasUpdated\":false,\"Name\":\"ContentCreator Subtopic 17-1\",\"Description\":null,\"PageMardkown\":null,\"Content\":null,\"CustomSegments\":null,\"WikipediaURL\":null,\"DisableLearningFunctions\":false,\"Visibility\":0,\"ParentIds\":[17],\"ChildIds\":null,\"DeleteChangeId\":null,\"DeletedName\":null}',1,2,7,51,'2025-06-17 19:06:31'),(464,19,'{\"PageRelations\":null,\"ImageWasUpdated\":false,\"Name\":\"ContentCreator Subtopic 17-2\",\"Description\":null,\"PageMardkown\":null,\"Content\":null,\"CustomSegments\":null,\"WikipediaURL\":null,\"DisableLearningFunctions\":false,\"Visibility\":0,\"ParentIds\":[17],\"ChildIds\":null,\"DeleteChangeId\":null,\"DeletedName\":null}',1,2,7,51,'2025-06-17 19:06:31'),(465,20,'{\"PageRelations\":null,\"ImageWasUpdated\":false,\"Name\":\"ContentCreator Subtopic 17-3\",\"Description\":null,\"PageMardkown\":null,\"Content\":null,\"CustomSegments\":null,\"WikipediaURL\":null,\"DisableLearningFunctions\":false,\"Visibility\":0,\"ParentIds\":[17],\"ChildIds\":null,\"DeleteChangeId\":null,\"DeletedName\":null}',1,2,7,51,'2025-06-17 19:06:31'),(466,21,'{\"PageRelations\":null,\"ImageWasUpdated\":false,\"Name\":\"QuestionContributor Topic 1\",\"Description\":null,\"PageMardkown\":null,\"Content\":null,\"CustomSegments\":null,\"WikipediaURL\":null,\"DisableLearningFunctions\":false,\"Visibility\":0,\"ParentIds\":null,\"ChildIds\":[22],\"DeleteChangeId\":null,\"DeletedName\":null}',1,2,7,52,'2025-06-17 19:06:31'),(467,22,'{\"PageRelations\":null,\"ImageWasUpdated\":false,\"Name\":\"QuestionContributor Subtopic 21-1\",\"Description\":null,\"PageMardkown\":null,\"Content\":null,\"CustomSegments\":null,\"WikipediaURL\":null,\"DisableLearningFunctions\":false,\"Visibility\":0,\"ParentIds\":[21],\"ChildIds\":[23,24],\"DeleteChangeId\":null,\"DeletedName\":null}',1,2,7,52,'2025-06-17 19:06:31'),(468,23,'{\"PageRelations\":null,\"ImageWasUpdated\":false,\"Name\":\"QuestionContributor Subtopic 22-1\",\"Description\":null,\"PageMardkown\":null,\"Content\":null,\"CustomSegments\":null,\"WikipediaURL\":null,\"DisableLearningFunctions\":false,\"Visibility\":0,\"ParentIds\":[22],\"ChildIds\":null,\"DeleteChangeId\":null,\"DeletedName\":null}',1,2,7,52,'2025-06-17 19:06:31'),(469,24,'{\"PageRelations\":null,\"ImageWasUpdated\":false,\"Name\":\"QuestionContributor Subtopic 22-2\",\"Description\":null,\"PageMardkown\":null,\"Content\":null,\"CustomSegments\":null,\"WikipediaURL\":null,\"DisableLearningFunctions\":false,\"Visibility\":0,\"ParentIds\":[22],\"ChildIds\":null,\"DeleteChangeId\":null,\"DeletedName\":null}',1,2,7,52,'2025-06-17 19:06:31'),(470,25,'{\"PageRelations\":null,\"ImageWasUpdated\":false,\"Name\":\"QuestionContributor Topic 2\",\"Description\":null,\"PageMardkown\":null,\"Content\":null,\"CustomSegments\":null,\"WikipediaURL\":null,\"DisableLearningFunctions\":false,\"Visibility\":0,\"ParentIds\":null,\"ChildIds\":[26],\"DeleteChangeId\":null,\"DeletedName\":null}',1,2,7,52,'2025-06-17 19:06:31'),(471,26,'{\"PageRelations\":null,\"ImageWasUpdated\":false,\"Name\":\"QuestionContributor Subtopic 25-1\",\"Description\":null,\"PageMardkown\":null,\"Content\":null,\"CustomSegments\":null,\"WikipediaURL\":null,\"DisableLearningFunctions\":false,\"Visibility\":0,\"ParentIds\":[25],\"ChildIds\":[27],\"DeleteChangeId\":null,\"DeletedName\":null}',1,2,7,52,'2025-06-17 19:06:31'),(472,27,'{\"PageRelations\":null,\"ImageWasUpdated\":false,\"Name\":\"QuestionContributor Subtopic 26-1\",\"Description\":null,\"PageMardkown\":null,\"Content\":null,\"CustomSegments\":null,\"WikipediaURL\":null,\"DisableLearningFunctions\":false,\"Visibility\":0,\"ParentIds\":[26],\"ChildIds\":null,\"DeleteChangeId\":null,\"DeletedName\":null}',1,2,7,52,'2025-06-17 19:06:31'),(473,28,'{\"PageRelations\":null,\"ImageWasUpdated\":false,\"Name\":\"QuestionContributor Subtopic 26-2\",\"Description\":null,\"PageMardkown\":null,\"Content\":null,\"CustomSegments\":null,\"WikipediaURL\":null,\"DisableLearningFunctions\":false,\"Visibility\":0,\"ParentIds\":null,\"ChildIds\":null,\"DeleteChangeId\":null,\"DeletedName\":null}',1,2,0,4,'2025-06-17 19:06:31'),(474,28,'{\"PageRelations\":null,\"ImageWasUpdated\":false,\"Name\":\"QuestionContributor Subtopic 26-2\",\"Description\":null,\"PageMardkown\":null,\"Content\":null,\"CustomSegments\":null,\"WikipediaURL\":null,\"DisableLearningFunctions\":false,\"Visibility\":0,\"ParentIds\":[26],\"ChildIds\":null,\"DeleteChangeId\":null,\"DeletedName\":null}',1,2,7,1,'2025-06-17 19:06:31'),(475,26,'{\"PageRelations\":null,\"ImageWasUpdated\":false,\"Name\":\"QuestionContributor Subtopic 25-1\",\"Description\":null,\"PageMardkown\":null,\"Content\":null,\"CustomSegments\":null,\"WikipediaURL\":null,\"DisableLearningFunctions\":false,\"Visibility\":0,\"ParentIds\":[25],\"ChildIds\":[27,28],\"DeleteChangeId\":null,\"DeletedName\":null}',1,2,7,1,'2025-06-17 19:06:32'),(476,1,'{\"PageRelations\":null,\"ImageWasUpdated\":false,\"Name\":\"LearningUser Topic 1\",\"Description\":null,\"PageMardkown\":null,\"Content\":null,\"CustomSegments\":null,\"WikipediaURL\":null,\"DisableLearningFunctions\":false,\"Visibility\":0,\"ParentIds\":null,\"ChildIds\":[2],\"DeleteChangeId\":null,\"DeletedName\":null}',1,2,7,50,'2025-06-17 19:06:32'),(477,2,'{\"PageRelations\":null,\"ImageWasUpdated\":false,\"Name\":\"LearningUser Subtopic 1-1\",\"Description\":null,\"PageMardkown\":null,\"Content\":null,\"CustomSegments\":null,\"WikipediaURL\":null,\"DisableLearningFunctions\":false,\"Visibility\":0,\"ParentIds\":[1],\"ChildIds\":[3],\"DeleteChangeId\":null,\"DeletedName\":null}',1,2,7,50,'2025-06-17 19:06:32'),(478,3,'{\"PageRelations\":null,\"ImageWasUpdated\":false,\"Name\":\"LearningUser Subtopic 2-1\",\"Description\":null,\"PageMardkown\":null,\"Content\":null,\"CustomSegments\":null,\"WikipediaURL\":null,\"DisableLearningFunctions\":false,\"Visibility\":0,\"ParentIds\":[2],\"ChildIds\":null,\"DeleteChangeId\":null,\"DeletedName\":null}',1,2,7,50,'2025-06-17 19:06:32'),(479,4,'{\"PageRelations\":null,\"ImageWasUpdated\":false,\"Name\":\"ContentCreator Topic 1\",\"Description\":null,\"PageMardkown\":null,\"Content\":null,\"CustomSegments\":null,\"WikipediaURL\":null,\"DisableLearningFunctions\":false,\"Visibility\":0,\"ParentIds\":null,\"ChildIds\":[5,8,12],\"DeleteChangeId\":null,\"DeletedName\":null}',1,2,7,51,'2025-06-17 19:06:32'),(480,5,'{\"PageRelations\":null,\"ImageWasUpdated\":false,\"Name\":\"ContentCreator Subtopic 4-1\",\"Description\":null,\"PageMardkown\":null,\"Content\":null,\"CustomSegments\":null,\"WikipediaURL\":null,\"DisableLearningFunctions\":false,\"Visibility\":0,\"ParentIds\":[4],\"ChildIds\":[6,7],\"DeleteChangeId\":null,\"DeletedName\":null}',1,2,7,51,'2025-06-17 19:06:32'),(481,6,'{\"PageRelations\":null,\"ImageWasUpdated\":false,\"Name\":\"ContentCreator Subtopic 5-1\",\"Description\":null,\"PageMardkown\":null,\"Content\":null,\"CustomSegments\":null,\"WikipediaURL\":null,\"DisableLearningFunctions\":false,\"Visibility\":0,\"ParentIds\":[5],\"ChildIds\":null,\"DeleteChangeId\":null,\"DeletedName\":null}',1,2,7,51,'2025-06-17 19:06:32'),(482,7,'{\"PageRelations\":null,\"ImageWasUpdated\":false,\"Name\":\"ContentCreator Subtopic 5-2\",\"Description\":null,\"PageMardkown\":null,\"Content\":null,\"CustomSegments\":null,\"WikipediaURL\":null,\"DisableLearningFunctions\":false,\"Visibility\":0,\"ParentIds\":[5],\"ChildIds\":null,\"DeleteChangeId\":null,\"DeletedName\":null}',1,2,7,51,'2025-06-17 19:06:32'),(483,8,'{\"PageRelations\":null,\"ImageWasUpdated\":false,\"Name\":\"ContentCreator Subtopic 4-2\",\"Description\":null,\"PageMardkown\":null,\"Content\":null,\"CustomSegments\":null,\"WikipediaURL\":null,\"DisableLearningFunctions\":false,\"Visibility\":0,\"ParentIds\":[4],\"ChildIds\":[9,10,11],\"DeleteChangeId\":null,\"DeletedName\":null}',1,2,7,51,'2025-06-17 19:06:32'),(484,9,'{\"PageRelations\":null,\"ImageWasUpdated\":false,\"Name\":\"ContentCreator Subtopic 8-1\",\"Description\":null,\"PageMardkown\":null,\"Content\":null,\"CustomSegments\":null,\"WikipediaURL\":null,\"DisableLearningFunctions\":false,\"Visibility\":0,\"ParentIds\":[8],\"ChildIds\":null,\"DeleteChangeId\":null,\"DeletedName\":null}',1,2,7,51,'2025-06-17 19:06:32'),(485,10,'{\"PageRelations\":null,\"ImageWasUpdated\":false,\"Name\":\"ContentCreator Subtopic 8-2\",\"Description\":null,\"PageMardkown\":null,\"Content\":null,\"CustomSegments\":null,\"WikipediaURL\":null,\"DisableLearningFunctions\":false,\"Visibility\":0,\"ParentIds\":[8],\"ChildIds\":null,\"DeleteChangeId\":null,\"DeletedName\":null}',1,2,7,51,'2025-06-17 19:06:32'),(486,11,'{\"PageRelations\":null,\"ImageWasUpdated\":false,\"Name\":\"ContentCreator Subtopic 8-3\",\"Description\":null,\"PageMardkown\":null,\"Content\":null,\"CustomSegments\":null,\"WikipediaURL\":null,\"DisableLearningFunctions\":false,\"Visibility\":0,\"ParentIds\":[8],\"ChildIds\":null,\"DeleteChangeId\":null,\"DeletedName\":null}',1,2,7,51,'2025-06-17 19:06:32'),(487,12,'{\"PageRelations\":null,\"ImageWasUpdated\":false,\"Name\":\"ContentCreator Subtopic 4-3\",\"Description\":null,\"PageMardkown\":null,\"Content\":null,\"CustomSegments\":null,\"WikipediaURL\":null,\"DisableLearningFunctions\":false,\"Visibility\":0,\"ParentIds\":[4],\"ChildIds\":[13,14,15],\"DeleteChangeId\":null,\"DeletedName\":null}',1,2,7,51,'2025-06-17 19:06:32'),(488,13,'{\"PageRelations\":null,\"ImageWasUpdated\":false,\"Name\":\"ContentCreator Subtopic 12-1\",\"Description\":null,\"PageMardkown\":null,\"Content\":null,\"CustomSegments\":null,\"WikipediaURL\":null,\"DisableLearningFunctions\":false,\"Visibility\":0,\"ParentIds\":[12],\"ChildIds\":null,\"DeleteChangeId\":null,\"DeletedName\":null}',1,2,7,51,'2025-06-17 19:06:32'),(489,14,'{\"PageRelations\":null,\"ImageWasUpdated\":false,\"Name\":\"ContentCreator Subtopic 12-2\",\"Description\":null,\"PageMardkown\":null,\"Content\":null,\"CustomSegments\":null,\"WikipediaURL\":null,\"DisableLearningFunctions\":false,\"Visibility\":0,\"ParentIds\":[12],\"ChildIds\":null,\"DeleteChangeId\":null,\"DeletedName\":null}',1,2,7,51,'2025-06-17 19:06:32'),(490,15,'{\"PageRelations\":null,\"ImageWasUpdated\":false,\"Name\":\"ContentCreator Subtopic 12-3\",\"Description\":null,\"PageMardkown\":null,\"Content\":null,\"CustomSegments\":null,\"WikipediaURL\":null,\"DisableLearningFunctions\":false,\"Visibility\":0,\"ParentIds\":[12],\"ChildIds\":null,\"DeleteChangeId\":null,\"DeletedName\":null}',1,2,7,51,'2025-06-17 19:06:32'),(491,16,'{\"PageRelations\":null,\"ImageWasUpdated\":false,\"Name\":\"ContentCreator Topic 2\",\"Description\":null,\"PageMardkown\":null,\"Content\":null,\"CustomSegments\":null,\"WikipediaURL\":null,\"DisableLearningFunctions\":false,\"Visibility\":0,\"ParentIds\":null,\"ChildIds\":[17],\"DeleteChangeId\":null,\"DeletedName\":null}',1,2,7,51,'2025-06-17 19:06:32'),(492,17,'{\"PageRelations\":null,\"ImageWasUpdated\":false,\"Name\":\"ContentCreator Subtopic 16-1\",\"Description\":null,\"PageMardkown\":null,\"Content\":null,\"CustomSegments\":null,\"WikipediaURL\":null,\"DisableLearningFunctions\":false,\"Visibility\":0,\"ParentIds\":[16],\"ChildIds\":[18,19,20],\"DeleteChangeId\":null,\"DeletedName\":null}',1,2,7,51,'2025-06-17 19:06:32'),(493,18,'{\"PageRelations\":null,\"ImageWasUpdated\":false,\"Name\":\"ContentCreator Subtopic 17-1\",\"Description\":null,\"PageMardkown\":null,\"Content\":null,\"CustomSegments\":null,\"WikipediaURL\":null,\"DisableLearningFunctions\":false,\"Visibility\":0,\"ParentIds\":[17],\"ChildIds\":null,\"DeleteChangeId\":null,\"DeletedName\":null}',1,2,7,51,'2025-06-17 19:06:32'),(494,19,'{\"PageRelations\":null,\"ImageWasUpdated\":false,\"Name\":\"ContentCreator Subtopic 17-2\",\"Description\":null,\"PageMardkown\":null,\"Content\":null,\"CustomSegments\":null,\"WikipediaURL\":null,\"DisableLearningFunctions\":false,\"Visibility\":0,\"ParentIds\":[17],\"ChildIds\":null,\"DeleteChangeId\":null,\"DeletedName\":null}',1,2,7,51,'2025-06-17 19:06:32'),(495,20,'{\"PageRelations\":null,\"ImageWasUpdated\":false,\"Name\":\"ContentCreator Subtopic 17-3\",\"Description\":null,\"PageMardkown\":null,\"Content\":null,\"CustomSegments\":null,\"WikipediaURL\":null,\"DisableLearningFunctions\":false,\"Visibility\":0,\"ParentIds\":[17],\"ChildIds\":null,\"DeleteChangeId\":null,\"DeletedName\":null}',1,2,7,51,'2025-06-17 19:06:32'),(496,21,'{\"PageRelations\":null,\"ImageWasUpdated\":false,\"Name\":\"QuestionContributor Topic 1\",\"Description\":null,\"PageMardkown\":null,\"Content\":null,\"CustomSegments\":null,\"WikipediaURL\":null,\"DisableLearningFunctions\":false,\"Visibility\":0,\"ParentIds\":null,\"ChildIds\":[22],\"DeleteChangeId\":null,\"DeletedName\":null}',1,2,7,52,'2025-06-17 19:06:32'),(497,22,'{\"PageRelations\":null,\"ImageWasUpdated\":false,\"Name\":\"QuestionContributor Subtopic 21-1\",\"Description\":null,\"PageMardkown\":null,\"Content\":null,\"CustomSegments\":null,\"WikipediaURL\":null,\"DisableLearningFunctions\":false,\"Visibility\":0,\"ParentIds\":[21],\"ChildIds\":[23,24],\"DeleteChangeId\":null,\"DeletedName\":null}',1,2,7,52,'2025-06-17 19:06:32'),(498,23,'{\"PageRelations\":null,\"ImageWasUpdated\":false,\"Name\":\"QuestionContributor Subtopic 22-1\",\"Description\":null,\"PageMardkown\":null,\"Content\":null,\"CustomSegments\":null,\"WikipediaURL\":null,\"DisableLearningFunctions\":false,\"Visibility\":0,\"ParentIds\":[22],\"ChildIds\":null,\"DeleteChangeId\":null,\"DeletedName\":null}',1,2,7,52,'2025-06-17 19:06:32'),(499,24,'{\"PageRelations\":null,\"ImageWasUpdated\":false,\"Name\":\"QuestionContributor Subtopic 22-2\",\"Description\":null,\"PageMardkown\":null,\"Content\":null,\"CustomSegments\":null,\"WikipediaURL\":null,\"DisableLearningFunctions\":false,\"Visibility\":0,\"ParentIds\":[22],\"ChildIds\":null,\"DeleteChangeId\":null,\"DeletedName\":null}',1,2,7,52,'2025-06-17 19:06:32'),(500,25,'{\"PageRelations\":null,\"ImageWasUpdated\":false,\"Name\":\"QuestionContributor Topic 2\",\"Description\":null,\"PageMardkown\":null,\"Content\":null,\"CustomSegments\":null,\"WikipediaURL\":null,\"DisableLearningFunctions\":false,\"Visibility\":0,\"ParentIds\":null,\"ChildIds\":[26],\"DeleteChangeId\":null,\"DeletedName\":null}',1,2,7,52,'2025-06-17 19:06:32'),(501,26,'{\"PageRelations\":null,\"ImageWasUpdated\":false,\"Name\":\"QuestionContributor Subtopic 25-1\",\"Description\":null,\"PageMardkown\":null,\"Content\":null,\"CustomSegments\":null,\"WikipediaURL\":null,\"DisableLearningFunctions\":false,\"Visibility\":0,\"ParentIds\":[25],\"ChildIds\":[27,28],\"DeleteChangeId\":null,\"DeletedName\":null}',1,2,7,52,'2025-06-17 19:06:32'),(502,27,'{\"PageRelations\":null,\"ImageWasUpdated\":false,\"Name\":\"QuestionContributor Subtopic 26-1\",\"Description\":null,\"PageMardkown\":null,\"Content\":null,\"CustomSegments\":null,\"WikipediaURL\":null,\"DisableLearningFunctions\":false,\"Visibility\":0,\"ParentIds\":[26],\"ChildIds\":null,\"DeleteChangeId\":null,\"DeletedName\":null}',1,2,7,52,'2025-06-17 19:06:32'),(503,28,'{\"PageRelations\":null,\"ImageWasUpdated\":false,\"Name\":\"QuestionContributor Subtopic 26-2\",\"Description\":null,\"PageMardkown\":null,\"Content\":null,\"CustomSegments\":null,\"WikipediaURL\":null,\"DisableLearningFunctions\":false,\"Visibility\":0,\"ParentIds\":[26],\"ChildIds\":null,\"DeleteChangeId\":null,\"DeletedName\":null}',1,2,7,52,'2025-06-17 19:06:32'),(504,29,'{\"PageRelations\":null,\"ImageWasUpdated\":false,\"Name\":\"QuestionContributor Topic 3\",\"Description\":null,\"PageMardkown\":null,\"Content\":null,\"CustomSegments\":null,\"WikipediaURL\":null,\"DisableLearningFunctions\":false,\"Visibility\":0,\"ParentIds\":null,\"ChildIds\":null,\"DeleteChangeId\":null,\"DeletedName\":null}',1,2,0,4,'2025-06-17 19:06:32'),(505,1,'{\"PageRelations\":null,\"ImageWasUpdated\":false,\"Name\":\"LearningUser Topic 1\",\"Description\":null,\"PageMardkown\":null,\"Content\":null,\"CustomSegments\":null,\"WikipediaURL\":null,\"DisableLearningFunctions\":false,\"Visibility\":0,\"ParentIds\":null,\"ChildIds\":[2],\"DeleteChangeId\":null,\"DeletedName\":null}',1,2,7,50,'2025-06-17 19:06:32'),(506,2,'{\"PageRelations\":null,\"ImageWasUpdated\":false,\"Name\":\"LearningUser Subtopic 1-1\",\"Description\":null,\"PageMardkown\":null,\"Content\":null,\"CustomSegments\":null,\"WikipediaURL\":null,\"DisableLearningFunctions\":false,\"Visibility\":0,\"ParentIds\":[1],\"ChildIds\":[3],\"DeleteChangeId\":null,\"DeletedName\":null}',1,2,7,50,'2025-06-17 19:06:32'),(507,3,'{\"PageRelations\":null,\"ImageWasUpdated\":false,\"Name\":\"LearningUser Subtopic 2-1\",\"Description\":null,\"PageMardkown\":null,\"Content\":null,\"CustomSegments\":null,\"WikipediaURL\":null,\"DisableLearningFunctions\":false,\"Visibility\":0,\"ParentIds\":[2],\"ChildIds\":null,\"DeleteChangeId\":null,\"DeletedName\":null}',1,2,7,50,'2025-06-17 19:06:32'),(508,4,'{\"PageRelations\":null,\"ImageWasUpdated\":false,\"Name\":\"ContentCreator Topic 1\",\"Description\":null,\"PageMardkown\":null,\"Content\":null,\"CustomSegments\":null,\"WikipediaURL\":null,\"DisableLearningFunctions\":false,\"Visibility\":0,\"ParentIds\":null,\"ChildIds\":[5,8,12],\"DeleteChangeId\":null,\"DeletedName\":null}',1,2,7,51,'2025-06-17 19:06:32'),(509,5,'{\"PageRelations\":null,\"ImageWasUpdated\":false,\"Name\":\"ContentCreator Subtopic 4-1\",\"Description\":null,\"PageMardkown\":null,\"Content\":null,\"CustomSegments\":null,\"WikipediaURL\":null,\"DisableLearningFunctions\":false,\"Visibility\":0,\"ParentIds\":[4],\"ChildIds\":[6,7],\"DeleteChangeId\":null,\"DeletedName\":null}',1,2,7,51,'2025-06-17 19:06:32'),(510,6,'{\"PageRelations\":null,\"ImageWasUpdated\":false,\"Name\":\"ContentCreator Subtopic 5-1\",\"Description\":null,\"PageMardkown\":null,\"Content\":null,\"CustomSegments\":null,\"WikipediaURL\":null,\"DisableLearningFunctions\":false,\"Visibility\":0,\"ParentIds\":[5],\"ChildIds\":null,\"DeleteChangeId\":null,\"DeletedName\":null}',1,2,7,51,'2025-06-17 19:06:32'),(511,7,'{\"PageRelations\":null,\"ImageWasUpdated\":false,\"Name\":\"ContentCreator Subtopic 5-2\",\"Description\":null,\"PageMardkown\":null,\"Content\":null,\"CustomSegments\":null,\"WikipediaURL\":null,\"DisableLearningFunctions\":false,\"Visibility\":0,\"ParentIds\":[5],\"ChildIds\":null,\"DeleteChangeId\":null,\"DeletedName\":null}',1,2,7,51,'2025-06-17 19:06:32'),(512,8,'{\"PageRelations\":null,\"ImageWasUpdated\":false,\"Name\":\"ContentCreator Subtopic 4-2\",\"Description\":null,\"PageMardkown\":null,\"Content\":null,\"CustomSegments\":null,\"WikipediaURL\":null,\"DisableLearningFunctions\":false,\"Visibility\":0,\"ParentIds\":[4],\"ChildIds\":[9,10,11],\"DeleteChangeId\":null,\"DeletedName\":null}',1,2,7,51,'2025-06-17 19:06:32'),(513,9,'{\"PageRelations\":null,\"ImageWasUpdated\":false,\"Name\":\"ContentCreator Subtopic 8-1\",\"Description\":null,\"PageMardkown\":null,\"Content\":null,\"CustomSegments\":null,\"WikipediaURL\":null,\"DisableLearningFunctions\":false,\"Visibility\":0,\"ParentIds\":[8],\"ChildIds\":null,\"DeleteChangeId\":null,\"DeletedName\":null}',1,2,7,51,'2025-06-17 19:06:32'),(514,10,'{\"PageRelations\":null,\"ImageWasUpdated\":false,\"Name\":\"ContentCreator Subtopic 8-2\",\"Description\":null,\"PageMardkown\":null,\"Content\":null,\"CustomSegments\":null,\"WikipediaURL\":null,\"DisableLearningFunctions\":false,\"Visibility\":0,\"ParentIds\":[8],\"ChildIds\":null,\"DeleteChangeId\":null,\"DeletedName\":null}',1,2,7,51,'2025-06-17 19:06:32'),(515,11,'{\"PageRelations\":null,\"ImageWasUpdated\":false,\"Name\":\"ContentCreator Subtopic 8-3\",\"Description\":null,\"PageMardkown\":null,\"Content\":null,\"CustomSegments\":null,\"WikipediaURL\":null,\"DisableLearningFunctions\":false,\"Visibility\":0,\"ParentIds\":[8],\"ChildIds\":null,\"DeleteChangeId\":null,\"DeletedName\":null}',1,2,7,51,'2025-06-17 19:06:32'),(516,12,'{\"PageRelations\":null,\"ImageWasUpdated\":false,\"Name\":\"ContentCreator Subtopic 4-3\",\"Description\":null,\"PageMardkown\":null,\"Content\":null,\"CustomSegments\":null,\"WikipediaURL\":null,\"DisableLearningFunctions\":false,\"Visibility\":0,\"ParentIds\":[4],\"ChildIds\":[13,14,15],\"DeleteChangeId\":null,\"DeletedName\":null}',1,2,7,51,'2025-06-17 19:06:33'),(517,13,'{\"PageRelations\":null,\"ImageWasUpdated\":false,\"Name\":\"ContentCreator Subtopic 12-1\",\"Description\":null,\"PageMardkown\":null,\"Content\":null,\"CustomSegments\":null,\"WikipediaURL\":null,\"DisableLearningFunctions\":false,\"Visibility\":0,\"ParentIds\":[12],\"ChildIds\":null,\"DeleteChangeId\":null,\"DeletedName\":null}',1,2,7,51,'2025-06-17 19:06:33'),(518,14,'{\"PageRelations\":null,\"ImageWasUpdated\":false,\"Name\":\"ContentCreator Subtopic 12-2\",\"Description\":null,\"PageMardkown\":null,\"Content\":null,\"CustomSegments\":null,\"WikipediaURL\":null,\"DisableLearningFunctions\":false,\"Visibility\":0,\"ParentIds\":[12],\"ChildIds\":null,\"DeleteChangeId\":null,\"DeletedName\":null}',1,2,7,51,'2025-06-17 19:06:33'),(519,15,'{\"PageRelations\":null,\"ImageWasUpdated\":false,\"Name\":\"ContentCreator Subtopic 12-3\",\"Description\":null,\"PageMardkown\":null,\"Content\":null,\"CustomSegments\":null,\"WikipediaURL\":null,\"DisableLearningFunctions\":false,\"Visibility\":0,\"ParentIds\":[12],\"ChildIds\":null,\"DeleteChangeId\":null,\"DeletedName\":null}',1,2,7,51,'2025-06-17 19:06:33'),(520,16,'{\"PageRelations\":null,\"ImageWasUpdated\":false,\"Name\":\"ContentCreator Topic 2\",\"Description\":null,\"PageMardkown\":null,\"Content\":null,\"CustomSegments\":null,\"WikipediaURL\":null,\"DisableLearningFunctions\":false,\"Visibility\":0,\"ParentIds\":null,\"ChildIds\":[17],\"DeleteChangeId\":null,\"DeletedName\":null}',1,2,7,51,'2025-06-17 19:06:33'),(521,17,'{\"PageRelations\":null,\"ImageWasUpdated\":false,\"Name\":\"ContentCreator Subtopic 16-1\",\"Description\":null,\"PageMardkown\":null,\"Content\":null,\"CustomSegments\":null,\"WikipediaURL\":null,\"DisableLearningFunctions\":false,\"Visibility\":0,\"ParentIds\":[16],\"ChildIds\":[18,19,20],\"DeleteChangeId\":null,\"DeletedName\":null}',1,2,7,51,'2025-06-17 19:06:33'),(522,18,'{\"PageRelations\":null,\"ImageWasUpdated\":false,\"Name\":\"ContentCreator Subtopic 17-1\",\"Description\":null,\"PageMardkown\":null,\"Content\":null,\"CustomSegments\":null,\"WikipediaURL\":null,\"DisableLearningFunctions\":false,\"Visibility\":0,\"ParentIds\":[17],\"ChildIds\":null,\"DeleteChangeId\":null,\"DeletedName\":null}',1,2,7,51,'2025-06-17 19:06:33'),(523,19,'{\"PageRelations\":null,\"ImageWasUpdated\":false,\"Name\":\"ContentCreator Subtopic 17-2\",\"Description\":null,\"PageMardkown\":null,\"Content\":null,\"CustomSegments\":null,\"WikipediaURL\":null,\"DisableLearningFunctions\":false,\"Visibility\":0,\"ParentIds\":[17],\"ChildIds\":null,\"DeleteChangeId\":null,\"DeletedName\":null}',1,2,7,51,'2025-06-17 19:06:33'),(524,20,'{\"PageRelations\":null,\"ImageWasUpdated\":false,\"Name\":\"ContentCreator Subtopic 17-3\",\"Description\":null,\"PageMardkown\":null,\"Content\":null,\"CustomSegments\":null,\"WikipediaURL\":null,\"DisableLearningFunctions\":false,\"Visibility\":0,\"ParentIds\":[17],\"ChildIds\":null,\"DeleteChangeId\":null,\"DeletedName\":null}',1,2,7,51,'2025-06-17 19:06:33'),(525,21,'{\"PageRelations\":null,\"ImageWasUpdated\":false,\"Name\":\"QuestionContributor Topic 1\",\"Description\":null,\"PageMardkown\":null,\"Content\":null,\"CustomSegments\":null,\"WikipediaURL\":null,\"DisableLearningFunctions\":false,\"Visibility\":0,\"ParentIds\":null,\"ChildIds\":[22],\"DeleteChangeId\":null,\"DeletedName\":null}',1,2,7,52,'2025-06-17 19:06:33'),(526,22,'{\"PageRelations\":null,\"ImageWasUpdated\":false,\"Name\":\"QuestionContributor Subtopic 21-1\",\"Description\":null,\"PageMardkown\":null,\"Content\":null,\"CustomSegments\":null,\"WikipediaURL\":null,\"DisableLearningFunctions\":false,\"Visibility\":0,\"ParentIds\":[21],\"ChildIds\":[23,24],\"DeleteChangeId\":null,\"DeletedName\":null}',1,2,7,52,'2025-06-17 19:06:33'),(527,23,'{\"PageRelations\":null,\"ImageWasUpdated\":false,\"Name\":\"QuestionContributor Subtopic 22-1\",\"Description\":null,\"PageMardkown\":null,\"Content\":null,\"CustomSegments\":null,\"WikipediaURL\":null,\"DisableLearningFunctions\":false,\"Visibility\":0,\"ParentIds\":[22],\"ChildIds\":null,\"DeleteChangeId\":null,\"DeletedName\":null}',1,2,7,52,'2025-06-17 19:06:33'),(528,24,'{\"PageRelations\":null,\"ImageWasUpdated\":false,\"Name\":\"QuestionContributor Subtopic 22-2\",\"Description\":null,\"PageMardkown\":null,\"Content\":null,\"CustomSegments\":null,\"WikipediaURL\":null,\"DisableLearningFunctions\":false,\"Visibility\":0,\"ParentIds\":[22],\"ChildIds\":null,\"DeleteChangeId\":null,\"DeletedName\":null}',1,2,7,52,'2025-06-17 19:06:33'),(529,25,'{\"PageRelations\":null,\"ImageWasUpdated\":false,\"Name\":\"QuestionContributor Topic 2\",\"Description\":null,\"PageMardkown\":null,\"Content\":null,\"CustomSegments\":null,\"WikipediaURL\":null,\"DisableLearningFunctions\":false,\"Visibility\":0,\"ParentIds\":null,\"ChildIds\":[26],\"DeleteChangeId\":null,\"DeletedName\":null}',1,2,7,52,'2025-06-17 19:06:33'),(530,26,'{\"PageRelations\":null,\"ImageWasUpdated\":false,\"Name\":\"QuestionContributor Subtopic 25-1\",\"Description\":null,\"PageMardkown\":null,\"Content\":null,\"CustomSegments\":null,\"WikipediaURL\":null,\"DisableLearningFunctions\":false,\"Visibility\":0,\"ParentIds\":[25],\"ChildIds\":[27,28],\"DeleteChangeId\":null,\"DeletedName\":null}',1,2,7,52,'2025-06-17 19:06:33'),(531,27,'{\"PageRelations\":null,\"ImageWasUpdated\":false,\"Name\":\"QuestionContributor Subtopic 26-1\",\"Description\":null,\"PageMardkown\":null,\"Content\":null,\"CustomSegments\":null,\"WikipediaURL\":null,\"DisableLearningFunctions\":false,\"Visibility\":0,\"ParentIds\":[26],\"ChildIds\":null,\"DeleteChangeId\":null,\"DeletedName\":null}',1,2,7,52,'2025-06-17 19:06:33'),(532,28,'{\"PageRelations\":null,\"ImageWasUpdated\":false,\"Name\":\"QuestionContributor Subtopic 26-2\",\"Description\":null,\"PageMardkown\":null,\"Content\":null,\"CustomSegments\":null,\"WikipediaURL\":null,\"DisableLearningFunctions\":false,\"Visibility\":0,\"ParentIds\":[26],\"ChildIds\":null,\"DeleteChangeId\":null,\"DeletedName\":null}',1,2,7,52,'2025-06-17 19:06:33'),(533,29,'{\"PageRelations\":null,\"ImageWasUpdated\":false,\"Name\":\"QuestionContributor Topic 3\",\"Description\":null,\"PageMardkown\":null,\"Content\":null,\"CustomSegments\":null,\"WikipediaURL\":null,\"DisableLearningFunctions\":false,\"Visibility\":0,\"ParentIds\":null,\"ChildIds\":null,\"DeleteChangeId\":null,\"DeletedName\":null}',1,2,7,52,'2025-06-17 19:06:33'),(534,30,'{\"PageRelations\":null,\"ImageWasUpdated\":false,\"Name\":\"QuestionContributor Subtopic 29-1\",\"Description\":null,\"PageMardkown\":null,\"Content\":null,\"CustomSegments\":null,\"WikipediaURL\":null,\"DisableLearningFunctions\":false,\"Visibility\":0,\"ParentIds\":null,\"ChildIds\":null,\"DeleteChangeId\":null,\"DeletedName\":null}',1,2,0,4,'2025-06-17 19:06:33'),(535,30,'{\"PageRelations\":null,\"ImageWasUpdated\":false,\"Name\":\"QuestionContributor Subtopic 29-1\",\"Description\":null,\"PageMardkown\":null,\"Content\":null,\"CustomSegments\":null,\"WikipediaURL\":null,\"DisableLearningFunctions\":false,\"Visibility\":0,\"ParentIds\":[29],\"ChildIds\":null,\"DeleteChangeId\":null,\"DeletedName\":null}',1,2,7,1,'2025-06-17 19:06:33'),(536,29,'{\"PageRelations\":null,\"ImageWasUpdated\":false,\"Name\":\"QuestionContributor Topic 3\",\"Description\":null,\"PageMardkown\":null,\"Content\":null,\"CustomSegments\":null,\"WikipediaURL\":null,\"DisableLearningFunctions\":false,\"Visibility\":0,\"ParentIds\":null,\"ChildIds\":[30],\"DeleteChangeId\":null,\"DeletedName\":null}',1,2,7,1,'2025-06-17 19:06:33'),(537,1,'{\"PageRelations\":null,\"ImageWasUpdated\":false,\"Name\":\"LearningUser Topic 1\",\"Description\":null,\"PageMardkown\":null,\"Content\":null,\"CustomSegments\":null,\"WikipediaURL\":null,\"DisableLearningFunctions\":false,\"Visibility\":0,\"ParentIds\":null,\"ChildIds\":[2],\"DeleteChangeId\":null,\"DeletedName\":null}',1,2,7,50,'2025-06-17 19:06:33'),(538,2,'{\"PageRelations\":null,\"ImageWasUpdated\":false,\"Name\":\"LearningUser Subtopic 1-1\",\"Description\":null,\"PageMardkown\":null,\"Content\":null,\"CustomSegments\":null,\"WikipediaURL\":null,\"DisableLearningFunctions\":false,\"Visibility\":0,\"ParentIds\":[1],\"ChildIds\":[3],\"DeleteChangeId\":null,\"DeletedName\":null}',1,2,7,50,'2025-06-17 19:06:33'),(539,3,'{\"PageRelations\":null,\"ImageWasUpdated\":false,\"Name\":\"LearningUser Subtopic 2-1\",\"Description\":null,\"PageMardkown\":null,\"Content\":null,\"CustomSegments\":null,\"WikipediaURL\":null,\"DisableLearningFunctions\":false,\"Visibility\":0,\"ParentIds\":[2],\"ChildIds\":null,\"DeleteChangeId\":null,\"DeletedName\":null}',1,2,7,50,'2025-06-17 19:06:33'),(540,4,'{\"PageRelations\":null,\"ImageWasUpdated\":false,\"Name\":\"ContentCreator Topic 1\",\"Description\":null,\"PageMardkown\":null,\"Content\":null,\"CustomSegments\":null,\"WikipediaURL\":null,\"DisableLearningFunctions\":false,\"Visibility\":0,\"ParentIds\":null,\"ChildIds\":[5,8,12],\"DeleteChangeId\":null,\"DeletedName\":null}',1,2,7,51,'2025-06-17 19:06:33'),(541,5,'{\"PageRelations\":null,\"ImageWasUpdated\":false,\"Name\":\"ContentCreator Subtopic 4-1\",\"Description\":null,\"PageMardkown\":null,\"Content\":null,\"CustomSegments\":null,\"WikipediaURL\":null,\"DisableLearningFunctions\":false,\"Visibility\":0,\"ParentIds\":[4],\"ChildIds\":[6,7],\"DeleteChangeId\":null,\"DeletedName\":null}',1,2,7,51,'2025-06-17 19:06:33'),(542,6,'{\"PageRelations\":null,\"ImageWasUpdated\":false,\"Name\":\"ContentCreator Subtopic 5-1\",\"Description\":null,\"PageMardkown\":null,\"Content\":null,\"CustomSegments\":null,\"WikipediaURL\":null,\"DisableLearningFunctions\":false,\"Visibility\":0,\"ParentIds\":[5],\"ChildIds\":null,\"DeleteChangeId\":null,\"DeletedName\":null}',1,2,7,51,'2025-06-17 19:06:33'),(543,7,'{\"PageRelations\":null,\"ImageWasUpdated\":false,\"Name\":\"ContentCreator Subtopic 5-2\",\"Description\":null,\"PageMardkown\":null,\"Content\":null,\"CustomSegments\":null,\"WikipediaURL\":null,\"DisableLearningFunctions\":false,\"Visibility\":0,\"ParentIds\":[5],\"ChildIds\":null,\"DeleteChangeId\":null,\"DeletedName\":null}',1,2,7,51,'2025-06-17 19:06:33'),(544,8,'{\"PageRelations\":null,\"ImageWasUpdated\":false,\"Name\":\"ContentCreator Subtopic 4-2\",\"Description\":null,\"PageMardkown\":null,\"Content\":null,\"CustomSegments\":null,\"WikipediaURL\":null,\"DisableLearningFunctions\":false,\"Visibility\":0,\"ParentIds\":[4],\"ChildIds\":[9,10,11],\"DeleteChangeId\":null,\"DeletedName\":null}',1,2,7,51,'2025-06-17 19:06:33'),(545,9,'{\"PageRelations\":null,\"ImageWasUpdated\":false,\"Name\":\"ContentCreator Subtopic 8-1\",\"Description\":null,\"PageMardkown\":null,\"Content\":null,\"CustomSegments\":null,\"WikipediaURL\":null,\"DisableLearningFunctions\":false,\"Visibility\":0,\"ParentIds\":[8],\"ChildIds\":null,\"DeleteChangeId\":null,\"DeletedName\":null}',1,2,7,51,'2025-06-17 19:06:33'),(546,10,'{\"PageRelations\":null,\"ImageWasUpdated\":false,\"Name\":\"ContentCreator Subtopic 8-2\",\"Description\":null,\"PageMardkown\":null,\"Content\":null,\"CustomSegments\":null,\"WikipediaURL\":null,\"DisableLearningFunctions\":false,\"Visibility\":0,\"ParentIds\":[8],\"ChildIds\":null,\"DeleteChangeId\":null,\"DeletedName\":null}',1,2,7,51,'2025-06-17 19:06:33'),(547,11,'{\"PageRelations\":null,\"ImageWasUpdated\":false,\"Name\":\"ContentCreator Subtopic 8-3\",\"Description\":null,\"PageMardkown\":null,\"Content\":null,\"CustomSegments\":null,\"WikipediaURL\":null,\"DisableLearningFunctions\":false,\"Visibility\":0,\"ParentIds\":[8],\"ChildIds\":null,\"DeleteChangeId\":null,\"DeletedName\":null}',1,2,7,51,'2025-06-17 19:06:33'),(548,12,'{\"PageRelations\":null,\"ImageWasUpdated\":false,\"Name\":\"ContentCreator Subtopic 4-3\",\"Description\":null,\"PageMardkown\":null,\"Content\":null,\"CustomSegments\":null,\"WikipediaURL\":null,\"DisableLearningFunctions\":false,\"Visibility\":0,\"ParentIds\":[4],\"ChildIds\":[13,14,15],\"DeleteChangeId\":null,\"DeletedName\":null}',1,2,7,51,'2025-06-17 19:06:33'),(549,13,'{\"PageRelations\":null,\"ImageWasUpdated\":false,\"Name\":\"ContentCreator Subtopic 12-1\",\"Description\":null,\"PageMardkown\":null,\"Content\":null,\"CustomSegments\":null,\"WikipediaURL\":null,\"DisableLearningFunctions\":false,\"Visibility\":0,\"ParentIds\":[12],\"ChildIds\":null,\"DeleteChangeId\":null,\"DeletedName\":null}',1,2,7,51,'2025-06-17 19:06:33'),(550,14,'{\"PageRelations\":null,\"ImageWasUpdated\":false,\"Name\":\"ContentCreator Subtopic 12-2\",\"Description\":null,\"PageMardkown\":null,\"Content\":null,\"CustomSegments\":null,\"WikipediaURL\":null,\"DisableLearningFunctions\":false,\"Visibility\":0,\"ParentIds\":[12],\"ChildIds\":null,\"DeleteChangeId\":null,\"DeletedName\":null}',1,2,7,51,'2025-06-17 19:06:33'),(551,15,'{\"PageRelations\":null,\"ImageWasUpdated\":false,\"Name\":\"ContentCreator Subtopic 12-3\",\"Description\":null,\"PageMardkown\":null,\"Content\":null,\"CustomSegments\":null,\"WikipediaURL\":null,\"DisableLearningFunctions\":false,\"Visibility\":0,\"ParentIds\":[12],\"ChildIds\":null,\"DeleteChangeId\":null,\"DeletedName\":null}',1,2,7,51,'2025-06-17 19:06:33'),(552,16,'{\"PageRelations\":null,\"ImageWasUpdated\":false,\"Name\":\"ContentCreator Topic 2\",\"Description\":null,\"PageMardkown\":null,\"Content\":null,\"CustomSegments\":null,\"WikipediaURL\":null,\"DisableLearningFunctions\":false,\"Visibility\":0,\"ParentIds\":null,\"ChildIds\":[17],\"DeleteChangeId\":null,\"DeletedName\":null}',1,2,7,51,'2025-06-17 19:06:33'),(553,17,'{\"PageRelations\":null,\"ImageWasUpdated\":false,\"Name\":\"ContentCreator Subtopic 16-1\",\"Description\":null,\"PageMardkown\":null,\"Content\":null,\"CustomSegments\":null,\"WikipediaURL\":null,\"DisableLearningFunctions\":false,\"Visibility\":0,\"ParentIds\":[16],\"ChildIds\":[18,19,20],\"DeleteChangeId\":null,\"DeletedName\":null}',1,2,7,51,'2025-06-17 19:06:33'),(554,18,'{\"PageRelations\":null,\"ImageWasUpdated\":false,\"Name\":\"ContentCreator Subtopic 17-1\",\"Description\":null,\"PageMardkown\":null,\"Content\":null,\"CustomSegments\":null,\"WikipediaURL\":null,\"DisableLearningFunctions\":false,\"Visibility\":0,\"ParentIds\":[17],\"ChildIds\":null,\"DeleteChangeId\":null,\"DeletedName\":null}',1,2,7,51,'2025-06-17 19:06:33'),(555,19,'{\"PageRelations\":null,\"ImageWasUpdated\":false,\"Name\":\"ContentCreator Subtopic 17-2\",\"Description\":null,\"PageMardkown\":null,\"Content\":null,\"CustomSegments\":null,\"WikipediaURL\":null,\"DisableLearningFunctions\":false,\"Visibility\":0,\"ParentIds\":[17],\"ChildIds\":null,\"DeleteChangeId\":null,\"DeletedName\":null}',1,2,7,51,'2025-06-17 19:06:33'),(556,20,'{\"PageRelations\":null,\"ImageWasUpdated\":false,\"Name\":\"ContentCreator Subtopic 17-3\",\"Description\":null,\"PageMardkown\":null,\"Content\":null,\"CustomSegments\":null,\"WikipediaURL\":null,\"DisableLearningFunctions\":false,\"Visibility\":0,\"ParentIds\":[17],\"ChildIds\":null,\"DeleteChangeId\":null,\"DeletedName\":null}',1,2,7,51,'2025-06-17 19:06:33'),(557,21,'{\"PageRelations\":null,\"ImageWasUpdated\":false,\"Name\":\"QuestionContributor Topic 1\",\"Description\":null,\"PageMardkown\":null,\"Content\":null,\"CustomSegments\":null,\"WikipediaURL\":null,\"DisableLearningFunctions\":false,\"Visibility\":0,\"ParentIds\":null,\"ChildIds\":[22],\"DeleteChangeId\":null,\"DeletedName\":null}',1,2,7,52,'2025-06-17 19:06:33'),(558,22,'{\"PageRelations\":null,\"ImageWasUpdated\":false,\"Name\":\"QuestionContributor Subtopic 21-1\",\"Description\":null,\"PageMardkown\":null,\"Content\":null,\"CustomSegments\":null,\"WikipediaURL\":null,\"DisableLearningFunctions\":false,\"Visibility\":0,\"ParentIds\":[21],\"ChildIds\":[23,24],\"DeleteChangeId\":null,\"DeletedName\":null}',1,2,7,52,'2025-06-17 19:06:34'),(559,23,'{\"PageRelations\":null,\"ImageWasUpdated\":false,\"Name\":\"QuestionContributor Subtopic 22-1\",\"Description\":null,\"PageMardkown\":null,\"Content\":null,\"CustomSegments\":null,\"WikipediaURL\":null,\"DisableLearningFunctions\":false,\"Visibility\":0,\"ParentIds\":[22],\"ChildIds\":null,\"DeleteChangeId\":null,\"DeletedName\":null}',1,2,7,52,'2025-06-17 19:06:34'),(560,24,'{\"PageRelations\":null,\"ImageWasUpdated\":false,\"Name\":\"QuestionContributor Subtopic 22-2\",\"Description\":null,\"PageMardkown\":null,\"Content\":null,\"CustomSegments\":null,\"WikipediaURL\":null,\"DisableLearningFunctions\":false,\"Visibility\":0,\"ParentIds\":[22],\"ChildIds\":null,\"DeleteChangeId\":null,\"DeletedName\":null}',1,2,7,52,'2025-06-17 19:06:34'),(561,25,'{\"PageRelations\":null,\"ImageWasUpdated\":false,\"Name\":\"QuestionContributor Topic 2\",\"Description\":null,\"PageMardkown\":null,\"Content\":null,\"CustomSegments\":null,\"WikipediaURL\":null,\"DisableLearningFunctions\":false,\"Visibility\":0,\"ParentIds\":null,\"ChildIds\":[26],\"DeleteChangeId\":null,\"DeletedName\":null}',1,2,7,52,'2025-06-17 19:06:34'),(562,26,'{\"PageRelations\":null,\"ImageWasUpdated\":false,\"Name\":\"QuestionContributor Subtopic 25-1\",\"Description\":null,\"PageMardkown\":null,\"Content\":null,\"CustomSegments\":null,\"WikipediaURL\":null,\"DisableLearningFunctions\":false,\"Visibility\":0,\"ParentIds\":[25],\"ChildIds\":[27,28],\"DeleteChangeId\":null,\"DeletedName\":null}',1,2,7,52,'2025-06-17 19:06:34'),(563,27,'{\"PageRelations\":null,\"ImageWasUpdated\":false,\"Name\":\"QuestionContributor Subtopic 26-1\",\"Description\":null,\"PageMardkown\":null,\"Content\":null,\"CustomSegments\":null,\"WikipediaURL\":null,\"DisableLearningFunctions\":false,\"Visibility\":0,\"ParentIds\":[26],\"ChildIds\":null,\"DeleteChangeId\":null,\"DeletedName\":null}',1,2,7,52,'2025-06-17 19:06:34'),(564,28,'{\"PageRelations\":null,\"ImageWasUpdated\":false,\"Name\":\"QuestionContributor Subtopic 26-2\",\"Description\":null,\"PageMardkown\":null,\"Content\":null,\"CustomSegments\":null,\"WikipediaURL\":null,\"DisableLearningFunctions\":false,\"Visibility\":0,\"ParentIds\":[26],\"ChildIds\":null,\"DeleteChangeId\":null,\"DeletedName\":null}',1,2,7,52,'2025-06-17 19:06:34'),(565,29,'{\"PageRelations\":null,\"ImageWasUpdated\":false,\"Name\":\"QuestionContributor Topic 3\",\"Description\":null,\"PageMardkown\":null,\"Content\":null,\"CustomSegments\":null,\"WikipediaURL\":null,\"DisableLearningFunctions\":false,\"Visibility\":0,\"ParentIds\":null,\"ChildIds\":[30],\"DeleteChangeId\":null,\"DeletedName\":null}',1,2,7,52,'2025-06-17 19:06:34'),(566,30,'{\"PageRelations\":null,\"ImageWasUpdated\":false,\"Name\":\"QuestionContributor Subtopic 29-1\",\"Description\":null,\"PageMardkown\":null,\"Content\":null,\"CustomSegments\":null,\"WikipediaURL\":null,\"DisableLearningFunctions\":false,\"Visibility\":0,\"ParentIds\":[29],\"ChildIds\":null,\"DeleteChangeId\":null,\"DeletedName\":null}',1,2,7,52,'2025-06-17 19:06:34'),(567,31,'{\"PageRelations\":null,\"ImageWasUpdated\":false,\"Name\":\"QuestionContributor Subtopic 30-1\",\"Description\":null,\"PageMardkown\":null,\"Content\":null,\"CustomSegments\":null,\"WikipediaURL\":null,\"DisableLearningFunctions\":false,\"Visibility\":0,\"ParentIds\":null,\"ChildIds\":null,\"DeleteChangeId\":null,\"DeletedName\":null}',1,2,0,4,'2025-06-17 19:06:34'),(568,31,'{\"PageRelations\":null,\"ImageWasUpdated\":false,\"Name\":\"QuestionContributor Subtopic 30-1\",\"Description\":null,\"PageMardkown\":null,\"Content\":null,\"CustomSegments\":null,\"WikipediaURL\":null,\"DisableLearningFunctions\":false,\"Visibility\":0,\"ParentIds\":[30],\"ChildIds\":null,\"DeleteChangeId\":null,\"DeletedName\":null}',1,2,7,1,'2025-06-17 19:06:34'),(569,30,'{\"PageRelations\":null,\"ImageWasUpdated\":false,\"Name\":\"QuestionContributor Subtopic 29-1\",\"Description\":null,\"PageMardkown\":null,\"Content\":null,\"CustomSegments\":null,\"WikipediaURL\":null,\"DisableLearningFunctions\":false,\"Visibility\":0,\"ParentIds\":[29],\"ChildIds\":[31],\"DeleteChangeId\":null,\"DeletedName\":null}',1,2,7,1,'2025-06-17 19:06:34'),(570,1,'{\"PageRelations\":null,\"ImageWasUpdated\":false,\"Name\":\"LearningUser Topic 1\",\"Description\":null,\"PageMardkown\":null,\"Content\":null,\"CustomSegments\":null,\"WikipediaURL\":null,\"DisableLearningFunctions\":false,\"Visibility\":0,\"ParentIds\":null,\"ChildIds\":[2],\"DeleteChangeId\":null,\"DeletedName\":null}',1,2,7,50,'2025-06-17 19:06:34'),(571,2,'{\"PageRelations\":null,\"ImageWasUpdated\":false,\"Name\":\"LearningUser Subtopic 1-1\",\"Description\":null,\"PageMardkown\":null,\"Content\":null,\"CustomSegments\":null,\"WikipediaURL\":null,\"DisableLearningFunctions\":false,\"Visibility\":0,\"ParentIds\":[1],\"ChildIds\":[3],\"DeleteChangeId\":null,\"DeletedName\":null}',1,2,7,50,'2025-06-17 19:06:34'),(572,3,'{\"PageRelations\":null,\"ImageWasUpdated\":false,\"Name\":\"LearningUser Subtopic 2-1\",\"Description\":null,\"PageMardkown\":null,\"Content\":null,\"CustomSegments\":null,\"WikipediaURL\":null,\"DisableLearningFunctions\":false,\"Visibility\":0,\"ParentIds\":[2],\"ChildIds\":null,\"DeleteChangeId\":null,\"DeletedName\":null}',1,2,7,50,'2025-06-17 19:06:34'),(573,4,'{\"PageRelations\":null,\"ImageWasUpdated\":false,\"Name\":\"ContentCreator Topic 1\",\"Description\":null,\"PageMardkown\":null,\"Content\":null,\"CustomSegments\":null,\"WikipediaURL\":null,\"DisableLearningFunctions\":false,\"Visibility\":0,\"ParentIds\":null,\"ChildIds\":[5,8,12],\"DeleteChangeId\":null,\"DeletedName\":null}',1,2,7,51,'2025-06-17 19:06:34'),(574,5,'{\"PageRelations\":null,\"ImageWasUpdated\":false,\"Name\":\"ContentCreator Subtopic 4-1\",\"Description\":null,\"PageMardkown\":null,\"Content\":null,\"CustomSegments\":null,\"WikipediaURL\":null,\"DisableLearningFunctions\":false,\"Visibility\":0,\"ParentIds\":[4],\"ChildIds\":[6,7],\"DeleteChangeId\":null,\"DeletedName\":null}',1,2,7,51,'2025-06-17 19:06:34'),(575,6,'{\"PageRelations\":null,\"ImageWasUpdated\":false,\"Name\":\"ContentCreator Subtopic 5-1\",\"Description\":null,\"PageMardkown\":null,\"Content\":null,\"CustomSegments\":null,\"WikipediaURL\":null,\"DisableLearningFunctions\":false,\"Visibility\":0,\"ParentIds\":[5],\"ChildIds\":null,\"DeleteChangeId\":null,\"DeletedName\":null}',1,2,7,51,'2025-06-17 19:06:34'),(576,7,'{\"PageRelations\":null,\"ImageWasUpdated\":false,\"Name\":\"ContentCreator Subtopic 5-2\",\"Description\":null,\"PageMardkown\":null,\"Content\":null,\"CustomSegments\":null,\"WikipediaURL\":null,\"DisableLearningFunctions\":false,\"Visibility\":0,\"ParentIds\":[5],\"ChildIds\":null,\"DeleteChangeId\":null,\"DeletedName\":null}',1,2,7,51,'2025-06-17 19:06:34'),(577,8,'{\"PageRelations\":null,\"ImageWasUpdated\":false,\"Name\":\"ContentCreator Subtopic 4-2\",\"Description\":null,\"PageMardkown\":null,\"Content\":null,\"CustomSegments\":null,\"WikipediaURL\":null,\"DisableLearningFunctions\":false,\"Visibility\":0,\"ParentIds\":[4],\"ChildIds\":[9,10,11],\"DeleteChangeId\":null,\"DeletedName\":null}',1,2,7,51,'2025-06-17 19:06:34'),(578,9,'{\"PageRelations\":null,\"ImageWasUpdated\":false,\"Name\":\"ContentCreator Subtopic 8-1\",\"Description\":null,\"PageMardkown\":null,\"Content\":null,\"CustomSegments\":null,\"WikipediaURL\":null,\"DisableLearningFunctions\":false,\"Visibility\":0,\"ParentIds\":[8],\"ChildIds\":null,\"DeleteChangeId\":null,\"DeletedName\":null}',1,2,7,51,'2025-06-17 19:06:34'),(579,10,'{\"PageRelations\":null,\"ImageWasUpdated\":false,\"Name\":\"ContentCreator Subtopic 8-2\",\"Description\":null,\"PageMardkown\":null,\"Content\":null,\"CustomSegments\":null,\"WikipediaURL\":null,\"DisableLearningFunctions\":false,\"Visibility\":0,\"ParentIds\":[8],\"ChildIds\":null,\"DeleteChangeId\":null,\"DeletedName\":null}',1,2,7,51,'2025-06-17 19:06:34'),(580,11,'{\"PageRelations\":null,\"ImageWasUpdated\":false,\"Name\":\"ContentCreator Subtopic 8-3\",\"Description\":null,\"PageMardkown\":null,\"Content\":null,\"CustomSegments\":null,\"WikipediaURL\":null,\"DisableLearningFunctions\":false,\"Visibility\":0,\"ParentIds\":[8],\"ChildIds\":null,\"DeleteChangeId\":null,\"DeletedName\":null}',1,2,7,51,'2025-06-17 19:06:34'),(581,12,'{\"PageRelations\":null,\"ImageWasUpdated\":false,\"Name\":\"ContentCreator Subtopic 4-3\",\"Description\":null,\"PageMardkown\":null,\"Content\":null,\"CustomSegments\":null,\"WikipediaURL\":null,\"DisableLearningFunctions\":false,\"Visibility\":0,\"ParentIds\":[4],\"ChildIds\":[13,14,15],\"DeleteChangeId\":null,\"DeletedName\":null}',1,2,7,51,'2025-06-17 19:06:34'),(582,13,'{\"PageRelations\":null,\"ImageWasUpdated\":false,\"Name\":\"ContentCreator Subtopic 12-1\",\"Description\":null,\"PageMardkown\":null,\"Content\":null,\"CustomSegments\":null,\"WikipediaURL\":null,\"DisableLearningFunctions\":false,\"Visibility\":0,\"ParentIds\":[12],\"ChildIds\":null,\"DeleteChangeId\":null,\"DeletedName\":null}',1,2,7,51,'2025-06-17 19:06:34'),(583,14,'{\"PageRelations\":null,\"ImageWasUpdated\":false,\"Name\":\"ContentCreator Subtopic 12-2\",\"Description\":null,\"PageMardkown\":null,\"Content\":null,\"CustomSegments\":null,\"WikipediaURL\":null,\"DisableLearningFunctions\":false,\"Visibility\":0,\"ParentIds\":[12],\"ChildIds\":null,\"DeleteChangeId\":null,\"DeletedName\":null}',1,2,7,51,'2025-06-17 19:06:34'),(584,15,'{\"PageRelations\":null,\"ImageWasUpdated\":false,\"Name\":\"ContentCreator Subtopic 12-3\",\"Description\":null,\"PageMardkown\":null,\"Content\":null,\"CustomSegments\":null,\"WikipediaURL\":null,\"DisableLearningFunctions\":false,\"Visibility\":0,\"ParentIds\":[12],\"ChildIds\":null,\"DeleteChangeId\":null,\"DeletedName\":null}',1,2,7,51,'2025-06-17 19:06:34'),(585,16,'{\"PageRelations\":null,\"ImageWasUpdated\":false,\"Name\":\"ContentCreator Topic 2\",\"Description\":null,\"PageMardkown\":null,\"Content\":null,\"CustomSegments\":null,\"WikipediaURL\":null,\"DisableLearningFunctions\":false,\"Visibility\":0,\"ParentIds\":null,\"ChildIds\":[17],\"DeleteChangeId\":null,\"DeletedName\":null}',1,2,7,51,'2025-06-17 19:06:34'),(586,17,'{\"PageRelations\":null,\"ImageWasUpdated\":false,\"Name\":\"ContentCreator Subtopic 16-1\",\"Description\":null,\"PageMardkown\":null,\"Content\":null,\"CustomSegments\":null,\"WikipediaURL\":null,\"DisableLearningFunctions\":false,\"Visibility\":0,\"ParentIds\":[16],\"ChildIds\":[18,19,20],\"DeleteChangeId\":null,\"DeletedName\":null}',1,2,7,51,'2025-06-17 19:06:34'),(587,18,'{\"PageRelations\":null,\"ImageWasUpdated\":false,\"Name\":\"ContentCreator Subtopic 17-1\",\"Description\":null,\"PageMardkown\":null,\"Content\":null,\"CustomSegments\":null,\"WikipediaURL\":null,\"DisableLearningFunctions\":false,\"Visibility\":0,\"ParentIds\":[17],\"ChildIds\":null,\"DeleteChangeId\":null,\"DeletedName\":null}',1,2,7,51,'2025-06-17 19:06:34'),(588,19,'{\"PageRelations\":null,\"ImageWasUpdated\":false,\"Name\":\"ContentCreator Subtopic 17-2\",\"Description\":null,\"PageMardkown\":null,\"Content\":null,\"CustomSegments\":null,\"WikipediaURL\":null,\"DisableLearningFunctions\":false,\"Visibility\":0,\"ParentIds\":[17],\"ChildIds\":null,\"DeleteChangeId\":null,\"DeletedName\":null}',1,2,7,51,'2025-06-17 19:06:34'),(589,20,'{\"PageRelations\":null,\"ImageWasUpdated\":false,\"Name\":\"ContentCreator Subtopic 17-3\",\"Description\":null,\"PageMardkown\":null,\"Content\":null,\"CustomSegments\":null,\"WikipediaURL\":null,\"DisableLearningFunctions\":false,\"Visibility\":0,\"ParentIds\":[17],\"ChildIds\":null,\"DeleteChangeId\":null,\"DeletedName\":null}',1,2,7,51,'2025-06-17 19:06:34'),(590,21,'{\"PageRelations\":null,\"ImageWasUpdated\":false,\"Name\":\"QuestionContributor Topic 1\",\"Description\":null,\"PageMardkown\":null,\"Content\":null,\"CustomSegments\":null,\"WikipediaURL\":null,\"DisableLearningFunctions\":false,\"Visibility\":0,\"ParentIds\":null,\"ChildIds\":[22],\"DeleteChangeId\":null,\"DeletedName\":null}',1,2,7,52,'2025-06-17 19:06:34'),(591,22,'{\"PageRelations\":null,\"ImageWasUpdated\":false,\"Name\":\"QuestionContributor Subtopic 21-1\",\"Description\":null,\"PageMardkown\":null,\"Content\":null,\"CustomSegments\":null,\"WikipediaURL\":null,\"DisableLearningFunctions\":false,\"Visibility\":0,\"ParentIds\":[21],\"ChildIds\":[23,24],\"DeleteChangeId\":null,\"DeletedName\":null}',1,2,7,52,'2025-06-17 19:06:34'),(592,23,'{\"PageRelations\":null,\"ImageWasUpdated\":false,\"Name\":\"QuestionContributor Subtopic 22-1\",\"Description\":null,\"PageMardkown\":null,\"Content\":null,\"CustomSegments\":null,\"WikipediaURL\":null,\"DisableLearningFunctions\":false,\"Visibility\":0,\"ParentIds\":[22],\"ChildIds\":null,\"DeleteChangeId\":null,\"DeletedName\":null}',1,2,7,52,'2025-06-17 19:06:34'),(593,24,'{\"PageRelations\":null,\"ImageWasUpdated\":false,\"Name\":\"QuestionContributor Subtopic 22-2\",\"Description\":null,\"PageMardkown\":null,\"Content\":null,\"CustomSegments\":null,\"WikipediaURL\":null,\"DisableLearningFunctions\":false,\"Visibility\":0,\"ParentIds\":[22],\"ChildIds\":null,\"DeleteChangeId\":null,\"DeletedName\":null}',1,2,7,52,'2025-06-17 19:06:34'),(594,25,'{\"PageRelations\":null,\"ImageWasUpdated\":false,\"Name\":\"QuestionContributor Topic 2\",\"Description\":null,\"PageMardkown\":null,\"Content\":null,\"CustomSegments\":null,\"WikipediaURL\":null,\"DisableLearningFunctions\":false,\"Visibility\":0,\"ParentIds\":null,\"ChildIds\":[26],\"DeleteChangeId\":null,\"DeletedName\":null}',1,2,7,52,'2025-06-17 19:06:34'),(595,26,'{\"PageRelations\":null,\"ImageWasUpdated\":false,\"Name\":\"QuestionContributor Subtopic 25-1\",\"Description\":null,\"PageMardkown\":null,\"Content\":null,\"CustomSegments\":null,\"WikipediaURL\":null,\"DisableLearningFunctions\":false,\"Visibility\":0,\"ParentIds\":[25],\"ChildIds\":[27,28],\"DeleteChangeId\":null,\"DeletedName\":null}',1,2,7,52,'2025-06-17 19:06:34'),(596,27,'{\"PageRelations\":null,\"ImageWasUpdated\":false,\"Name\":\"QuestionContributor Subtopic 26-1\",\"Description\":null,\"PageMardkown\":null,\"Content\":null,\"CustomSegments\":null,\"WikipediaURL\":null,\"DisableLearningFunctions\":false,\"Visibility\":0,\"ParentIds\":[26],\"ChildIds\":null,\"DeleteChangeId\":null,\"DeletedName\":null}',1,2,7,52,'2025-06-17 19:06:34'),(597,28,'{\"PageRelations\":null,\"ImageWasUpdated\":false,\"Name\":\"QuestionContributor Subtopic 26-2\",\"Description\":null,\"PageMardkown\":null,\"Content\":null,\"CustomSegments\":null,\"WikipediaURL\":null,\"DisableLearningFunctions\":false,\"Visibility\":0,\"ParentIds\":[26],\"ChildIds\":null,\"DeleteChangeId\":null,\"DeletedName\":null}',1,2,7,52,'2025-06-17 19:06:34'),(598,29,'{\"PageRelations\":null,\"ImageWasUpdated\":false,\"Name\":\"QuestionContributor Topic 3\",\"Description\":null,\"PageMardkown\":null,\"Content\":null,\"CustomSegments\":null,\"WikipediaURL\":null,\"DisableLearningFunctions\":false,\"Visibility\":0,\"ParentIds\":null,\"ChildIds\":[30],\"DeleteChangeId\":null,\"DeletedName\":null}',1,2,7,52,'2025-06-17 19:06:34'),(599,30,'{\"PageRelations\":null,\"ImageWasUpdated\":false,\"Name\":\"QuestionContributor Subtopic 29-1\",\"Description\":null,\"PageMardkown\":null,\"Content\":null,\"CustomSegments\":null,\"WikipediaURL\":null,\"DisableLearningFunctions\":false,\"Visibility\":0,\"ParentIds\":[29],\"ChildIds\":[31],\"DeleteChangeId\":null,\"DeletedName\":null}',1,2,7,52,'2025-06-17 19:06:35'),(600,31,'{\"PageRelations\":null,\"ImageWasUpdated\":false,\"Name\":\"QuestionContributor Subtopic 30-1\",\"Description\":null,\"PageMardkown\":null,\"Content\":null,\"CustomSegments\":null,\"WikipediaURL\":null,\"DisableLearningFunctions\":false,\"Visibility\":0,\"ParentIds\":[30],\"ChildIds\":null,\"DeleteChangeId\":null,\"DeletedName\":null}',1,2,7,52,'2025-06-17 19:06:35');
/*!40000 ALTER TABLE `pagechange` ENABLE KEYS */;
UNLOCK TABLES;

--
-- Table structure for table `pagerelation`
--

DROP TABLE IF EXISTS `pagerelation`;
/*!40101 SET @saved_cs_client     = @@character_set_client */;
/*!50503 SET character_set_client = utf8mb4 */;
CREATE TABLE `pagerelation` (
  `Id` int NOT NULL AUTO_INCREMENT,
  `Page_id` int DEFAULT NULL,
  `Related_id` int DEFAULT NULL,
  `Previous_id` int DEFAULT NULL,
  `Next_id` int DEFAULT NULL,
  PRIMARY KEY (`Id`),
  KEY `Page_id` (`Page_id`),
  KEY `Related_id` (`Related_id`),
  CONSTRAINT `FK_2EA216B` FOREIGN KEY (`Related_id`) REFERENCES `page` (`Id`),
  CONSTRAINT `FK_5E3C647C` FOREIGN KEY (`Page_id`) REFERENCES `page` (`Id`)
) ENGINE=InnoDB AUTO_INCREMENT=26 DEFAULT CHARSET=utf8mb4 COLLATE=utf8mb4_0900_ai_ci;
/*!40101 SET character_set_client = @saved_cs_client */;

--
-- Dumping data for table `pagerelation`
--

LOCK TABLES `pagerelation` WRITE;
/*!40000 ALTER TABLE `pagerelation` DISABLE KEYS */;
INSERT INTO `pagerelation` VALUES (1,2,1,NULL,NULL),(2,3,2,NULL,NULL),(3,5,4,NULL,8),(4,6,5,NULL,7),(5,7,5,6,NULL),(6,8,4,5,12),(7,9,8,NULL,10),(8,10,8,9,11),(9,11,8,10,NULL),(10,12,4,8,NULL),(11,13,12,NULL,14),(12,14,12,13,15),(13,15,12,14,NULL),(14,17,16,NULL,NULL),(15,18,17,NULL,19),(16,19,17,18,20),(17,20,17,19,NULL),(18,22,21,NULL,NULL),(19,23,22,NULL,24),(20,24,22,23,NULL),(21,26,25,NULL,NULL),(22,27,26,NULL,28),(23,28,26,27,NULL),(24,30,29,NULL,NULL),(25,31,30,NULL,NULL);
/*!40000 ALTER TABLE `pagerelation` ENABLE KEYS */;
UNLOCK TABLES;

--
-- Table structure for table `pages_to_questions`
--

DROP TABLE IF EXISTS `pages_to_questions`;
/*!40101 SET @saved_cs_client     = @@character_set_client */;
/*!50503 SET character_set_client = utf8mb4 */;
CREATE TABLE `pages_to_questions` (
  `Question_id` int NOT NULL,
  `Page_id` int NOT NULL,
  KEY `Page_id` (`Page_id`),
  KEY `Question_id` (`Question_id`),
  CONSTRAINT `FK_3DD43A7C` FOREIGN KEY (`Page_id`) REFERENCES `page` (`Id`),
  CONSTRAINT `FK_B7E93C59` FOREIGN KEY (`Question_id`) REFERENCES `question` (`Id`)
) ENGINE=InnoDB DEFAULT CHARSET=utf8mb4 COLLATE=utf8mb4_0900_ai_ci;
/*!40101 SET character_set_client = @saved_cs_client */;

--
-- Dumping data for table `pages_to_questions`
--

LOCK TABLES `pages_to_questions` WRITE;
/*!40000 ALTER TABLE `pages_to_questions` DISABLE KEYS */;
INSERT INTO `pages_to_questions` VALUES (1,1),(2,1),(3,2),(4,2),(5,3),(6,3),(7,4),(8,4),(9,5),(10,5),(11,6),(12,6),(13,7),(14,7),(15,8),(16,8),(17,9),(18,9),(19,10),(20,10),(21,11),(22,11),(23,12),(24,12),(25,13),(26,13),(27,14),(28,14),(29,15),(30,15),(31,16),(32,16),(33,17),(34,17),(35,18),(36,18),(37,19),(38,19),(39,20),(40,20),(41,21),(42,21),(43,22),(44,22),(45,23),(46,23),(47,24),(48,24),(49,25),(50,25),(51,26),(52,26),(53,27),(54,27),(55,28),(56,28),(57,29),(58,29),(59,30),(60,30),(61,31),(62,31);
/*!40000 ALTER TABLE `pages_to_questions` ENABLE KEYS */;
UNLOCK TABLES;

--
-- Table structure for table `pagevaluation`
--

DROP TABLE IF EXISTS `pagevaluation`;
/*!40101 SET @saved_cs_client     = @@character_set_client */;
/*!50503 SET character_set_client = utf8mb4 */;
CREATE TABLE `pagevaluation` (
  `Id` int NOT NULL AUTO_INCREMENT,
  `UserId` int DEFAULT NULL,
  `PageId` int DEFAULT NULL,
  `RelevancePersonal` int DEFAULT NULL,
  `CountNotLearned` int DEFAULT NULL,
  `CountNeedsLearning` int DEFAULT NULL,
  `CountNeedsConsolidation` int DEFAULT NULL,
  `CountSolid` int DEFAULT NULL,
  `DateCreated` datetime DEFAULT NULL,
  `DateModified` datetime DEFAULT NULL,
  PRIMARY KEY (`Id`)
) ENGINE=InnoDB DEFAULT CHARSET=utf8mb4 COLLATE=utf8mb4_0900_ai_ci;
/*!40101 SET character_set_client = @saved_cs_client */;

--
-- Dumping data for table `pagevaluation`
--

LOCK TABLES `pagevaluation` WRITE;
/*!40000 ALTER TABLE `pagevaluation` DISABLE KEYS */;
/*!40000 ALTER TABLE `pagevaluation` ENABLE KEYS */;
UNLOCK TABLES;

--
-- Table structure for table `pageview`
--

DROP TABLE IF EXISTS `pageview`;
/*!40101 SET @saved_cs_client     = @@character_set_client */;
/*!50503 SET character_set_client = utf8mb4 */;
CREATE TABLE `pageview` (
  `Id` int NOT NULL AUTO_INCREMENT,
  `Page_id` int DEFAULT NULL,
  `User_id` int DEFAULT NULL,
  `UserAgent` varchar(255) DEFAULT NULL,
  `DateCreated` datetime DEFAULT NULL,
  `DateOnly` datetime DEFAULT NULL,
  PRIMARY KEY (`Id`),
  KEY `Page_id` (`Page_id`),
  KEY `User_id` (`User_id`),
  CONSTRAINT `FK_1ABE64FC` FOREIGN KEY (`Page_id`) REFERENCES `page` (`Id`),
  CONSTRAINT `FK_F7F3F28F` FOREIGN KEY (`User_id`) REFERENCES `user` (`Id`)
) ENGINE=InnoDB DEFAULT CHARSET=utf8mb4 COLLATE=utf8mb4_0900_ai_ci;
/*!40101 SET character_set_client = @saved_cs_client */;

--
-- Dumping data for table `pageview`
--

LOCK TABLES `pageview` WRITE;
/*!40000 ALTER TABLE `pageview` DISABLE KEYS */;
/*!40000 ALTER TABLE `pageview` ENABLE KEYS */;
UNLOCK TABLES;

--
-- Table structure for table `passwordrecoverytoken`
--

DROP TABLE IF EXISTS `passwordrecoverytoken`;
/*!40101 SET @saved_cs_client     = @@character_set_client */;
/*!50503 SET character_set_client = utf8mb4 */;
CREATE TABLE `passwordrecoverytoken` (
  `Id` int NOT NULL AUTO_INCREMENT,
  `Token` varchar(255) DEFAULT NULL,
  `Email` varchar(255) DEFAULT NULL,
  `DateModified` datetime DEFAULT NULL,
  `DateCreated` datetime DEFAULT NULL,
  PRIMARY KEY (`Id`)
) ENGINE=InnoDB DEFAULT CHARSET=utf8mb4 COLLATE=utf8mb4_0900_ai_ci;
/*!40101 SET character_set_client = @saved_cs_client */;

--
-- Dumping data for table `passwordrecoverytoken`
--

LOCK TABLES `passwordrecoverytoken` WRITE;
/*!40000 ALTER TABLE `passwordrecoverytoken` DISABLE KEYS */;
/*!40000 ALTER TABLE `passwordrecoverytoken` ENABLE KEYS */;
UNLOCK TABLES;

--
-- Table structure for table `persistentlogin`
--

DROP TABLE IF EXISTS `persistentlogin`;
/*!40101 SET @saved_cs_client     = @@character_set_client */;
/*!50503 SET character_set_client = utf8mb4 */;
CREATE TABLE `persistentlogin` (
  `Id` int NOT NULL AUTO_INCREMENT,
  `UserId` int DEFAULT NULL,
  `LoginGuid` varchar(255) DEFAULT NULL,
  `Created` datetime DEFAULT NULL,
  PRIMARY KEY (`Id`)
) ENGINE=InnoDB DEFAULT CHARSET=utf8mb4 COLLATE=utf8mb4_0900_ai_ci;
/*!40101 SET character_set_client = @saved_cs_client */;

--
-- Dumping data for table `persistentlogin`
--

LOCK TABLES `persistentlogin` WRITE;
/*!40000 ALTER TABLE `persistentlogin` DISABLE KEYS */;
/*!40000 ALTER TABLE `persistentlogin` ENABLE KEYS */;
UNLOCK TABLES;

--
-- Table structure for table `question`
--

DROP TABLE IF EXISTS `question`;
/*!40101 SET @saved_cs_client     = @@character_set_client */;
/*!50503 SET character_set_client = utf8mb4 */;
CREATE TABLE `question` (
  `Id` int NOT NULL AUTO_INCREMENT,
  `Text` varchar(3000) DEFAULT NULL,
  `TextHtml` mediumtext,
  `TextExtended` text,
  `TextExtendedHtml` text,
  `Description` text,
  `DescriptionHtml` text,
  `License` int DEFAULT NULL,
  `Visibility` int DEFAULT NULL,
  `Creator_id` int DEFAULT NULL,
  `TotalTrueAnswers` int DEFAULT NULL,
  `TotalFalseAnswers` int DEFAULT NULL,
  `TotalQualityAvg` int DEFAULT NULL,
  `TotalQualityEntries` int DEFAULT NULL,
  `TotalRelevanceForAllAvg` int DEFAULT NULL,
  `TotalRelevanceForAllEntries` int DEFAULT NULL,
  `TotalRelevancePersonalAvg` int DEFAULT NULL,
  `TotalRelevancePersonalEntries` int DEFAULT NULL,
  `CorrectnessProbability` int DEFAULT NULL,
  `CorrectnessProbabilityAnswerCount` int DEFAULT NULL,
  `Solution` mediumtext,
  `SolutionType` int DEFAULT NULL,
  `SolutionMetadataJson` varchar(7000) DEFAULT NULL,
  `DateCreated` datetime DEFAULT NULL,
  `DateModified` datetime DEFAULT NULL,
  `SkipMigration` tinyint(1) DEFAULT NULL,
  PRIMARY KEY (`Id`),
  KEY `Creator_id` (`Creator_id`),
  CONSTRAINT `FK_A42E80A6` FOREIGN KEY (`Creator_id`) REFERENCES `user` (`Id`)
) ENGINE=InnoDB AUTO_INCREMENT=63 DEFAULT CHARSET=utf8mb4 COLLATE=utf8mb4_0900_ai_ci;
/*!40101 SET character_set_client = @saved_cs_client */;

--
-- Dumping data for table `question`
--

LOCK TABLES `question` WRITE;
/*!40000 ALTER TABLE `question` DISABLE KEYS */;
INSERT INTO `question` VALUES (1,'Question 1 for page LearningUser Topic 1?',NULL,NULL,NULL,NULL,NULL,0,0,2,0,0,0,0,0,0,0,0,38,0,'Answer 1 for page LearningUser Topic 1',1,'{\"IsCaseSensitive\":false,\"IsExtracInput\":false,\"IsDate\":false,\"IsNumber\":false,\"IsText\":true}','2025-06-17 19:06:35','2025-06-17 19:06:35',0),(2,'Question 2 for page LearningUser Topic 1?',NULL,NULL,NULL,NULL,NULL,0,0,2,0,0,0,0,0,0,0,0,75,0,'Answer 2 for page LearningUser Topic 1',1,'{\"IsCaseSensitive\":false,\"IsExtracInput\":false,\"IsDate\":false,\"IsNumber\":false,\"IsText\":true}','2025-06-17 19:06:35','2025-06-17 19:06:35',0),(3,'Question 1 for page LearningUser Subtopic 1-1?',NULL,NULL,NULL,NULL,NULL,0,0,2,0,0,0,0,0,0,0,0,41,0,'Answer 1 for page LearningUser Subtopic 1-1',1,'{\"IsCaseSensitive\":false,\"IsExtracInput\":false,\"IsDate\":false,\"IsNumber\":false,\"IsText\":true}','2025-06-17 19:06:35','2025-06-17 19:06:35',0),(4,'Question 2 for page LearningUser Subtopic 1-1?',NULL,NULL,NULL,NULL,NULL,0,0,2,0,0,0,0,0,0,0,0,84,0,'Answer 2 for page LearningUser Subtopic 1-1',1,'{\"IsCaseSensitive\":false,\"IsExtracInput\":false,\"IsDate\":false,\"IsNumber\":false,\"IsText\":true}','2025-06-17 19:06:35','2025-06-17 19:06:35',0),(5,'Question 1 for page LearningUser Subtopic 2-1?',NULL,NULL,NULL,NULL,NULL,0,0,2,0,0,0,0,0,0,0,0,82,0,'Answer 1 for page LearningUser Subtopic 2-1',1,'{\"IsCaseSensitive\":false,\"IsExtracInput\":false,\"IsDate\":false,\"IsNumber\":false,\"IsText\":true}','2025-06-17 19:06:35','2025-06-17 19:06:35',0),(6,'Question 2 for page LearningUser Subtopic 2-1?',NULL,NULL,NULL,NULL,NULL,0,0,2,0,0,0,0,0,0,0,0,51,0,'Answer 2 for page LearningUser Subtopic 2-1',1,'{\"IsCaseSensitive\":false,\"IsExtracInput\":false,\"IsDate\":false,\"IsNumber\":false,\"IsText\":true}','2025-06-17 19:06:35','2025-06-17 19:06:35',0),(7,'Question 1 for page ContentCreator Topic 1?',NULL,NULL,NULL,NULL,NULL,0,0,3,0,0,0,0,0,0,0,0,36,0,'Answer 1 for page ContentCreator Topic 1',1,'{\"IsCaseSensitive\":false,\"IsExtracInput\":false,\"IsDate\":false,\"IsNumber\":false,\"IsText\":true}','2025-06-17 19:06:35','2025-06-17 19:06:35',0),(8,'Question 2 for page ContentCreator Topic 1?',NULL,NULL,NULL,NULL,NULL,0,0,3,0,0,0,0,0,0,0,0,62,0,'Answer 2 for page ContentCreator Topic 1',1,'{\"IsCaseSensitive\":false,\"IsExtracInput\":false,\"IsDate\":false,\"IsNumber\":false,\"IsText\":true}','2025-06-17 19:06:35','2025-06-17 19:06:35',0),(9,'Question 1 for page ContentCreator Subtopic 4-1?',NULL,NULL,NULL,NULL,NULL,0,0,3,0,0,0,0,0,0,0,0,51,0,'Answer 1 for page ContentCreator Subtopic 4-1',1,'{\"IsCaseSensitive\":false,\"IsExtracInput\":false,\"IsDate\":false,\"IsNumber\":false,\"IsText\":true}','2025-06-17 19:06:35','2025-06-17 19:06:35',0),(10,'Question 2 for page ContentCreator Subtopic 4-1?',NULL,NULL,NULL,NULL,NULL,0,0,3,0,0,0,0,0,0,0,0,73,0,'Answer 2 for page ContentCreator Subtopic 4-1',1,'{\"IsCaseSensitive\":false,\"IsExtracInput\":false,\"IsDate\":false,\"IsNumber\":false,\"IsText\":true}','2025-06-17 19:06:35','2025-06-17 19:06:35',0),(11,'Question 1 for page ContentCreator Subtopic 5-1?',NULL,NULL,NULL,NULL,NULL,0,0,3,0,0,0,0,0,0,0,0,65,0,'Answer 1 for page ContentCreator Subtopic 5-1',1,'{\"IsCaseSensitive\":false,\"IsExtracInput\":false,\"IsDate\":false,\"IsNumber\":false,\"IsText\":true}','2025-06-17 19:06:36','2025-06-17 19:06:36',0),(12,'Question 2 for page ContentCreator Subtopic 5-1?',NULL,NULL,NULL,NULL,NULL,0,0,3,0,0,0,0,0,0,0,0,67,0,'Answer 2 for page ContentCreator Subtopic 5-1',1,'{\"IsCaseSensitive\":false,\"IsExtracInput\":false,\"IsDate\":false,\"IsNumber\":false,\"IsText\":true}','2025-06-17 19:06:36','2025-06-17 19:06:36',0),(13,'Question 1 for page ContentCreator Subtopic 5-2?',NULL,NULL,NULL,NULL,NULL,0,0,3,0,0,0,0,0,0,0,0,74,0,'Answer 1 for page ContentCreator Subtopic 5-2',1,'{\"IsCaseSensitive\":false,\"IsExtracInput\":false,\"IsDate\":false,\"IsNumber\":false,\"IsText\":true}','2025-06-17 19:06:36','2025-06-17 19:06:36',0),(14,'Question 2 for page ContentCreator Subtopic 5-2?',NULL,NULL,NULL,NULL,NULL,0,0,3,0,0,0,0,0,0,0,0,75,0,'Answer 2 for page ContentCreator Subtopic 5-2',1,'{\"IsCaseSensitive\":false,\"IsExtracInput\":false,\"IsDate\":false,\"IsNumber\":false,\"IsText\":true}','2025-06-17 19:06:36','2025-06-17 19:06:36',0),(15,'Question 1 for page ContentCreator Subtopic 4-2?',NULL,NULL,NULL,NULL,NULL,0,0,3,0,0,0,0,0,0,0,0,54,0,'Answer 1 for page ContentCreator Subtopic 4-2',1,'{\"IsCaseSensitive\":false,\"IsExtracInput\":false,\"IsDate\":false,\"IsNumber\":false,\"IsText\":true}','2025-06-17 19:06:36','2025-06-17 19:06:36',0),(16,'Question 2 for page ContentCreator Subtopic 4-2?',NULL,NULL,NULL,NULL,NULL,0,0,3,0,0,0,0,0,0,0,0,44,0,'Answer 2 for page ContentCreator Subtopic 4-2',1,'{\"IsCaseSensitive\":false,\"IsExtracInput\":false,\"IsDate\":false,\"IsNumber\":false,\"IsText\":true}','2025-06-17 19:06:36','2025-06-17 19:06:36',0),(17,'Question 1 for page ContentCreator Subtopic 8-1?',NULL,NULL,NULL,NULL,NULL,0,0,3,0,0,0,0,0,0,0,0,71,0,'Answer 1 for page ContentCreator Subtopic 8-1',1,'{\"IsCaseSensitive\":false,\"IsExtracInput\":false,\"IsDate\":false,\"IsNumber\":false,\"IsText\":true}','2025-06-17 19:06:36','2025-06-17 19:06:36',0),(18,'Question 2 for page ContentCreator Subtopic 8-1?',NULL,NULL,NULL,NULL,NULL,0,0,3,0,0,0,0,0,0,0,0,42,0,'Answer 2 for page ContentCreator Subtopic 8-1',1,'{\"IsCaseSensitive\":false,\"IsExtracInput\":false,\"IsDate\":false,\"IsNumber\":false,\"IsText\":true}','2025-06-17 19:06:36','2025-06-17 19:06:36',0),(19,'Question 1 for page ContentCreator Subtopic 8-2?',NULL,NULL,NULL,NULL,NULL,0,0,3,0,0,0,0,0,0,0,0,61,0,'Answer 1 for page ContentCreator Subtopic 8-2',1,'{\"IsCaseSensitive\":false,\"IsExtracInput\":false,\"IsDate\":false,\"IsNumber\":false,\"IsText\":true}','2025-06-17 19:06:36','2025-06-17 19:06:36',0),(20,'Question 2 for page ContentCreator Subtopic 8-2?',NULL,NULL,NULL,NULL,NULL,0,0,3,0,0,0,0,0,0,0,0,59,0,'Answer 2 for page ContentCreator Subtopic 8-2',1,'{\"IsCaseSensitive\":false,\"IsExtracInput\":false,\"IsDate\":false,\"IsNumber\":false,\"IsText\":true}','2025-06-17 19:06:36','2025-06-17 19:06:36',0),(21,'Question 1 for page ContentCreator Subtopic 8-3?',NULL,NULL,NULL,NULL,NULL,0,0,3,0,0,0,0,0,0,0,0,45,0,'Answer 1 for page ContentCreator Subtopic 8-3',1,'{\"IsCaseSensitive\":false,\"IsExtracInput\":false,\"IsDate\":false,\"IsNumber\":false,\"IsText\":true}','2025-06-17 19:06:36','2025-06-17 19:06:36',0),(22,'Question 2 for page ContentCreator Subtopic 8-3?',NULL,NULL,NULL,NULL,NULL,0,0,3,0,0,0,0,0,0,0,0,77,0,'Answer 2 for page ContentCreator Subtopic 8-3',1,'{\"IsCaseSensitive\":false,\"IsExtracInput\":false,\"IsDate\":false,\"IsNumber\":false,\"IsText\":true}','2025-06-17 19:06:36','2025-06-17 19:06:36',0),(23,'Question 1 for page ContentCreator Subtopic 4-3?',NULL,NULL,NULL,NULL,NULL,0,0,3,0,0,0,0,0,0,0,0,30,0,'Answer 1 for page ContentCreator Subtopic 4-3',1,'{\"IsCaseSensitive\":false,\"IsExtracInput\":false,\"IsDate\":false,\"IsNumber\":false,\"IsText\":true}','2025-06-17 19:06:37','2025-06-17 19:06:37',0),(24,'Question 2 for page ContentCreator Subtopic 4-3?',NULL,NULL,NULL,NULL,NULL,0,0,3,0,0,0,0,0,0,0,0,59,0,'Answer 2 for page ContentCreator Subtopic 4-3',1,'{\"IsCaseSensitive\":false,\"IsExtracInput\":false,\"IsDate\":false,\"IsNumber\":false,\"IsText\":true}','2025-06-17 19:06:37','2025-06-17 19:06:37',0),(25,'Question 1 for page ContentCreator Subtopic 12-1?',NULL,NULL,NULL,NULL,NULL,0,0,3,0,0,0,0,0,0,0,0,57,0,'Answer 1 for page ContentCreator Subtopic 12-1',1,'{\"IsCaseSensitive\":false,\"IsExtracInput\":false,\"IsDate\":false,\"IsNumber\":false,\"IsText\":true}','2025-06-17 19:06:37','2025-06-17 19:06:37',0),(26,'Question 2 for page ContentCreator Subtopic 12-1?',NULL,NULL,NULL,NULL,NULL,0,0,3,0,0,0,0,0,0,0,0,59,0,'Answer 2 for page ContentCreator Subtopic 12-1',1,'{\"IsCaseSensitive\":false,\"IsExtracInput\":false,\"IsDate\":false,\"IsNumber\":false,\"IsText\":true}','2025-06-17 19:06:37','2025-06-17 19:06:37',0),(27,'Question 1 for page ContentCreator Subtopic 12-2?',NULL,NULL,NULL,NULL,NULL,0,0,3,0,0,0,0,0,0,0,0,73,0,'Answer 1 for page ContentCreator Subtopic 12-2',1,'{\"IsCaseSensitive\":false,\"IsExtracInput\":false,\"IsDate\":false,\"IsNumber\":false,\"IsText\":true}','2025-06-17 19:06:37','2025-06-17 19:06:37',0),(28,'Question 2 for page ContentCreator Subtopic 12-2?',NULL,NULL,NULL,NULL,NULL,0,0,3,0,0,0,0,0,0,0,0,57,0,'Answer 2 for page ContentCreator Subtopic 12-2',1,'{\"IsCaseSensitive\":false,\"IsExtracInput\":false,\"IsDate\":false,\"IsNumber\":false,\"IsText\":true}','2025-06-17 19:06:37','2025-06-17 19:06:37',0),(29,'Question 1 for page ContentCreator Subtopic 12-3?',NULL,NULL,NULL,NULL,NULL,0,0,3,0,0,0,0,0,0,0,0,46,0,'Answer 1 for page ContentCreator Subtopic 12-3',1,'{\"IsCaseSensitive\":false,\"IsExtracInput\":false,\"IsDate\":false,\"IsNumber\":false,\"IsText\":true}','2025-06-17 19:06:37','2025-06-17 19:06:37',0),(30,'Question 2 for page ContentCreator Subtopic 12-3?',NULL,NULL,NULL,NULL,NULL,0,0,3,0,0,0,0,0,0,0,0,47,0,'Answer 2 for page ContentCreator Subtopic 12-3',1,'{\"IsCaseSensitive\":false,\"IsExtracInput\":false,\"IsDate\":false,\"IsNumber\":false,\"IsText\":true}','2025-06-17 19:06:37','2025-06-17 19:06:37',0),(31,'Question 1 for page ContentCreator Topic 2?',NULL,NULL,NULL,NULL,NULL,0,0,3,0,0,0,0,0,0,0,0,68,0,'Answer 1 for page ContentCreator Topic 2',1,'{\"IsCaseSensitive\":false,\"IsExtracInput\":false,\"IsDate\":false,\"IsNumber\":false,\"IsText\":true}','2025-06-17 19:06:37','2025-06-17 19:06:37',0),(32,'Question 2 for page ContentCreator Topic 2?',NULL,NULL,NULL,NULL,NULL,0,0,3,0,0,0,0,0,0,0,0,47,0,'Answer 2 for page ContentCreator Topic 2',1,'{\"IsCaseSensitive\":false,\"IsExtracInput\":false,\"IsDate\":false,\"IsNumber\":false,\"IsText\":true}','2025-06-17 19:06:37','2025-06-17 19:06:37',0),(33,'Question 1 for page ContentCreator Subtopic 16-1?',NULL,NULL,NULL,NULL,NULL,0,0,3,0,0,0,0,0,0,0,0,52,0,'Answer 1 for page ContentCreator Subtopic 16-1',1,'{\"IsCaseSensitive\":false,\"IsExtracInput\":false,\"IsDate\":false,\"IsNumber\":false,\"IsText\":true}','2025-06-17 19:06:37','2025-06-17 19:06:37',0),(34,'Question 2 for page ContentCreator Subtopic 16-1?',NULL,NULL,NULL,NULL,NULL,0,0,3,0,0,0,0,0,0,0,0,82,0,'Answer 2 for page ContentCreator Subtopic 16-1',1,'{\"IsCaseSensitive\":false,\"IsExtracInput\":false,\"IsDate\":false,\"IsNumber\":false,\"IsText\":true}','2025-06-17 19:06:37','2025-06-17 19:06:37',0),(35,'Question 1 for page ContentCreator Subtopic 17-1?',NULL,NULL,NULL,NULL,NULL,0,0,3,0,0,0,0,0,0,0,0,40,0,'Answer 1 for page ContentCreator Subtopic 17-1',1,'{\"IsCaseSensitive\":false,\"IsExtracInput\":false,\"IsDate\":false,\"IsNumber\":false,\"IsText\":true}','2025-06-17 19:06:37','2025-06-17 19:06:37',0),(36,'Question 2 for page ContentCreator Subtopic 17-1?',NULL,NULL,NULL,NULL,NULL,0,0,3,0,0,0,0,0,0,0,0,81,0,'Answer 2 for page ContentCreator Subtopic 17-1',1,'{\"IsCaseSensitive\":false,\"IsExtracInput\":false,\"IsDate\":false,\"IsNumber\":false,\"IsText\":true}','2025-06-17 19:06:38','2025-06-17 19:06:38',0),(37,'Question 1 for page ContentCreator Subtopic 17-2?',NULL,NULL,NULL,NULL,NULL,0,0,3,0,0,0,0,0,0,0,0,69,0,'Answer 1 for page ContentCreator Subtopic 17-2',1,'{\"IsCaseSensitive\":false,\"IsExtracInput\":false,\"IsDate\":false,\"IsNumber\":false,\"IsText\":true}','2025-06-17 19:06:38','2025-06-17 19:06:38',0),(38,'Question 2 for page ContentCreator Subtopic 17-2?',NULL,NULL,NULL,NULL,NULL,0,0,3,0,0,0,0,0,0,0,0,67,0,'Answer 2 for page ContentCreator Subtopic 17-2',1,'{\"IsCaseSensitive\":false,\"IsExtracInput\":false,\"IsDate\":false,\"IsNumber\":false,\"IsText\":true}','2025-06-17 19:06:38','2025-06-17 19:06:38',0),(39,'Question 1 for page ContentCreator Subtopic 17-3?',NULL,NULL,NULL,NULL,NULL,0,0,3,0,0,0,0,0,0,0,0,56,0,'Answer 1 for page ContentCreator Subtopic 17-3',1,'{\"IsCaseSensitive\":false,\"IsExtracInput\":false,\"IsDate\":false,\"IsNumber\":false,\"IsText\":true}','2025-06-17 19:06:38','2025-06-17 19:06:38',0),(40,'Question 2 for page ContentCreator Subtopic 17-3?',NULL,NULL,NULL,NULL,NULL,0,0,3,0,0,0,0,0,0,0,0,60,0,'Answer 2 for page ContentCreator Subtopic 17-3',1,'{\"IsCaseSensitive\":false,\"IsExtracInput\":false,\"IsDate\":false,\"IsNumber\":false,\"IsText\":true}','2025-06-17 19:06:38','2025-06-17 19:06:38',0),(41,'Question 1 for page QuestionContributor Topic 1?',NULL,NULL,NULL,NULL,NULL,0,0,4,0,0,0,0,0,0,0,0,31,0,'Answer 1 for page QuestionContributor Topic 1',1,'{\"IsCaseSensitive\":false,\"IsExtracInput\":false,\"IsDate\":false,\"IsNumber\":false,\"IsText\":true}','2025-06-17 19:06:38','2025-06-17 19:06:38',0),(42,'Question 2 for page QuestionContributor Topic 1?',NULL,NULL,NULL,NULL,NULL,0,0,4,0,0,0,0,0,0,0,0,62,0,'Answer 2 for page QuestionContributor Topic 1',1,'{\"IsCaseSensitive\":false,\"IsExtracInput\":false,\"IsDate\":false,\"IsNumber\":false,\"IsText\":true}','2025-06-17 19:06:38','2025-06-17 19:06:38',0),(43,'Question 1 for page QuestionContributor Subtopic 21-1?',NULL,NULL,NULL,NULL,NULL,0,0,4,0,0,0,0,0,0,0,0,73,0,'Answer 1 for page QuestionContributor Subtopic 21-1',1,'{\"IsCaseSensitive\":false,\"IsExtracInput\":false,\"IsDate\":false,\"IsNumber\":false,\"IsText\":true}','2025-06-17 19:06:38','2025-06-17 19:06:38',0),(44,'Question 2 for page QuestionContributor Subtopic 21-1?',NULL,NULL,NULL,NULL,NULL,0,0,4,0,0,0,0,0,0,0,0,34,0,'Answer 2 for page QuestionContributor Subtopic 21-1',1,'{\"IsCaseSensitive\":false,\"IsExtracInput\":false,\"IsDate\":false,\"IsNumber\":false,\"IsText\":true}','2025-06-17 19:06:38','2025-06-17 19:06:38',0),(45,'Question 1 for page QuestionContributor Subtopic 22-1?',NULL,NULL,NULL,NULL,NULL,0,0,4,0,0,0,0,0,0,0,0,86,0,'Answer 1 for page QuestionContributor Subtopic 22-1',1,'{\"IsCaseSensitive\":false,\"IsExtracInput\":false,\"IsDate\":false,\"IsNumber\":false,\"IsText\":true}','2025-06-17 19:06:38','2025-06-17 19:06:38',0),(46,'Question 2 for page QuestionContributor Subtopic 22-1?',NULL,NULL,NULL,NULL,NULL,0,0,4,0,0,0,0,0,0,0,0,40,0,'Answer 2 for page QuestionContributor Subtopic 22-1',1,'{\"IsCaseSensitive\":false,\"IsExtracInput\":false,\"IsDate\":false,\"IsNumber\":false,\"IsText\":true}','2025-06-17 19:06:38','2025-06-17 19:06:38',0),(47,'Question 1 for page QuestionContributor Subtopic 22-2?',NULL,NULL,NULL,NULL,NULL,0,0,4,0,0,0,0,0,0,0,0,35,0,'Answer 1 for page QuestionContributor Subtopic 22-2',1,'{\"IsCaseSensitive\":false,\"IsExtracInput\":false,\"IsDate\":false,\"IsNumber\":false,\"IsText\":true}','2025-06-17 19:06:38','2025-06-17 19:06:38',0),(48,'Question 2 for page QuestionContributor Subtopic 22-2?',NULL,NULL,NULL,NULL,NULL,0,0,4,0,0,0,0,0,0,0,0,55,0,'Answer 2 for page QuestionContributor Subtopic 22-2',1,'{\"IsCaseSensitive\":false,\"IsExtracInput\":false,\"IsDate\":false,\"IsNumber\":false,\"IsText\":true}','2025-06-17 19:06:38','2025-06-17 19:06:38',0),(49,'Question 1 for page QuestionContributor Topic 2?',NULL,NULL,NULL,NULL,NULL,0,0,4,0,0,0,0,0,0,0,0,50,0,'Answer 1 for page QuestionContributor Topic 2',1,'{\"IsCaseSensitive\":false,\"IsExtracInput\":false,\"IsDate\":false,\"IsNumber\":false,\"IsText\":true}','2025-06-17 19:06:39','2025-06-17 19:06:39',0),(50,'Question 2 for page QuestionContributor Topic 2?',NULL,NULL,NULL,NULL,NULL,0,0,4,0,0,0,0,0,0,0,0,30,0,'Answer 2 for page QuestionContributor Topic 2',1,'{\"IsCaseSensitive\":false,\"IsExtracInput\":false,\"IsDate\":false,\"IsNumber\":false,\"IsText\":true}','2025-06-17 19:06:39','2025-06-17 19:06:39',0),(51,'Question 1 for page QuestionContributor Subtopic 25-1?',NULL,NULL,NULL,NULL,NULL,0,0,4,0,0,0,0,0,0,0,0,79,0,'Answer 1 for page QuestionContributor Subtopic 25-1',1,'{\"IsCaseSensitive\":false,\"IsExtracInput\":false,\"IsDate\":false,\"IsNumber\":false,\"IsText\":true}','2025-06-17 19:06:39','2025-06-17 19:06:39',0),(52,'Question 2 for page QuestionContributor Subtopic 25-1?',NULL,NULL,NULL,NULL,NULL,0,0,4,0,0,0,0,0,0,0,0,31,0,'Answer 2 for page QuestionContributor Subtopic 25-1',1,'{\"IsCaseSensitive\":false,\"IsExtracInput\":false,\"IsDate\":false,\"IsNumber\":false,\"IsText\":true}','2025-06-17 19:06:39','2025-06-17 19:06:39',0),(53,'Question 1 for page QuestionContributor Subtopic 26-1?',NULL,NULL,NULL,NULL,NULL,0,0,4,0,0,0,0,0,0,0,0,83,0,'Answer 1 for page QuestionContributor Subtopic 26-1',1,'{\"IsCaseSensitive\":false,\"IsExtracInput\":false,\"IsDate\":false,\"IsNumber\":false,\"IsText\":true}','2025-06-17 19:06:39','2025-06-17 19:06:39',0),(54,'Question 2 for page QuestionContributor Subtopic 26-1?',NULL,NULL,NULL,NULL,NULL,0,0,4,0,0,0,0,0,0,0,0,74,0,'Answer 2 for page QuestionContributor Subtopic 26-1',1,'{\"IsCaseSensitive\":false,\"IsExtracInput\":false,\"IsDate\":false,\"IsNumber\":false,\"IsText\":true}','2025-06-17 19:06:39','2025-06-17 19:06:39',0),(55,'Question 1 for page QuestionContributor Subtopic 26-2?',NULL,NULL,NULL,NULL,NULL,0,0,4,0,0,0,0,0,0,0,0,76,0,'Answer 1 for page QuestionContributor Subtopic 26-2',1,'{\"IsCaseSensitive\":false,\"IsExtracInput\":false,\"IsDate\":false,\"IsNumber\":false,\"IsText\":true}','2025-06-17 19:06:39','2025-06-17 19:06:39',0),(56,'Question 2 for page QuestionContributor Subtopic 26-2?',NULL,NULL,NULL,NULL,NULL,0,0,4,0,0,0,0,0,0,0,0,52,0,'Answer 2 for page QuestionContributor Subtopic 26-2',1,'{\"IsCaseSensitive\":false,\"IsExtracInput\":false,\"IsDate\":false,\"IsNumber\":false,\"IsText\":true}','2025-06-17 19:06:39','2025-06-17 19:06:39',0),(57,'Question 1 for page QuestionContributor Topic 3?',NULL,NULL,NULL,NULL,NULL,0,0,4,0,0,0,0,0,0,0,0,75,0,'Answer 1 for page QuestionContributor Topic 3',1,'{\"IsCaseSensitive\":false,\"IsExtracInput\":false,\"IsDate\":false,\"IsNumber\":false,\"IsText\":true}','2025-06-17 19:06:39','2025-06-17 19:06:39',0),(58,'Question 2 for page QuestionContributor Topic 3?',NULL,NULL,NULL,NULL,NULL,0,0,4,0,0,0,0,0,0,0,0,73,0,'Answer 2 for page QuestionContributor Topic 3',1,'{\"IsCaseSensitive\":false,\"IsExtracInput\":false,\"IsDate\":false,\"IsNumber\":false,\"IsText\":true}','2025-06-17 19:06:39','2025-06-17 19:06:39',0),(59,'Question 1 for page QuestionContributor Subtopic 29-1?',NULL,NULL,NULL,NULL,NULL,0,0,4,0,0,0,0,0,0,0,0,56,0,'Answer 1 for page QuestionContributor Subtopic 29-1',1,'{\"IsCaseSensitive\":false,\"IsExtracInput\":false,\"IsDate\":false,\"IsNumber\":false,\"IsText\":true}','2025-06-17 19:06:39','2025-06-17 19:06:39',0),(60,'Question 2 for page QuestionContributor Subtopic 29-1?',NULL,NULL,NULL,NULL,NULL,0,0,4,0,0,0,0,0,0,0,0,52,0,'Answer 2 for page QuestionContributor Subtopic 29-1',1,'{\"IsCaseSensitive\":false,\"IsExtracInput\":false,\"IsDate\":false,\"IsNumber\":false,\"IsText\":true}','2025-06-17 19:06:39','2025-06-17 19:06:39',0),(61,'Question 1 for page QuestionContributor Subtopic 30-1?',NULL,NULL,NULL,NULL,NULL,0,0,4,0,0,0,0,0,0,0,0,69,0,'Answer 1 for page QuestionContributor Subtopic 30-1',1,'{\"IsCaseSensitive\":false,\"IsExtracInput\":false,\"IsDate\":false,\"IsNumber\":false,\"IsText\":true}','2025-06-17 19:06:39','2025-06-17 19:06:39',0),(62,'Question 2 for page QuestionContributor Subtopic 30-1?',NULL,NULL,NULL,NULL,NULL,0,0,4,0,0,0,0,0,0,0,0,69,0,'Answer 2 for page QuestionContributor Subtopic 30-1',1,'{\"IsCaseSensitive\":false,\"IsExtracInput\":false,\"IsDate\":false,\"IsNumber\":false,\"IsText\":true}','2025-06-17 19:06:40','2025-06-17 19:06:40',0);
/*!40000 ALTER TABLE `question` ENABLE KEYS */;
UNLOCK TABLES;

--
-- Table structure for table `questionchange`
--

DROP TABLE IF EXISTS `questionchange`;
/*!40101 SET @saved_cs_client     = @@character_set_client */;
/*!50503 SET character_set_client = utf8mb4 */;
CREATE TABLE `questionchange` (
  `Id` int NOT NULL AUTO_INCREMENT,
  `Question_id` int DEFAULT NULL,
  `Data` text,
  `ShowInSidebar` tinyint(1) DEFAULT NULL,
  `Type` int DEFAULT NULL,
  `DataVersion` int DEFAULT NULL,
  `DateCreated` datetime DEFAULT NULL,
  `Author_Id` int DEFAULT NULL,
  PRIMARY KEY (`Id`),
  KEY `Question_id` (`Question_id`),
  CONSTRAINT `FK_4947E040` FOREIGN KEY (`Question_id`) REFERENCES `question` (`Id`)
) ENGINE=InnoDB AUTO_INCREMENT=63 DEFAULT CHARSET=utf8mb4 COLLATE=utf8mb4_0900_ai_ci;
/*!40101 SET character_set_client = @saved_cs_client */;

--
-- Dumping data for table `questionchange`
--

LOCK TABLES `questionchange` WRITE;
/*!40000 ALTER TABLE `questionchange` DISABLE KEYS */;
INSERT INTO `questionchange` VALUES (1,1,'{\"QuestionText\":\"Question 1 for page LearningUser Topic 1?\",\"TextHtml\":null,\"QuestionTextExtended\":null,\"TextExtendedHtml\":null,\"Description\":null,\"DescriptionHtml\":null,\"ImageWasChanged\":true,\"License\":null,\"Visibility\":0,\"Solution\":\"Answer 1 for page LearningUser Topic 1\",\"SolutionDescription\":null,\"SolutionMetadataJson\":\"{\\\"IsCaseSensitive\\\":false,\\\"IsExtracInput\\\":false,\\\"IsDate\\\":false,\\\"IsNumber\\\":false,\\\"IsText\\\":true}\",\"CommentIds\":null}',1,0,1,'2025-06-17 19:06:35',2),(2,2,'{\"QuestionText\":\"Question 2 for page LearningUser Topic 1?\",\"TextHtml\":null,\"QuestionTextExtended\":null,\"TextExtendedHtml\":null,\"Description\":null,\"DescriptionHtml\":null,\"ImageWasChanged\":true,\"License\":null,\"Visibility\":0,\"Solution\":\"Answer 2 for page LearningUser Topic 1\",\"SolutionDescription\":null,\"SolutionMetadataJson\":\"{\\\"IsCaseSensitive\\\":false,\\\"IsExtracInput\\\":false,\\\"IsDate\\\":false,\\\"IsNumber\\\":false,\\\"IsText\\\":true}\",\"CommentIds\":null}',1,0,1,'2025-06-17 19:06:35',2),(3,3,'{\"QuestionText\":\"Question 1 for page LearningUser Subtopic 1-1?\",\"TextHtml\":null,\"QuestionTextExtended\":null,\"TextExtendedHtml\":null,\"Description\":null,\"DescriptionHtml\":null,\"ImageWasChanged\":true,\"License\":null,\"Visibility\":0,\"Solution\":\"Answer 1 for page LearningUser Subtopic 1-1\",\"SolutionDescription\":null,\"SolutionMetadataJson\":\"{\\\"IsCaseSensitive\\\":false,\\\"IsExtracInput\\\":false,\\\"IsDate\\\":false,\\\"IsNumber\\\":false,\\\"IsText\\\":true}\",\"CommentIds\":null}',1,0,1,'2025-06-17 19:06:35',2),(4,4,'{\"QuestionText\":\"Question 2 for page LearningUser Subtopic 1-1?\",\"TextHtml\":null,\"QuestionTextExtended\":null,\"TextExtendedHtml\":null,\"Description\":null,\"DescriptionHtml\":null,\"ImageWasChanged\":true,\"License\":null,\"Visibility\":0,\"Solution\":\"Answer 2 for page LearningUser Subtopic 1-1\",\"SolutionDescription\":null,\"SolutionMetadataJson\":\"{\\\"IsCaseSensitive\\\":false,\\\"IsExtracInput\\\":false,\\\"IsDate\\\":false,\\\"IsNumber\\\":false,\\\"IsText\\\":true}\",\"CommentIds\":null}',1,0,1,'2025-06-17 19:06:35',2),(5,5,'{\"QuestionText\":\"Question 1 for page LearningUser Subtopic 2-1?\",\"TextHtml\":null,\"QuestionTextExtended\":null,\"TextExtendedHtml\":null,\"Description\":null,\"DescriptionHtml\":null,\"ImageWasChanged\":true,\"License\":null,\"Visibility\":0,\"Solution\":\"Answer 1 for page LearningUser Subtopic 2-1\",\"SolutionDescription\":null,\"SolutionMetadataJson\":\"{\\\"IsCaseSensitive\\\":false,\\\"IsExtracInput\\\":false,\\\"IsDate\\\":false,\\\"IsNumber\\\":false,\\\"IsText\\\":true}\",\"CommentIds\":null}',1,0,1,'2025-06-17 19:06:35',2),(6,6,'{\"QuestionText\":\"Question 2 for page LearningUser Subtopic 2-1?\",\"TextHtml\":null,\"QuestionTextExtended\":null,\"TextExtendedHtml\":null,\"Description\":null,\"DescriptionHtml\":null,\"ImageWasChanged\":true,\"License\":null,\"Visibility\":0,\"Solution\":\"Answer 2 for page LearningUser Subtopic 2-1\",\"SolutionDescription\":null,\"SolutionMetadataJson\":\"{\\\"IsCaseSensitive\\\":false,\\\"IsExtracInput\\\":false,\\\"IsDate\\\":false,\\\"IsNumber\\\":false,\\\"IsText\\\":true}\",\"CommentIds\":null}',1,0,1,'2025-06-17 19:06:35',2),(7,7,'{\"QuestionText\":\"Question 1 for page ContentCreator Topic 1?\",\"TextHtml\":null,\"QuestionTextExtended\":null,\"TextExtendedHtml\":null,\"Description\":null,\"DescriptionHtml\":null,\"ImageWasChanged\":true,\"License\":null,\"Visibility\":0,\"Solution\":\"Answer 1 for page ContentCreator Topic 1\",\"SolutionDescription\":null,\"SolutionMetadataJson\":\"{\\\"IsCaseSensitive\\\":false,\\\"IsExtracInput\\\":false,\\\"IsDate\\\":false,\\\"IsNumber\\\":false,\\\"IsText\\\":true}\",\"CommentIds\":null}',1,0,1,'2025-06-17 19:06:35',3),(8,8,'{\"QuestionText\":\"Question 2 for page ContentCreator Topic 1?\",\"TextHtml\":null,\"QuestionTextExtended\":null,\"TextExtendedHtml\":null,\"Description\":null,\"DescriptionHtml\":null,\"ImageWasChanged\":true,\"License\":null,\"Visibility\":0,\"Solution\":\"Answer 2 for page ContentCreator Topic 1\",\"SolutionDescription\":null,\"SolutionMetadataJson\":\"{\\\"IsCaseSensitive\\\":false,\\\"IsExtracInput\\\":false,\\\"IsDate\\\":false,\\\"IsNumber\\\":false,\\\"IsText\\\":true}\",\"CommentIds\":null}',1,0,1,'2025-06-17 19:06:35',3),(9,9,'{\"QuestionText\":\"Question 1 for page ContentCreator Subtopic 4-1?\",\"TextHtml\":null,\"QuestionTextExtended\":null,\"TextExtendedHtml\":null,\"Description\":null,\"DescriptionHtml\":null,\"ImageWasChanged\":true,\"License\":null,\"Visibility\":0,\"Solution\":\"Answer 1 for page ContentCreator Subtopic 4-1\",\"SolutionDescription\":null,\"SolutionMetadataJson\":\"{\\\"IsCaseSensitive\\\":false,\\\"IsExtracInput\\\":false,\\\"IsDate\\\":false,\\\"IsNumber\\\":false,\\\"IsText\\\":true}\",\"CommentIds\":null}',1,0,1,'2025-06-17 19:06:35',3),(10,10,'{\"QuestionText\":\"Question 2 for page ContentCreator Subtopic 4-1?\",\"TextHtml\":null,\"QuestionTextExtended\":null,\"TextExtendedHtml\":null,\"Description\":null,\"DescriptionHtml\":null,\"ImageWasChanged\":true,\"License\":null,\"Visibility\":0,\"Solution\":\"Answer 2 for page ContentCreator Subtopic 4-1\",\"SolutionDescription\":null,\"SolutionMetadataJson\":\"{\\\"IsCaseSensitive\\\":false,\\\"IsExtracInput\\\":false,\\\"IsDate\\\":false,\\\"IsNumber\\\":false,\\\"IsText\\\":true}\",\"CommentIds\":null}',1,0,1,'2025-06-17 19:06:36',3),(11,11,'{\"QuestionText\":\"Question 1 for page ContentCreator Subtopic 5-1?\",\"TextHtml\":null,\"QuestionTextExtended\":null,\"TextExtendedHtml\":null,\"Description\":null,\"DescriptionHtml\":null,\"ImageWasChanged\":true,\"License\":null,\"Visibility\":0,\"Solution\":\"Answer 1 for page ContentCreator Subtopic 5-1\",\"SolutionDescription\":null,\"SolutionMetadataJson\":\"{\\\"IsCaseSensitive\\\":false,\\\"IsExtracInput\\\":false,\\\"IsDate\\\":false,\\\"IsNumber\\\":false,\\\"IsText\\\":true}\",\"CommentIds\":null}',1,0,1,'2025-06-17 19:06:36',3),(12,12,'{\"QuestionText\":\"Question 2 for page ContentCreator Subtopic 5-1?\",\"TextHtml\":null,\"QuestionTextExtended\":null,\"TextExtendedHtml\":null,\"Description\":null,\"DescriptionHtml\":null,\"ImageWasChanged\":true,\"License\":null,\"Visibility\":0,\"Solution\":\"Answer 2 for page ContentCreator Subtopic 5-1\",\"SolutionDescription\":null,\"SolutionMetadataJson\":\"{\\\"IsCaseSensitive\\\":false,\\\"IsExtracInput\\\":false,\\\"IsDate\\\":false,\\\"IsNumber\\\":false,\\\"IsText\\\":true}\",\"CommentIds\":null}',1,0,1,'2025-06-17 19:06:36',3),(13,13,'{\"QuestionText\":\"Question 1 for page ContentCreator Subtopic 5-2?\",\"TextHtml\":null,\"QuestionTextExtended\":null,\"TextExtendedHtml\":null,\"Description\":null,\"DescriptionHtml\":null,\"ImageWasChanged\":true,\"License\":null,\"Visibility\":0,\"Solution\":\"Answer 1 for page ContentCreator Subtopic 5-2\",\"SolutionDescription\":null,\"SolutionMetadataJson\":\"{\\\"IsCaseSensitive\\\":false,\\\"IsExtracInput\\\":false,\\\"IsDate\\\":false,\\\"IsNumber\\\":false,\\\"IsText\\\":true}\",\"CommentIds\":null}',1,0,1,'2025-06-17 19:06:36',3),(14,14,'{\"QuestionText\":\"Question 2 for page ContentCreator Subtopic 5-2?\",\"TextHtml\":null,\"QuestionTextExtended\":null,\"TextExtendedHtml\":null,\"Description\":null,\"DescriptionHtml\":null,\"ImageWasChanged\":true,\"License\":null,\"Visibility\":0,\"Solution\":\"Answer 2 for page ContentCreator Subtopic 5-2\",\"SolutionDescription\":null,\"SolutionMetadataJson\":\"{\\\"IsCaseSensitive\\\":false,\\\"IsExtracInput\\\":false,\\\"IsDate\\\":false,\\\"IsNumber\\\":false,\\\"IsText\\\":true}\",\"CommentIds\":null}',1,0,1,'2025-06-17 19:06:36',3),(15,15,'{\"QuestionText\":\"Question 1 for page ContentCreator Subtopic 4-2?\",\"TextHtml\":null,\"QuestionTextExtended\":null,\"TextExtendedHtml\":null,\"Description\":null,\"DescriptionHtml\":null,\"ImageWasChanged\":true,\"License\":null,\"Visibility\":0,\"Solution\":\"Answer 1 for page ContentCreator Subtopic 4-2\",\"SolutionDescription\":null,\"SolutionMetadataJson\":\"{\\\"IsCaseSensitive\\\":false,\\\"IsExtracInput\\\":false,\\\"IsDate\\\":false,\\\"IsNumber\\\":false,\\\"IsText\\\":true}\",\"CommentIds\":null}',1,0,1,'2025-06-17 19:06:36',3),(16,16,'{\"QuestionText\":\"Question 2 for page ContentCreator Subtopic 4-2?\",\"TextHtml\":null,\"QuestionTextExtended\":null,\"TextExtendedHtml\":null,\"Description\":null,\"DescriptionHtml\":null,\"ImageWasChanged\":true,\"License\":null,\"Visibility\":0,\"Solution\":\"Answer 2 for page ContentCreator Subtopic 4-2\",\"SolutionDescription\":null,\"SolutionMetadataJson\":\"{\\\"IsCaseSensitive\\\":false,\\\"IsExtracInput\\\":false,\\\"IsDate\\\":false,\\\"IsNumber\\\":false,\\\"IsText\\\":true}\",\"CommentIds\":null}',1,0,1,'2025-06-17 19:06:36',3),(17,17,'{\"QuestionText\":\"Question 1 for page ContentCreator Subtopic 8-1?\",\"TextHtml\":null,\"QuestionTextExtended\":null,\"TextExtendedHtml\":null,\"Description\":null,\"DescriptionHtml\":null,\"ImageWasChanged\":true,\"License\":null,\"Visibility\":0,\"Solution\":\"Answer 1 for page ContentCreator Subtopic 8-1\",\"SolutionDescription\":null,\"SolutionMetadataJson\":\"{\\\"IsCaseSensitive\\\":false,\\\"IsExtracInput\\\":false,\\\"IsDate\\\":false,\\\"IsNumber\\\":false,\\\"IsText\\\":true}\",\"CommentIds\":null}',1,0,1,'2025-06-17 19:06:36',3),(18,18,'{\"QuestionText\":\"Question 2 for page ContentCreator Subtopic 8-1?\",\"TextHtml\":null,\"QuestionTextExtended\":null,\"TextExtendedHtml\":null,\"Description\":null,\"DescriptionHtml\":null,\"ImageWasChanged\":true,\"License\":null,\"Visibility\":0,\"Solution\":\"Answer 2 for page ContentCreator Subtopic 8-1\",\"SolutionDescription\":null,\"SolutionMetadataJson\":\"{\\\"IsCaseSensitive\\\":false,\\\"IsExtracInput\\\":false,\\\"IsDate\\\":false,\\\"IsNumber\\\":false,\\\"IsText\\\":true}\",\"CommentIds\":null}',1,0,1,'2025-06-17 19:06:36',3),(19,19,'{\"QuestionText\":\"Question 1 for page ContentCreator Subtopic 8-2?\",\"TextHtml\":null,\"QuestionTextExtended\":null,\"TextExtendedHtml\":null,\"Description\":null,\"DescriptionHtml\":null,\"ImageWasChanged\":true,\"License\":null,\"Visibility\":0,\"Solution\":\"Answer 1 for page ContentCreator Subtopic 8-2\",\"SolutionDescription\":null,\"SolutionMetadataJson\":\"{\\\"IsCaseSensitive\\\":false,\\\"IsExtracInput\\\":false,\\\"IsDate\\\":false,\\\"IsNumber\\\":false,\\\"IsText\\\":true}\",\"CommentIds\":null}',1,0,1,'2025-06-17 19:06:36',3),(20,20,'{\"QuestionText\":\"Question 2 for page ContentCreator Subtopic 8-2?\",\"TextHtml\":null,\"QuestionTextExtended\":null,\"TextExtendedHtml\":null,\"Description\":null,\"DescriptionHtml\":null,\"ImageWasChanged\":true,\"License\":null,\"Visibility\":0,\"Solution\":\"Answer 2 for page ContentCreator Subtopic 8-2\",\"SolutionDescription\":null,\"SolutionMetadataJson\":\"{\\\"IsCaseSensitive\\\":false,\\\"IsExtracInput\\\":false,\\\"IsDate\\\":false,\\\"IsNumber\\\":false,\\\"IsText\\\":true}\",\"CommentIds\":null}',1,0,1,'2025-06-17 19:06:36',3),(21,21,'{\"QuestionText\":\"Question 1 for page ContentCreator Subtopic 8-3?\",\"TextHtml\":null,\"QuestionTextExtended\":null,\"TextExtendedHtml\":null,\"Description\":null,\"DescriptionHtml\":null,\"ImageWasChanged\":true,\"License\":null,\"Visibility\":0,\"Solution\":\"Answer 1 for page ContentCreator Subtopic 8-3\",\"SolutionDescription\":null,\"SolutionMetadataJson\":\"{\\\"IsCaseSensitive\\\":false,\\\"IsExtracInput\\\":false,\\\"IsDate\\\":false,\\\"IsNumber\\\":false,\\\"IsText\\\":true}\",\"CommentIds\":null}',1,0,1,'2025-06-17 19:06:36',3),(22,22,'{\"QuestionText\":\"Question 2 for page ContentCreator Subtopic 8-3?\",\"TextHtml\":null,\"QuestionTextExtended\":null,\"TextExtendedHtml\":null,\"Description\":null,\"DescriptionHtml\":null,\"ImageWasChanged\":true,\"License\":null,\"Visibility\":0,\"Solution\":\"Answer 2 for page ContentCreator Subtopic 8-3\",\"SolutionDescription\":null,\"SolutionMetadataJson\":\"{\\\"IsCaseSensitive\\\":false,\\\"IsExtracInput\\\":false,\\\"IsDate\\\":false,\\\"IsNumber\\\":false,\\\"IsText\\\":true}\",\"CommentIds\":null}',1,0,1,'2025-06-17 19:06:37',3),(23,23,'{\"QuestionText\":\"Question 1 for page ContentCreator Subtopic 4-3?\",\"TextHtml\":null,\"QuestionTextExtended\":null,\"TextExtendedHtml\":null,\"Description\":null,\"DescriptionHtml\":null,\"ImageWasChanged\":true,\"License\":null,\"Visibility\":0,\"Solution\":\"Answer 1 for page ContentCreator Subtopic 4-3\",\"SolutionDescription\":null,\"SolutionMetadataJson\":\"{\\\"IsCaseSensitive\\\":false,\\\"IsExtracInput\\\":false,\\\"IsDate\\\":false,\\\"IsNumber\\\":false,\\\"IsText\\\":true}\",\"CommentIds\":null}',1,0,1,'2025-06-17 19:06:37',3),(24,24,'{\"QuestionText\":\"Question 2 for page ContentCreator Subtopic 4-3?\",\"TextHtml\":null,\"QuestionTextExtended\":null,\"TextExtendedHtml\":null,\"Description\":null,\"DescriptionHtml\":null,\"ImageWasChanged\":true,\"License\":null,\"Visibility\":0,\"Solution\":\"Answer 2 for page ContentCreator Subtopic 4-3\",\"SolutionDescription\":null,\"SolutionMetadataJson\":\"{\\\"IsCaseSensitive\\\":false,\\\"IsExtracInput\\\":false,\\\"IsDate\\\":false,\\\"IsNumber\\\":false,\\\"IsText\\\":true}\",\"CommentIds\":null}',1,0,1,'2025-06-17 19:06:37',3),(25,25,'{\"QuestionText\":\"Question 1 for page ContentCreator Subtopic 12-1?\",\"TextHtml\":null,\"QuestionTextExtended\":null,\"TextExtendedHtml\":null,\"Description\":null,\"DescriptionHtml\":null,\"ImageWasChanged\":true,\"License\":null,\"Visibility\":0,\"Solution\":\"Answer 1 for page ContentCreator Subtopic 12-1\",\"SolutionDescription\":null,\"SolutionMetadataJson\":\"{\\\"IsCaseSensitive\\\":false,\\\"IsExtracInput\\\":false,\\\"IsDate\\\":false,\\\"IsNumber\\\":false,\\\"IsText\\\":true}\",\"CommentIds\":null}',1,0,1,'2025-06-17 19:06:37',3),(26,26,'{\"QuestionText\":\"Question 2 for page ContentCreator Subtopic 12-1?\",\"TextHtml\":null,\"QuestionTextExtended\":null,\"TextExtendedHtml\":null,\"Description\":null,\"DescriptionHtml\":null,\"ImageWasChanged\":true,\"License\":null,\"Visibility\":0,\"Solution\":\"Answer 2 for page ContentCreator Subtopic 12-1\",\"SolutionDescription\":null,\"SolutionMetadataJson\":\"{\\\"IsCaseSensitive\\\":false,\\\"IsExtracInput\\\":false,\\\"IsDate\\\":false,\\\"IsNumber\\\":false,\\\"IsText\\\":true}\",\"CommentIds\":null}',1,0,1,'2025-06-17 19:06:37',3),(27,27,'{\"QuestionText\":\"Question 1 for page ContentCreator Subtopic 12-2?\",\"TextHtml\":null,\"QuestionTextExtended\":null,\"TextExtendedHtml\":null,\"Description\":null,\"DescriptionHtml\":null,\"ImageWasChanged\":true,\"License\":null,\"Visibility\":0,\"Solution\":\"Answer 1 for page ContentCreator Subtopic 12-2\",\"SolutionDescription\":null,\"SolutionMetadataJson\":\"{\\\"IsCaseSensitive\\\":false,\\\"IsExtracInput\\\":false,\\\"IsDate\\\":false,\\\"IsNumber\\\":false,\\\"IsText\\\":true}\",\"CommentIds\":null}',1,0,1,'2025-06-17 19:06:37',3),(28,28,'{\"QuestionText\":\"Question 2 for page ContentCreator Subtopic 12-2?\",\"TextHtml\":null,\"QuestionTextExtended\":null,\"TextExtendedHtml\":null,\"Description\":null,\"DescriptionHtml\":null,\"ImageWasChanged\":true,\"License\":null,\"Visibility\":0,\"Solution\":\"Answer 2 for page ContentCreator Subtopic 12-2\",\"SolutionDescription\":null,\"SolutionMetadataJson\":\"{\\\"IsCaseSensitive\\\":false,\\\"IsExtracInput\\\":false,\\\"IsDate\\\":false,\\\"IsNumber\\\":false,\\\"IsText\\\":true}\",\"CommentIds\":null}',1,0,1,'2025-06-17 19:06:37',3),(29,29,'{\"QuestionText\":\"Question 1 for page ContentCreator Subtopic 12-3?\",\"TextHtml\":null,\"QuestionTextExtended\":null,\"TextExtendedHtml\":null,\"Description\":null,\"DescriptionHtml\":null,\"ImageWasChanged\":true,\"License\":null,\"Visibility\":0,\"Solution\":\"Answer 1 for page ContentCreator Subtopic 12-3\",\"SolutionDescription\":null,\"SolutionMetadataJson\":\"{\\\"IsCaseSensitive\\\":false,\\\"IsExtracInput\\\":false,\\\"IsDate\\\":false,\\\"IsNumber\\\":false,\\\"IsText\\\":true}\",\"CommentIds\":null}',1,0,1,'2025-06-17 19:06:37',3),(30,30,'{\"QuestionText\":\"Question 2 for page ContentCreator Subtopic 12-3?\",\"TextHtml\":null,\"QuestionTextExtended\":null,\"TextExtendedHtml\":null,\"Description\":null,\"DescriptionHtml\":null,\"ImageWasChanged\":true,\"License\":null,\"Visibility\":0,\"Solution\":\"Answer 2 for page ContentCreator Subtopic 12-3\",\"SolutionDescription\":null,\"SolutionMetadataJson\":\"{\\\"IsCaseSensitive\\\":false,\\\"IsExtracInput\\\":false,\\\"IsDate\\\":false,\\\"IsNumber\\\":false,\\\"IsText\\\":true}\",\"CommentIds\":null}',1,0,1,'2025-06-17 19:06:37',3),(31,31,'{\"QuestionText\":\"Question 1 for page ContentCreator Topic 2?\",\"TextHtml\":null,\"QuestionTextExtended\":null,\"TextExtendedHtml\":null,\"Description\":null,\"DescriptionHtml\":null,\"ImageWasChanged\":true,\"License\":null,\"Visibility\":0,\"Solution\":\"Answer 1 for page ContentCreator Topic 2\",\"SolutionDescription\":null,\"SolutionMetadataJson\":\"{\\\"IsCaseSensitive\\\":false,\\\"IsExtracInput\\\":false,\\\"IsDate\\\":false,\\\"IsNumber\\\":false,\\\"IsText\\\":true}\",\"CommentIds\":null}',1,0,1,'2025-06-17 19:06:37',3),(32,32,'{\"QuestionText\":\"Question 2 for page ContentCreator Topic 2?\",\"TextHtml\":null,\"QuestionTextExtended\":null,\"TextExtendedHtml\":null,\"Description\":null,\"DescriptionHtml\":null,\"ImageWasChanged\":true,\"License\":null,\"Visibility\":0,\"Solution\":\"Answer 2 for page ContentCreator Topic 2\",\"SolutionDescription\":null,\"SolutionMetadataJson\":\"{\\\"IsCaseSensitive\\\":false,\\\"IsExtracInput\\\":false,\\\"IsDate\\\":false,\\\"IsNumber\\\":false,\\\"IsText\\\":true}\",\"CommentIds\":null}',1,0,1,'2025-06-17 19:06:37',3),(33,33,'{\"QuestionText\":\"Question 1 for page ContentCreator Subtopic 16-1?\",\"TextHtml\":null,\"QuestionTextExtended\":null,\"TextExtendedHtml\":null,\"Description\":null,\"DescriptionHtml\":null,\"ImageWasChanged\":true,\"License\":null,\"Visibility\":0,\"Solution\":\"Answer 1 for page ContentCreator Subtopic 16-1\",\"SolutionDescription\":null,\"SolutionMetadataJson\":\"{\\\"IsCaseSensitive\\\":false,\\\"IsExtracInput\\\":false,\\\"IsDate\\\":false,\\\"IsNumber\\\":false,\\\"IsText\\\":true}\",\"CommentIds\":null}',1,0,1,'2025-06-17 19:06:37',3),(34,34,'{\"QuestionText\":\"Question 2 for page ContentCreator Subtopic 16-1?\",\"TextHtml\":null,\"QuestionTextExtended\":null,\"TextExtendedHtml\":null,\"Description\":null,\"DescriptionHtml\":null,\"ImageWasChanged\":true,\"License\":null,\"Visibility\":0,\"Solution\":\"Answer 2 for page ContentCreator Subtopic 16-1\",\"SolutionDescription\":null,\"SolutionMetadataJson\":\"{\\\"IsCaseSensitive\\\":false,\\\"IsExtracInput\\\":false,\\\"IsDate\\\":false,\\\"IsNumber\\\":false,\\\"IsText\\\":true}\",\"CommentIds\":null}',1,0,1,'2025-06-17 19:06:37',3),(35,35,'{\"QuestionText\":\"Question 1 for page ContentCreator Subtopic 17-1?\",\"TextHtml\":null,\"QuestionTextExtended\":null,\"TextExtendedHtml\":null,\"Description\":null,\"DescriptionHtml\":null,\"ImageWasChanged\":true,\"License\":null,\"Visibility\":0,\"Solution\":\"Answer 1 for page ContentCreator Subtopic 17-1\",\"SolutionDescription\":null,\"SolutionMetadataJson\":\"{\\\"IsCaseSensitive\\\":false,\\\"IsExtracInput\\\":false,\\\"IsDate\\\":false,\\\"IsNumber\\\":false,\\\"IsText\\\":true}\",\"CommentIds\":null}',1,0,1,'2025-06-17 19:06:38',3),(36,36,'{\"QuestionText\":\"Question 2 for page ContentCreator Subtopic 17-1?\",\"TextHtml\":null,\"QuestionTextExtended\":null,\"TextExtendedHtml\":null,\"Description\":null,\"DescriptionHtml\":null,\"ImageWasChanged\":true,\"License\":null,\"Visibility\":0,\"Solution\":\"Answer 2 for page ContentCreator Subtopic 17-1\",\"SolutionDescription\":null,\"SolutionMetadataJson\":\"{\\\"IsCaseSensitive\\\":false,\\\"IsExtracInput\\\":false,\\\"IsDate\\\":false,\\\"IsNumber\\\":false,\\\"IsText\\\":true}\",\"CommentIds\":null}',1,0,1,'2025-06-17 19:06:38',3),(37,37,'{\"QuestionText\":\"Question 1 for page ContentCreator Subtopic 17-2?\",\"TextHtml\":null,\"QuestionTextExtended\":null,\"TextExtendedHtml\":null,\"Description\":null,\"DescriptionHtml\":null,\"ImageWasChanged\":true,\"License\":null,\"Visibility\":0,\"Solution\":\"Answer 1 for page ContentCreator Subtopic 17-2\",\"SolutionDescription\":null,\"SolutionMetadataJson\":\"{\\\"IsCaseSensitive\\\":false,\\\"IsExtracInput\\\":false,\\\"IsDate\\\":false,\\\"IsNumber\\\":false,\\\"IsText\\\":true}\",\"CommentIds\":null}',1,0,1,'2025-06-17 19:06:38',3),(38,38,'{\"QuestionText\":\"Question 2 for page ContentCreator Subtopic 17-2?\",\"TextHtml\":null,\"QuestionTextExtended\":null,\"TextExtendedHtml\":null,\"Description\":null,\"DescriptionHtml\":null,\"ImageWasChanged\":true,\"License\":null,\"Visibility\":0,\"Solution\":\"Answer 2 for page ContentCreator Subtopic 17-2\",\"SolutionDescription\":null,\"SolutionMetadataJson\":\"{\\\"IsCaseSensitive\\\":false,\\\"IsExtracInput\\\":false,\\\"IsDate\\\":false,\\\"IsNumber\\\":false,\\\"IsText\\\":true}\",\"CommentIds\":null}',1,0,1,'2025-06-17 19:06:38',3),(39,39,'{\"QuestionText\":\"Question 1 for page ContentCreator Subtopic 17-3?\",\"TextHtml\":null,\"QuestionTextExtended\":null,\"TextExtendedHtml\":null,\"Description\":null,\"DescriptionHtml\":null,\"ImageWasChanged\":true,\"License\":null,\"Visibility\":0,\"Solution\":\"Answer 1 for page ContentCreator Subtopic 17-3\",\"SolutionDescription\":null,\"SolutionMetadataJson\":\"{\\\"IsCaseSensitive\\\":false,\\\"IsExtracInput\\\":false,\\\"IsDate\\\":false,\\\"IsNumber\\\":false,\\\"IsText\\\":true}\",\"CommentIds\":null}',1,0,1,'2025-06-17 19:06:38',3),(40,40,'{\"QuestionText\":\"Question 2 for page ContentCreator Subtopic 17-3?\",\"TextHtml\":null,\"QuestionTextExtended\":null,\"TextExtendedHtml\":null,\"Description\":null,\"DescriptionHtml\":null,\"ImageWasChanged\":true,\"License\":null,\"Visibility\":0,\"Solution\":\"Answer 2 for page ContentCreator Subtopic 17-3\",\"SolutionDescription\":null,\"SolutionMetadataJson\":\"{\\\"IsCaseSensitive\\\":false,\\\"IsExtracInput\\\":false,\\\"IsDate\\\":false,\\\"IsNumber\\\":false,\\\"IsText\\\":true}\",\"CommentIds\":null}',1,0,1,'2025-06-17 19:06:38',3),(41,41,'{\"QuestionText\":\"Question 1 for page QuestionContributor Topic 1?\",\"TextHtml\":null,\"QuestionTextExtended\":null,\"TextExtendedHtml\":null,\"Description\":null,\"DescriptionHtml\":null,\"ImageWasChanged\":true,\"License\":null,\"Visibility\":0,\"Solution\":\"Answer 1 for page QuestionContributor Topic 1\",\"SolutionDescription\":null,\"SolutionMetadataJson\":\"{\\\"IsCaseSensitive\\\":false,\\\"IsExtracInput\\\":false,\\\"IsDate\\\":false,\\\"IsNumber\\\":false,\\\"IsText\\\":true}\",\"CommentIds\":null}',1,0,1,'2025-06-17 19:06:38',4),(42,42,'{\"QuestionText\":\"Question 2 for page QuestionContributor Topic 1?\",\"TextHtml\":null,\"QuestionTextExtended\":null,\"TextExtendedHtml\":null,\"Description\":null,\"DescriptionHtml\":null,\"ImageWasChanged\":true,\"License\":null,\"Visibility\":0,\"Solution\":\"Answer 2 for page QuestionContributor Topic 1\",\"SolutionDescription\":null,\"SolutionMetadataJson\":\"{\\\"IsCaseSensitive\\\":false,\\\"IsExtracInput\\\":false,\\\"IsDate\\\":false,\\\"IsNumber\\\":false,\\\"IsText\\\":true}\",\"CommentIds\":null}',1,0,1,'2025-06-17 19:06:38',4),(43,43,'{\"QuestionText\":\"Question 1 for page QuestionContributor Subtopic 21-1?\",\"TextHtml\":null,\"QuestionTextExtended\":null,\"TextExtendedHtml\":null,\"Description\":null,\"DescriptionHtml\":null,\"ImageWasChanged\":true,\"License\":null,\"Visibility\":0,\"Solution\":\"Answer 1 for page QuestionContributor Subtopic 21-1\",\"SolutionDescription\":null,\"SolutionMetadataJson\":\"{\\\"IsCaseSensitive\\\":false,\\\"IsExtracInput\\\":false,\\\"IsDate\\\":false,\\\"IsNumber\\\":false,\\\"IsText\\\":true}\",\"CommentIds\":null}',1,0,1,'2025-06-17 19:06:38',4),(44,44,'{\"QuestionText\":\"Question 2 for page QuestionContributor Subtopic 21-1?\",\"TextHtml\":null,\"QuestionTextExtended\":null,\"TextExtendedHtml\":null,\"Description\":null,\"DescriptionHtml\":null,\"ImageWasChanged\":true,\"License\":null,\"Visibility\":0,\"Solution\":\"Answer 2 for page QuestionContributor Subtopic 21-1\",\"SolutionDescription\":null,\"SolutionMetadataJson\":\"{\\\"IsCaseSensitive\\\":false,\\\"IsExtracInput\\\":false,\\\"IsDate\\\":false,\\\"IsNumber\\\":false,\\\"IsText\\\":true}\",\"CommentIds\":null}',1,0,1,'2025-06-17 19:06:38',4),(45,45,'{\"QuestionText\":\"Question 1 for page QuestionContributor Subtopic 22-1?\",\"TextHtml\":null,\"QuestionTextExtended\":null,\"TextExtendedHtml\":null,\"Description\":null,\"DescriptionHtml\":null,\"ImageWasChanged\":true,\"License\":null,\"Visibility\":0,\"Solution\":\"Answer 1 for page QuestionContributor Subtopic 22-1\",\"SolutionDescription\":null,\"SolutionMetadataJson\":\"{\\\"IsCaseSensitive\\\":false,\\\"IsExtracInput\\\":false,\\\"IsDate\\\":false,\\\"IsNumber\\\":false,\\\"IsText\\\":true}\",\"CommentIds\":null}',1,0,1,'2025-06-17 19:06:38',4),(46,46,'{\"QuestionText\":\"Question 2 for page QuestionContributor Subtopic 22-1?\",\"TextHtml\":null,\"QuestionTextExtended\":null,\"TextExtendedHtml\":null,\"Description\":null,\"DescriptionHtml\":null,\"ImageWasChanged\":true,\"License\":null,\"Visibility\":0,\"Solution\":\"Answer 2 for page QuestionContributor Subtopic 22-1\",\"SolutionDescription\":null,\"SolutionMetadataJson\":\"{\\\"IsCaseSensitive\\\":false,\\\"IsExtracInput\\\":false,\\\"IsDate\\\":false,\\\"IsNumber\\\":false,\\\"IsText\\\":true}\",\"CommentIds\":null}',1,0,1,'2025-06-17 19:06:38',4),(47,47,'{\"QuestionText\":\"Question 1 for page QuestionContributor Subtopic 22-2?\",\"TextHtml\":null,\"QuestionTextExtended\":null,\"TextExtendedHtml\":null,\"Description\":null,\"DescriptionHtml\":null,\"ImageWasChanged\":true,\"License\":null,\"Visibility\":0,\"Solution\":\"Answer 1 for page QuestionContributor Subtopic 22-2\",\"SolutionDescription\":null,\"SolutionMetadataJson\":\"{\\\"IsCaseSensitive\\\":false,\\\"IsExtracInput\\\":false,\\\"IsDate\\\":false,\\\"IsNumber\\\":false,\\\"IsText\\\":true}\",\"CommentIds\":null}',1,0,1,'2025-06-17 19:06:38',4),(48,48,'{\"QuestionText\":\"Question 2 for page QuestionContributor Subtopic 22-2?\",\"TextHtml\":null,\"QuestionTextExtended\":null,\"TextExtendedHtml\":null,\"Description\":null,\"DescriptionHtml\":null,\"ImageWasChanged\":true,\"License\":null,\"Visibility\":0,\"Solution\":\"Answer 2 for page QuestionContributor Subtopic 22-2\",\"SolutionDescription\":null,\"SolutionMetadataJson\":\"{\\\"IsCaseSensitive\\\":false,\\\"IsExtracInput\\\":false,\\\"IsDate\\\":false,\\\"IsNumber\\\":false,\\\"IsText\\\":true}\",\"CommentIds\":null}',1,0,1,'2025-06-17 19:06:39',4),(49,49,'{\"QuestionText\":\"Question 1 for page QuestionContributor Topic 2?\",\"TextHtml\":null,\"QuestionTextExtended\":null,\"TextExtendedHtml\":null,\"Description\":null,\"DescriptionHtml\":null,\"ImageWasChanged\":true,\"License\":null,\"Visibility\":0,\"Solution\":\"Answer 1 for page QuestionContributor Topic 2\",\"SolutionDescription\":null,\"SolutionMetadataJson\":\"{\\\"IsCaseSensitive\\\":false,\\\"IsExtracInput\\\":false,\\\"IsDate\\\":false,\\\"IsNumber\\\":false,\\\"IsText\\\":true}\",\"CommentIds\":null}',1,0,1,'2025-06-17 19:06:39',4),(50,50,'{\"QuestionText\":\"Question 2 for page QuestionContributor Topic 2?\",\"TextHtml\":null,\"QuestionTextExtended\":null,\"TextExtendedHtml\":null,\"Description\":null,\"DescriptionHtml\":null,\"ImageWasChanged\":true,\"License\":null,\"Visibility\":0,\"Solution\":\"Answer 2 for page QuestionContributor Topic 2\",\"SolutionDescription\":null,\"SolutionMetadataJson\":\"{\\\"IsCaseSensitive\\\":false,\\\"IsExtracInput\\\":false,\\\"IsDate\\\":false,\\\"IsNumber\\\":false,\\\"IsText\\\":true}\",\"CommentIds\":null}',1,0,1,'2025-06-17 19:06:39',4),(51,51,'{\"QuestionText\":\"Question 1 for page QuestionContributor Subtopic 25-1?\",\"TextHtml\":null,\"QuestionTextExtended\":null,\"TextExtendedHtml\":null,\"Description\":null,\"DescriptionHtml\":null,\"ImageWasChanged\":true,\"License\":null,\"Visibility\":0,\"Solution\":\"Answer 1 for page QuestionContributor Subtopic 25-1\",\"SolutionDescription\":null,\"SolutionMetadataJson\":\"{\\\"IsCaseSensitive\\\":false,\\\"IsExtracInput\\\":false,\\\"IsDate\\\":false,\\\"IsNumber\\\":false,\\\"IsText\\\":true}\",\"CommentIds\":null}',1,0,1,'2025-06-17 19:06:39',4),(52,52,'{\"QuestionText\":\"Question 2 for page QuestionContributor Subtopic 25-1?\",\"TextHtml\":null,\"QuestionTextExtended\":null,\"TextExtendedHtml\":null,\"Description\":null,\"DescriptionHtml\":null,\"ImageWasChanged\":true,\"License\":null,\"Visibility\":0,\"Solution\":\"Answer 2 for page QuestionContributor Subtopic 25-1\",\"SolutionDescription\":null,\"SolutionMetadataJson\":\"{\\\"IsCaseSensitive\\\":false,\\\"IsExtracInput\\\":false,\\\"IsDate\\\":false,\\\"IsNumber\\\":false,\\\"IsText\\\":true}\",\"CommentIds\":null}',1,0,1,'2025-06-17 19:06:39',4),(53,53,'{\"QuestionText\":\"Question 1 for page QuestionContributor Subtopic 26-1?\",\"TextHtml\":null,\"QuestionTextExtended\":null,\"TextExtendedHtml\":null,\"Description\":null,\"DescriptionHtml\":null,\"ImageWasChanged\":true,\"License\":null,\"Visibility\":0,\"Solution\":\"Answer 1 for page QuestionContributor Subtopic 26-1\",\"SolutionDescription\":null,\"SolutionMetadataJson\":\"{\\\"IsCaseSensitive\\\":false,\\\"IsExtracInput\\\":false,\\\"IsDate\\\":false,\\\"IsNumber\\\":false,\\\"IsText\\\":true}\",\"CommentIds\":null}',1,0,1,'2025-06-17 19:06:39',4),(54,54,'{\"QuestionText\":\"Question 2 for page QuestionContributor Subtopic 26-1?\",\"TextHtml\":null,\"QuestionTextExtended\":null,\"TextExtendedHtml\":null,\"Description\":null,\"DescriptionHtml\":null,\"ImageWasChanged\":true,\"License\":null,\"Visibility\":0,\"Solution\":\"Answer 2 for page QuestionContributor Subtopic 26-1\",\"SolutionDescription\":null,\"SolutionMetadataJson\":\"{\\\"IsCaseSensitive\\\":false,\\\"IsExtracInput\\\":false,\\\"IsDate\\\":false,\\\"IsNumber\\\":false,\\\"IsText\\\":true}\",\"CommentIds\":null}',1,0,1,'2025-06-17 19:06:39',4),(55,55,'{\"QuestionText\":\"Question 1 for page QuestionContributor Subtopic 26-2?\",\"TextHtml\":null,\"QuestionTextExtended\":null,\"TextExtendedHtml\":null,\"Description\":null,\"DescriptionHtml\":null,\"ImageWasChanged\":true,\"License\":null,\"Visibility\":0,\"Solution\":\"Answer 1 for page QuestionContributor Subtopic 26-2\",\"SolutionDescription\":null,\"SolutionMetadataJson\":\"{\\\"IsCaseSensitive\\\":false,\\\"IsExtracInput\\\":false,\\\"IsDate\\\":false,\\\"IsNumber\\\":false,\\\"IsText\\\":true}\",\"CommentIds\":null}',1,0,1,'2025-06-17 19:06:39',4),(56,56,'{\"QuestionText\":\"Question 2 for page QuestionContributor Subtopic 26-2?\",\"TextHtml\":null,\"QuestionTextExtended\":null,\"TextExtendedHtml\":null,\"Description\":null,\"DescriptionHtml\":null,\"ImageWasChanged\":true,\"License\":null,\"Visibility\":0,\"Solution\":\"Answer 2 for page QuestionContributor Subtopic 26-2\",\"SolutionDescription\":null,\"SolutionMetadataJson\":\"{\\\"IsCaseSensitive\\\":false,\\\"IsExtracInput\\\":false,\\\"IsDate\\\":false,\\\"IsNumber\\\":false,\\\"IsText\\\":true}\",\"CommentIds\":null}',1,0,1,'2025-06-17 19:06:39',4),(57,57,'{\"QuestionText\":\"Question 1 for page QuestionContributor Topic 3?\",\"TextHtml\":null,\"QuestionTextExtended\":null,\"TextExtendedHtml\":null,\"Description\":null,\"DescriptionHtml\":null,\"ImageWasChanged\":true,\"License\":null,\"Visibility\":0,\"Solution\":\"Answer 1 for page QuestionContributor Topic 3\",\"SolutionDescription\":null,\"SolutionMetadataJson\":\"{\\\"IsCaseSensitive\\\":false,\\\"IsExtracInput\\\":false,\\\"IsDate\\\":false,\\\"IsNumber\\\":false,\\\"IsText\\\":true}\",\"CommentIds\":null}',1,0,1,'2025-06-17 19:06:39',4),(58,58,'{\"QuestionText\":\"Question 2 for page QuestionContributor Topic 3?\",\"TextHtml\":null,\"QuestionTextExtended\":null,\"TextExtendedHtml\":null,\"Description\":null,\"DescriptionHtml\":null,\"ImageWasChanged\":true,\"License\":null,\"Visibility\":0,\"Solution\":\"Answer 2 for page QuestionContributor Topic 3\",\"SolutionDescription\":null,\"SolutionMetadataJson\":\"{\\\"IsCaseSensitive\\\":false,\\\"IsExtracInput\\\":false,\\\"IsDate\\\":false,\\\"IsNumber\\\":false,\\\"IsText\\\":true}\",\"CommentIds\":null}',1,0,1,'2025-06-17 19:06:39',4),(59,59,'{\"QuestionText\":\"Question 1 for page QuestionContributor Subtopic 29-1?\",\"TextHtml\":null,\"QuestionTextExtended\":null,\"TextExtendedHtml\":null,\"Description\":null,\"DescriptionHtml\":null,\"ImageWasChanged\":true,\"License\":null,\"Visibility\":0,\"Solution\":\"Answer 1 for page QuestionContributor Subtopic 29-1\",\"SolutionDescription\":null,\"SolutionMetadataJson\":\"{\\\"IsCaseSensitive\\\":false,\\\"IsExtracInput\\\":false,\\\"IsDate\\\":false,\\\"IsNumber\\\":false,\\\"IsText\\\":true}\",\"CommentIds\":null}',1,0,1,'2025-06-17 19:06:39',4),(60,60,'{\"QuestionText\":\"Question 2 for page QuestionContributor Subtopic 29-1?\",\"TextHtml\":null,\"QuestionTextExtended\":null,\"TextExtendedHtml\":null,\"Description\":null,\"DescriptionHtml\":null,\"ImageWasChanged\":true,\"License\":null,\"Visibility\":0,\"Solution\":\"Answer 2 for page QuestionContributor Subtopic 29-1\",\"SolutionDescription\":null,\"SolutionMetadataJson\":\"{\\\"IsCaseSensitive\\\":false,\\\"IsExtracInput\\\":false,\\\"IsDate\\\":false,\\\"IsNumber\\\":false,\\\"IsText\\\":true}\",\"CommentIds\":null}',1,0,1,'2025-06-17 19:06:39',4),(61,61,'{\"QuestionText\":\"Question 1 for page QuestionContributor Subtopic 30-1?\",\"TextHtml\":null,\"QuestionTextExtended\":null,\"TextExtendedHtml\":null,\"Description\":null,\"DescriptionHtml\":null,\"ImageWasChanged\":true,\"License\":null,\"Visibility\":0,\"Solution\":\"Answer 1 for page QuestionContributor Subtopic 30-1\",\"SolutionDescription\":null,\"SolutionMetadataJson\":\"{\\\"IsCaseSensitive\\\":false,\\\"IsExtracInput\\\":false,\\\"IsDate\\\":false,\\\"IsNumber\\\":false,\\\"IsText\\\":true}\",\"CommentIds\":null}',1,0,1,'2025-06-17 19:06:40',4),(62,62,'{\"QuestionText\":\"Question 2 for page QuestionContributor Subtopic 30-1?\",\"TextHtml\":null,\"QuestionTextExtended\":null,\"TextExtendedHtml\":null,\"Description\":null,\"DescriptionHtml\":null,\"ImageWasChanged\":true,\"License\":null,\"Visibility\":0,\"Solution\":\"Answer 2 for page QuestionContributor Subtopic 30-1\",\"SolutionDescription\":null,\"SolutionMetadataJson\":\"{\\\"IsCaseSensitive\\\":false,\\\"IsExtracInput\\\":false,\\\"IsDate\\\":false,\\\"IsNumber\\\":false,\\\"IsText\\\":true}\",\"CommentIds\":null}',1,0,1,'2025-06-17 19:06:40',4);
/*!40000 ALTER TABLE `questionchange` ENABLE KEYS */;
UNLOCK TABLES;

--
-- Table structure for table `questionvaluation`
--

DROP TABLE IF EXISTS `questionvaluation`;
/*!40101 SET @saved_cs_client     = @@character_set_client */;
/*!50503 SET character_set_client = utf8mb4 */;
CREATE TABLE `questionvaluation` (
  `Id` int NOT NULL AUTO_INCREMENT,
  `UserId` int DEFAULT NULL,
  `QuestionId` int DEFAULT NULL,
  `Quality` int DEFAULT NULL,
  `RelevancePersonal` int DEFAULT NULL,
  `RelevanceForAll` int DEFAULT NULL,
  `CorrectnessProbability` int DEFAULT NULL,
  `CorrectnessProbabilityAnswerCount` int DEFAULT NULL,
  `KnowledgeStatus` int DEFAULT NULL,
  `DateCreated` datetime DEFAULT NULL,
  PRIMARY KEY (`Id`),
  KEY `UserId` (`UserId`),
  KEY `QuestionId` (`QuestionId`),
  CONSTRAINT `FK_6431BD4D` FOREIGN KEY (`QuestionId`) REFERENCES `question` (`Id`),
  CONSTRAINT `FK_67878C2E` FOREIGN KEY (`UserId`) REFERENCES `user` (`Id`)
) ENGINE=InnoDB DEFAULT CHARSET=utf8mb4 COLLATE=utf8mb4_0900_ai_ci;
/*!40101 SET character_set_client = @saved_cs_client */;

--
-- Dumping data for table `questionvaluation`
--

LOCK TABLES `questionvaluation` WRITE;
/*!40000 ALTER TABLE `questionvaluation` DISABLE KEYS */;
/*!40000 ALTER TABLE `questionvaluation` ENABLE KEYS */;
UNLOCK TABLES;

--
-- Table structure for table `questionview`
--

DROP TABLE IF EXISTS `questionview`;
/*!40101 SET @saved_cs_client     = @@character_set_client */;
/*!50503 SET character_set_client = utf8mb4 */;
CREATE TABLE `questionview` (
  `Id` int NOT NULL AUTO_INCREMENT,
  `Guid` varchar(36) DEFAULT NULL,
  `QuestionId` int DEFAULT NULL,
  `UserId` int DEFAULT NULL,
  `Milliseconds` int DEFAULT NULL,
  `UserAgent` varchar(255) DEFAULT NULL,
  `Migrated` tinyint(1) DEFAULT NULL,
  `DateCreated` datetime DEFAULT NULL,
  `DateOnly` datetime DEFAULT NULL,
  PRIMARY KEY (`Id`),
  UNIQUE KEY `Guid` (`Guid`)
) ENGINE=InnoDB DEFAULT CHARSET=utf8mb4 COLLATE=utf8mb4_0900_ai_ci;
/*!40101 SET character_set_client = @saved_cs_client */;

--
-- Dumping data for table `questionview`
--

LOCK TABLES `questionview` WRITE;
/*!40000 ALTER TABLE `questionview` DISABLE KEYS */;
/*!40000 ALTER TABLE `questionview` ENABLE KEYS */;
UNLOCK TABLES;

--
-- Table structure for table `reference`
--

DROP TABLE IF EXISTS `reference`;
/*!40101 SET @saved_cs_client     = @@character_set_client */;
/*!50503 SET character_set_client = utf8mb4 */;
CREATE TABLE `reference` (
  `Id` int NOT NULL AUTO_INCREMENT,
  `Question_id` int DEFAULT NULL,
  `Page_id` int DEFAULT NULL,
  `ReferenceType` int DEFAULT NULL,
  `AdditionalInfo` varchar(255) DEFAULT NULL,
  `ReferenceText` varchar(255) DEFAULT NULL,
  `DateCreated` datetime DEFAULT NULL,
  `DateModified` datetime DEFAULT NULL,
  PRIMARY KEY (`Id`),
  KEY `Question_id` (`Question_id`),
  KEY `Page_id` (`Page_id`),
  CONSTRAINT `FK_4486FA46` FOREIGN KEY (`Page_id`) REFERENCES `page` (`Id`),
  CONSTRAINT `FK_71B21AE6` FOREIGN KEY (`Question_id`) REFERENCES `question` (`Id`)
) ENGINE=InnoDB DEFAULT CHARSET=utf8mb4 COLLATE=utf8mb4_0900_ai_ci;
/*!40101 SET character_set_client = @saved_cs_client */;

--
-- Dumping data for table `reference`
--

LOCK TABLES `reference` WRITE;
/*!40000 ALTER TABLE `reference` DISABLE KEYS */;
/*!40000 ALTER TABLE `reference` ENABLE KEYS */;
UNLOCK TABLES;

--
-- Table structure for table `runningjob`
--

DROP TABLE IF EXISTS `runningjob`;
/*!40101 SET @saved_cs_client     = @@character_set_client */;
/*!50503 SET character_set_client = utf8mb4 */;
CREATE TABLE `runningjob` (
  `Id` int NOT NULL AUTO_INCREMENT,
  `StartAt` datetime DEFAULT NULL,
  `Name` varchar(255) DEFAULT NULL,
  PRIMARY KEY (`Id`)
) ENGINE=InnoDB DEFAULT CHARSET=utf8mb4 COLLATE=utf8mb4_0900_ai_ci;
/*!40101 SET character_set_client = @saved_cs_client */;

--
-- Dumping data for table `runningjob`
--

LOCK TABLES `runningjob` WRITE;
/*!40000 ALTER TABLE `runningjob` DISABLE KEYS */;
/*!40000 ALTER TABLE `runningjob` ENABLE KEYS */;
UNLOCK TABLES;

--
-- Table structure for table `schemaversion`
--

DROP TABLE IF EXISTS `schemaversion`;
/*!40101 SET @saved_cs_client     = @@character_set_client */;
/*!50503 SET character_set_client = utf8mb4 */;
CREATE TABLE `schemaversion` (
  `Id` int NOT NULL AUTO_INCREMENT,
  `SchemaHash` varchar(64) DEFAULT NULL,
  `LastUpdated` datetime DEFAULT NULL,
  PRIMARY KEY (`Id`)
) ENGINE=InnoDB AUTO_INCREMENT=2 DEFAULT CHARSET=utf8mb4 COLLATE=utf8mb4_0900_ai_ci;
/*!40101 SET character_set_client = @saved_cs_client */;

--
-- Dumping data for table `schemaversion`
--

LOCK TABLES `schemaversion` WRITE;
/*!40000 ALTER TABLE `schemaversion` DISABLE KEYS */;
INSERT INTO `schemaversion` VALUES (1,'c3e7555f3bd37eeb47989c71d7f5807fd99085393b3e6b4518af3e0095b99acd','2025-06-17 17:06:19');
/*!40000 ALTER TABLE `schemaversion` ENABLE KEYS */;
UNLOCK TABLES;

--
-- Table structure for table `setting`
--

DROP TABLE IF EXISTS `setting`;
/*!40101 SET @saved_cs_client     = @@character_set_client */;
/*!50503 SET character_set_client = utf8mb4 */;
CREATE TABLE `setting` (
  `Id` int NOT NULL AUTO_INCREMENT,
  `AppVersion` int DEFAULT NULL,
  `DateCreated` datetime DEFAULT NULL,
  `DateModified` datetime DEFAULT NULL,
  PRIMARY KEY (`Id`)
) ENGINE=InnoDB AUTO_INCREMENT=2 DEFAULT CHARSET=utf8mb4 COLLATE=utf8mb4_0900_ai_ci;
/*!40101 SET character_set_client = @saved_cs_client */;

--
-- Dumping data for table `setting`
--

LOCK TABLES `setting` WRITE;
/*!40000 ALTER TABLE `setting` DISABLE KEYS */;
INSERT INTO `setting` VALUES (1,2147483647,'2025-06-17 19:06:19','2025-06-17 19:06:19');
/*!40000 ALTER TABLE `setting` ENABLE KEYS */;
UNLOCK TABLES;

--
-- Table structure for table `shares`
--

DROP TABLE IF EXISTS `shares`;
/*!40101 SET @saved_cs_client     = @@character_set_client */;
/*!50503 SET character_set_client = utf8mb4 */;
CREATE TABLE `shares` (
  `Id` int NOT NULL AUTO_INCREMENT,
  `PageId` int DEFAULT NULL,
  `UserId` int DEFAULT NULL,
  `Token` varchar(255) NOT NULL,
  `Permission` int DEFAULT NULL,
  `GrantedBy` int NOT NULL,
  PRIMARY KEY (`Id`),
  KEY `UserId` (`UserId`),
  CONSTRAINT `FK_B8E3B644` FOREIGN KEY (`UserId`) REFERENCES `user` (`Id`)
) ENGINE=InnoDB DEFAULT CHARSET=utf8mb4 COLLATE=utf8mb4_0900_ai_ci;
/*!40101 SET character_set_client = @saved_cs_client */;

--
-- Dumping data for table `shares`
--

LOCK TABLES `shares` WRITE;
/*!40000 ALTER TABLE `shares` DISABLE KEYS */;
/*!40000 ALTER TABLE `shares` ENABLE KEYS */;
UNLOCK TABLES;

--
-- Table structure for table `user`
--

DROP TABLE IF EXISTS `user`;
/*!40101 SET @saved_cs_client     = @@character_set_client */;
/*!50503 SET character_set_client = utf8mb4 */;
CREATE TABLE `user` (
  `Id` int NOT NULL AUTO_INCREMENT,
  `PasswordHashedAndSalted` varchar(255) DEFAULT NULL,
  `Salt` varchar(255) DEFAULT NULL,
  `EmailAddress` varchar(255) DEFAULT NULL,
  `BouncedMail` tinyint(1) DEFAULT NULL,
  `MailBounceReason` varchar(255) DEFAULT NULL,
  `Name` varchar(255) DEFAULT NULL,
  `IsEmailConfirmed` tinyint(1) DEFAULT NULL,
  `IsInstallationAdmin` tinyint(1) DEFAULT NULL,
  `AllowsSupportiveLogin` tinyint(1) DEFAULT NULL,
  `ShowWishKnowledge` tinyint(1) DEFAULT NULL,
  `KnowledgeReportInterval` int DEFAULT NULL,
  `TotalInOthersWishknowledge` int DEFAULT NULL,
  `FollowerCount` int DEFAULT NULL,
  `LearningSessionOptions` varchar(255) DEFAULT NULL,
  `StripeId` varchar(255) DEFAULT NULL,
  `StartPageId` int DEFAULT NULL,
  `EndDate` datetime DEFAULT NULL,
  `SubscriptionStartDate` datetime DEFAULT NULL,
  `CorrectnessProbability` int DEFAULT NULL,
  `CorrectnessProbabilityAnswerCount` int DEFAULT NULL,
  `WidgetHostsSpaceSeparated` varchar(255) DEFAULT NULL,
  `Reputation` int DEFAULT NULL,
  `ReputationPos` int DEFAULT NULL,
  `WishCountQuestions` int DEFAULT NULL,
  `WishCountSets` int DEFAULT NULL,
  `Birthday` datetime DEFAULT NULL,
  `FacebookId` varchar(255) DEFAULT NULL,
  `GoogleId` varchar(255) DEFAULT NULL,
  `ActivityPoints` int DEFAULT NULL,
  `ActivityLevel` int DEFAULT NULL,
  `DateCreated` datetime DEFAULT NULL,
  `DateModified` datetime DEFAULT NULL,
  `RecentlyUsedRelationTargetPages` varchar(255) DEFAULT NULL,
  `FavoriteIds` varchar(255) DEFAULT NULL,
  `UiLanguage` varchar(255) DEFAULT NULL,
  PRIMARY KEY (`Id`)
) ENGINE=InnoDB AUTO_INCREMENT=5 DEFAULT CHARSET=utf8mb4 COLLATE=utf8mb4_0900_ai_ci;
/*!40101 SET character_set_client = @saved_cs_client */;

--
-- Dumping data for table `user`
--

LOCK TABLES `user` WRITE;
/*!40000 ALTER TABLE `user` DISABLE KEYS */;
INSERT INTO `user` VALUES (1,NULL,NULL,NULL,0,NULL,'SessionUser',0,0,0,0,0,0,0,NULL,NULL,0,NULL,NULL,0,0,NULL,0,0,0,0,NULL,NULL,NULL,0,0,'2025-06-17 19:06:20','2025-06-17 19:06:20',NULL,NULL,'en'),(2,NULL,NULL,'learning.user@example.com',0,NULL,'LearningUser',1,0,0,0,0,0,0,NULL,NULL,0,NULL,NULL,0,0,NULL,0,0,0,0,NULL,NULL,NULL,0,0,'2025-06-17 19:06:20','2025-06-17 19:06:20',NULL,NULL,'en'),(3,NULL,NULL,'content.creator@example.com',0,NULL,'ContentCreator',1,0,0,0,0,0,0,NULL,NULL,0,NULL,NULL,0,0,NULL,0,0,0,0,NULL,NULL,NULL,0,0,'2025-06-17 19:06:20','2025-06-17 19:06:20',NULL,NULL,'en'),(4,NULL,NULL,'question.contributor@example.com',0,NULL,'QuestionContributor',1,0,0,0,0,0,0,NULL,NULL,0,NULL,NULL,0,0,NULL,0,0,0,0,NULL,NULL,NULL,0,0,'2025-06-17 19:06:20','2025-06-17 19:06:20',NULL,NULL,'en');
/*!40000 ALTER TABLE `user` ENABLE KEYS */;
UNLOCK TABLES;

--
-- Table structure for table `user_to_follower`
--

DROP TABLE IF EXISTS `user_to_follower`;
/*!40101 SET @saved_cs_client     = @@character_set_client */;
/*!50503 SET character_set_client = utf8mb4 */;
CREATE TABLE `user_to_follower` (
  `Id` int NOT NULL AUTO_INCREMENT,
  `Follower_id` int DEFAULT NULL,
  `User_id` int DEFAULT NULL,
  `DateCreated` datetime DEFAULT NULL,
  `DateModified` datetime DEFAULT NULL,
  PRIMARY KEY (`Id`),
  KEY `Follower_id` (`Follower_id`),
  KEY `User_id` (`User_id`),
  CONSTRAINT `FK_28BA5F5E` FOREIGN KEY (`User_id`) REFERENCES `user` (`Id`),
  CONSTRAINT `FK_4FFDA6DE` FOREIGN KEY (`Follower_id`) REFERENCES `user` (`Id`)
) ENGINE=InnoDB DEFAULT CHARSET=utf8mb4 COLLATE=utf8mb4_0900_ai_ci;
/*!40101 SET character_set_client = @saved_cs_client */;

--
-- Dumping data for table `user_to_follower`
--

LOCK TABLES `user_to_follower` WRITE;
/*!40000 ALTER TABLE `user_to_follower` DISABLE KEYS */;
/*!40000 ALTER TABLE `user_to_follower` ENABLE KEYS */;
UNLOCK TABLES;

--
-- Table structure for table `useractivity`
--

DROP TABLE IF EXISTS `useractivity`;
/*!40101 SET @saved_cs_client     = @@character_set_client */;
/*!50503 SET character_set_client = utf8mb4 */;
CREATE TABLE `useractivity` (
  `Id` int NOT NULL AUTO_INCREMENT,
  `UserConcerned_id` int DEFAULT NULL,
  `At` datetime DEFAULT NULL,
  `Type` int DEFAULT NULL,
  `Question_id` int DEFAULT NULL,
  `Page_id` int DEFAULT NULL,
  `UserIsFollowed_id` int DEFAULT NULL,
  `UserCauser_id` int DEFAULT NULL,
  `DateCreated` datetime DEFAULT NULL,
  `DateModified` datetime DEFAULT NULL,
  PRIMARY KEY (`Id`),
  KEY `UserConcerned_id` (`UserConcerned_id`),
  KEY `Question_id` (`Question_id`),
  KEY `Page_id` (`Page_id`),
  KEY `UserIsFollowed_id` (`UserIsFollowed_id`),
  KEY `UserCauser_id` (`UserCauser_id`),
  CONSTRAINT `FK_5137F47B` FOREIGN KEY (`UserConcerned_id`) REFERENCES `user` (`Id`),
  CONSTRAINT `FK_5D4CBA5D` FOREIGN KEY (`Question_id`) REFERENCES `question` (`Id`),
  CONSTRAINT `FK_6C836DBA` FOREIGN KEY (`UserIsFollowed_id`) REFERENCES `user` (`Id`),
  CONSTRAINT `FK_8091412B` FOREIGN KEY (`UserCauser_id`) REFERENCES `user` (`Id`),
  CONSTRAINT `FK_B3C89A36` FOREIGN KEY (`Page_id`) REFERENCES `page` (`Id`)
) ENGINE=InnoDB DEFAULT CHARSET=utf8mb4 COLLATE=utf8mb4_0900_ai_ci;
/*!40101 SET character_set_client = @saved_cs_client */;

--
-- Dumping data for table `useractivity`
--

LOCK TABLES `useractivity` WRITE;
/*!40000 ALTER TABLE `useractivity` DISABLE KEYS */;
/*!40000 ALTER TABLE `useractivity` ENABLE KEYS */;
UNLOCK TABLES;

--
-- Dumping events for database 'memoWikisTest'
--

--
-- Dumping routines for database 'memoWikisTest'
--
/*!40103 SET TIME_ZONE=@OLD_TIME_ZONE */;

/*!40101 SET SQL_MODE=@OLD_SQL_MODE */;
/*!40014 SET FOREIGN_KEY_CHECKS=@OLD_FOREIGN_KEY_CHECKS */;
/*!40014 SET UNIQUE_CHECKS=@OLD_UNIQUE_CHECKS */;
/*!40101 SET CHARACTER_SET_CLIENT=@OLD_CHARACTER_SET_CLIENT */;
/*!40101 SET CHARACTER_SET_RESULTS=@OLD_CHARACTER_SET_RESULTS */;
/*!40101 SET COLLATION_CONNECTION=@OLD_COLLATION_CONNECTION */;
/*!40111 SET SQL_NOTES=@OLD_SQL_NOTES */;

-- Dump completed on 2025-06-17 17:06:41
