-- MySQL dump 10.13  Distrib 8.3.0, for Linux (x86_64)
--
-- Host: localhost    Database: memoWikisTest
-- ------------------------------------------------------
-- Server version	8.3.0

/*!40101 SET @OLD_CHARACTER_SET_CLIENT=@@CHARACTER_SET_CLIENT */;
/*!40101 SET @OLD_CHARACTER_SET_RESULTS=@@CHARACTER_SET_RESULTS */;
/*!40101 SET @OLD_COLLATION_CONNECTION=@@COLLATION_CONNECTION */;
/*!50503 SET NAMES utf8mb4 */;
/*!40103 SET @OLD_TIME_ZONE=@@TIME_ZONE */;
/*!40103 SET TIME_ZONE='+00:00' */;
/*!40014 SET @OLD_UNIQUE_CHECKS=@@UNIQUE_CHECKS, UNIQUE_CHECKS=0 */;
/*!40014 SET @OLD_FOREIGN_KEY_CHECKS=@@FOREIGN_KEY_CHECKS, FOREIGN_KEY_CHECKS=0 */;
/*!40101 SET @OLD_SQL_MODE=@@SQL_MODE, SQL_MODE='NO_AUTO_VALUE_ON_ZERO' */;
/*!40111 SET @OLD_SQL_NOTES=@@SQL_NOTES, SQL_NOTES=0 */;

--
-- Current Database: `memoWikisTest`
--

CREATE DATABASE /*!32312 IF NOT EXISTS*/ `memoWikisTest` /*!40100 DEFAULT CHARACTER SET utf8mb4 COLLATE utf8mb4_0900_ai_ci */ /*!80016 DEFAULT ENCRYPTION='N' */;

USE `memoWikisTest`;

--
-- Table structure for table `activitypoints`
--

DROP TABLE IF EXISTS `activitypoints`;
/*!40101 SET @saved_cs_client     = @@character_set_client */;
/*!50503 SET character_set_client = utf8mb4 */;
CREATE TABLE `activitypoints` (
  `Id` int NOT NULL AUTO_INCREMENT,
  `Amount` int DEFAULT NULL,
  `DateEarned` datetime DEFAULT NULL,
  `User_id` int DEFAULT NULL,
  `DateCreated` datetime DEFAULT NULL,
  `DateModified` datetime DEFAULT NULL,
  PRIMARY KEY (`Id`)
) ENGINE=InnoDB DEFAULT CHARSET=utf8mb4 COLLATE=utf8mb4_0900_ai_ci;
/*!40101 SET character_set_client = @saved_cs_client */;

--
-- Dumping data for table `activitypoints`
--

LOCK TABLES `activitypoints` WRITE;
/*!40000 ALTER TABLE `activitypoints` DISABLE KEYS */;
/*!40000 ALTER TABLE `activitypoints` ENABLE KEYS */;
UNLOCK TABLES;

--
-- Table structure for table `ai_usage_log`
--

DROP TABLE IF EXISTS `ai_usage_log`;
/*!40101 SET @saved_cs_client     = @@character_set_client */;
/*!50503 SET character_set_client = utf8mb4 */;
CREATE TABLE `ai_usage_log` (
  `Id` int NOT NULL AUTO_INCREMENT,
  `User_id` int DEFAULT NULL,
  `Page_id` int DEFAULT NULL,
  `TokenIn` int DEFAULT NULL,
  `TokenOut` int DEFAULT NULL,
  `DateCreated` datetime DEFAULT NULL,
  `Model` varchar(255) DEFAULT NULL,
  PRIMARY KEY (`Id`)
) ENGINE=InnoDB DEFAULT CHARSET=utf8mb4 COLLATE=utf8mb4_0900_ai_ci;
/*!40101 SET character_set_client = @saved_cs_client */;

--
-- Dumping data for table `ai_usage_log`
--

LOCK TABLES `ai_usage_log` WRITE;
/*!40000 ALTER TABLE `ai_usage_log` DISABLE KEYS */;
/*!40000 ALTER TABLE `ai_usage_log` ENABLE KEYS */;
UNLOCK TABLES;

--
-- Table structure for table `answer`
--

DROP TABLE IF EXISTS `answer`;
/*!40101 SET @saved_cs_client     = @@character_set_client */;
/*!50503 SET character_set_client = utf8mb4 */;
CREATE TABLE `answer` (
  `Id` int NOT NULL AUTO_INCREMENT,
  `UserId` int DEFAULT NULL,
  `QuestionId` int DEFAULT NULL,
  `QuestionViewGuid` varchar(36) DEFAULT NULL,
  `InteractionNumber` int DEFAULT NULL,
  `AnswerText` varchar(255) DEFAULT NULL,
  `AnswerredCorrectly` int DEFAULT NULL,
  `Milliseconds` int DEFAULT NULL,
  `Migrated` tinyint(1) DEFAULT NULL,
  `DateCreated` datetime DEFAULT NULL,
  PRIMARY KEY (`Id`),
  KEY `QuestionId` (`QuestionId`),
  CONSTRAINT `FK_4975C7EB` FOREIGN KEY (`QuestionId`) REFERENCES `question` (`Id`)
) ENGINE=InnoDB AUTO_INCREMENT=41 DEFAULT CHARSET=utf8mb4 COLLATE=utf8mb4_0900_ai_ci;
/*!40101 SET character_set_client = @saved_cs_client */;

--
-- Dumping data for table `answer`
--

LOCK TABLES `answer` WRITE;
/*!40000 ALTER TABLE `answer` DISABLE KEYS */;
INSERT INTO `answer` VALUES (1,2,12,'bf3f22a8-95fa-4a83-ac3e-e80624d47b77',1,'Incorrect answer',1,12289,0,'2024-12-15 20:14:49'),(2,2,3,'aa9bd75e-7f8a-4002-b15d-e6997e4eab1c',1,'Answer 1 for page LearningUser Subtopic 1-1',1,4977,0,'2024-12-15 10:53:05'),(3,2,48,'0af98841-8b6e-4876-9f28-00cd92cf49f6',1,'Answer 2 for page QuestionContributor Subtopic 22-2',1,13391,0,'2024-12-15 11:07:53'),(4,2,51,'c903db1a-e2f1-439d-9385-54224020446d',1,'Answer 1 for page QuestionContributor Subtopic 25-1',1,6629,0,'2024-12-15 11:09:24'),(5,2,18,'47ded662-fda2-4a25-908b-4994f2faf0f0',1,'Incorrect answer',0,12954,0,'2024-12-16 17:49:14'),(6,2,48,'39346fc5-2cca-4781-a268-d8003ec60721',1,'Answer 2 for page QuestionContributor Subtopic 22-2',1,7729,0,'2024-12-16 08:57:26'),(7,2,45,'a1b0af0c-2f74-4c3a-b227-b53508994ea2',1,'Answer 1 for page QuestionContributor Subtopic 22-1',1,4860,0,'2024-12-16 19:02:32'),(8,2,5,'0d47f91f-13a6-4389-a98c-610ff08e8a67',1,'Answer 1 for page LearningUser Subtopic 2-1',1,5827,0,'2024-12-16 12:23:04'),(9,2,3,'347789b3-76f0-434d-944b-e9463dc1948f',1,'Answer 1 for page LearningUser Subtopic 1-1',1,2208,0,'2024-12-16 13:41:20'),(10,2,51,'a6fc4280-8ccb-44c3-85dd-cb722da77242',1,'Answer 1 for page QuestionContributor Subtopic 25-1',1,14522,0,'2024-12-16 12:57:37'),(11,2,31,'394ff21a-94f0-41e0-b965-9412a6d8c360',1,'Incorrect answer',1,9254,0,'2024-12-21 16:29:16'),(12,2,51,'ea24030d-e006-4762-8001-621540280a32',1,'Incorrect answer',0,8033,0,'2024-12-21 13:12:30'),(13,2,40,'bbb17338-47db-462a-89f7-a0d804986cf3',1,'Answer 2 for page ContentCreator Subtopic 17-3',1,3110,0,'2024-12-21 08:34:49'),(14,2,5,'aa8ecd6d-8953-468c-b4bf-9ec500e25763',1,'Incorrect answer',1,10560,0,'2024-12-21 21:22:28'),(15,2,3,'d1471fce-f837-43a0-83ff-87c61eb2c762',1,'Answer 1 for page LearningUser Subtopic 1-1',1,1222,0,'2024-12-21 09:02:17'),(16,2,45,'26f4bda0-7813-41c9-86b3-c156ed311fb6',1,'Answer 1 for page QuestionContributor Subtopic 22-1',1,5578,0,'2024-12-21 15:58:47'),(17,2,21,'1ab8162e-262f-4cc8-a8f2-191030189ad8',1,'Answer 1 for page ContentCreator Subtopic 8-3',1,1444,0,'2024-12-22 22:28:52'),(18,2,45,'b2188c51-53e7-4b3e-8422-b6936cc0d9ad',1,'Answer 1 for page QuestionContributor Subtopic 22-1',1,3271,0,'2024-12-22 18:59:50'),(19,2,51,'4594facd-903b-4a8a-9aa9-dbde3e386f02',1,'Incorrect answer',1,8071,0,'2024-12-22 09:31:05'),(20,2,27,'fb4c1a3d-16fd-4d39-a9dc-efd4fa4b3108',1,'Incorrect answer',1,11324,0,'2024-12-22 16:11:04'),(21,2,56,'9fc63aa4-7d4e-4e0e-83a2-c7ae185e641c',1,'Incorrect answer',0,1059,0,'2024-12-22 15:48:15'),(22,2,10,'c2106190-6f44-4339-8d22-ec464d8dfee2',1,'Answer 2 for page ContentCreator Subtopic 4-1',0,4275,0,'2024-12-22 20:36:14'),(23,2,3,'4048e88f-eb7b-44c1-a1aa-575ee4cb5081',1,'Answer 1 for page LearningUser Subtopic 1-1',1,11678,0,'2024-12-24 21:29:34'),(24,2,31,'99c7f0b8-e95b-49e2-af75-c4a680880634',1,'Incorrect answer',0,3957,0,'2024-12-24 22:18:04'),(25,2,52,'815c2568-4975-4a2e-beb9-bb30043bbd04',1,'Answer 2 for page QuestionContributor Subtopic 25-1',1,9413,0,'2024-12-24 12:23:08'),(26,2,56,'20153714-4f5d-4ecd-9ded-d3809126340c',1,'Answer 2 for page QuestionContributor Subtopic 26-2',1,4730,0,'2024-12-27 19:45:48'),(27,2,18,'ce5475cc-0fd2-4ec9-ab7e-530d3e3ba05f',1,'Answer 2 for page ContentCreator Subtopic 8-1',1,14729,0,'2024-12-27 15:24:43'),(28,2,1,'9d3c608b-0c98-4f0b-9ffc-8de302a04b83',1,'Answer 1 for page LearningUser Topic 1',1,13936,0,'2024-12-27 11:17:12'),(29,2,2,'b790eb7f-b14e-4377-a615-159c457fb486',1,'Answer 2 for page LearningUser Topic 1',1,1449,0,'2024-12-29 13:19:54'),(30,2,21,'2f1737f2-bfc1-4ce9-917e-f0af035196f0',1,'Answer 1 for page ContentCreator Subtopic 8-3',1,3915,0,'2024-12-29 21:17:30'),(31,2,18,'2f38ac6e-d7fd-40ad-a23c-f902e823664f',1,'Answer 2 for page ContentCreator Subtopic 8-1',1,10094,0,'2024-12-29 08:43:14'),(32,2,29,'c9acc44f-3262-48a3-987e-3c41cbd5cd73',1,'Answer 1 for page ContentCreator Subtopic 12-3',1,4359,0,'2024-12-29 11:36:26'),(33,2,15,'39a01703-08ab-4e8a-afbe-91095fba2dc9',1,'Incorrect answer',0,2395,0,'2024-12-29 16:11:33'),(34,2,5,'104391f1-f20d-4de7-b4cd-a0043962b275',1,'Answer 1 for page LearningUser Subtopic 2-1',1,3470,0,'2024-12-29 22:00:48'),(35,2,48,'079f9802-2bbb-448d-8c8e-3c3623c781c0',1,'Answer 2 for page QuestionContributor Subtopic 22-2',1,6858,0,'2024-12-29 15:19:26'),(36,2,48,'05546487-110f-4cb9-bde2-c1c6407e3103',1,'Incorrect answer',1,4136,0,'2024-12-30 16:15:14'),(37,2,52,'26243262-cf7e-428d-9488-b0c602620fa0',1,'Answer 2 for page QuestionContributor Subtopic 25-1',0,2305,0,'2024-12-30 18:09:06'),(38,2,10,'642d44f0-8e15-49e0-b744-ee02908ab06f',1,'Answer 2 for page ContentCreator Subtopic 4-1',1,7618,0,'2024-12-30 08:40:48'),(39,2,56,'252346ee-059a-46a9-8b9b-db8505377129',1,'Answer 2 for page QuestionContributor Subtopic 26-2',1,14483,0,'2024-12-30 12:53:07'),(40,2,32,'51c777fd-7e20-481c-8077-c2f671fa39fe',1,'Incorrect answer',0,5389,0,'2024-12-30 08:30:24');
/*!40000 ALTER TABLE `answer` ENABLE KEYS */;
UNLOCK TABLES;

--
-- Table structure for table `comment`
--

DROP TABLE IF EXISTS `comment`;
/*!40101 SET @saved_cs_client     = @@character_set_client */;
/*!50503 SET character_set_client = utf8mb4 */;
CREATE TABLE `comment` (
  `Id` int NOT NULL AUTO_INCREMENT,
  `Type` int DEFAULT NULL,
  `TypeId` int DEFAULT NULL,
  `AnswerTo` int DEFAULT NULL,
  `ShouldImprove` tinyint(1) DEFAULT NULL,
  `ShouldRemove` tinyint(1) DEFAULT NULL,
  `ShouldKeys` varchar(255) DEFAULT NULL,
  `IsSettled` tinyint(1) DEFAULT NULL,
  `Creator_id` int DEFAULT NULL,
  `Title` varchar(255) DEFAULT NULL,
  `Text` varchar(255) DEFAULT NULL,
  `DateCreated` datetime DEFAULT NULL,
  `DateModified` datetime DEFAULT NULL,
  PRIMARY KEY (`Id`),
  KEY `AnswerTo` (`AnswerTo`),
  KEY `Creator_id` (`Creator_id`),
  CONSTRAINT `FK_A2E42DA9` FOREIGN KEY (`Creator_id`) REFERENCES `user` (`Id`),
  CONSTRAINT `FK_EC7E49AE` FOREIGN KEY (`AnswerTo`) REFERENCES `comment` (`Id`)
) ENGINE=InnoDB DEFAULT CHARSET=utf8mb4 COLLATE=utf8mb4_0900_ai_ci;
/*!40101 SET character_set_client = @saved_cs_client */;

--
-- Dumping data for table `comment`
--

LOCK TABLES `comment` WRITE;
/*!40000 ALTER TABLE `comment` DISABLE KEYS */;
/*!40000 ALTER TABLE `comment` ENABLE KEYS */;
UNLOCK TABLES;

--
-- Table structure for table `imagemetadata`
--

DROP TABLE IF EXISTS `imagemetadata`;
/*!40101 SET @saved_cs_client     = @@character_set_client */;
/*!50503 SET character_set_client = utf8mb4 */;
CREATE TABLE `imagemetadata` (
  `Id` int NOT NULL AUTO_INCREMENT,
  `Type` int DEFAULT NULL,
  `TypeId` int DEFAULT NULL,
  `UserId` int DEFAULT NULL,
  `Source` int DEFAULT NULL,
  `SourceUrl` varchar(255) DEFAULT NULL,
  `ApiResult` text,
  `ApiHost` varchar(255) DEFAULT NULL,
  `Author` varchar(255) DEFAULT NULL,
  `Description` varchar(255) DEFAULT NULL,
  `Markup` varchar(255) DEFAULT NULL,
  `MarkupDownloadDate` datetime DEFAULT NULL,
  `ManualEntries` varchar(255) DEFAULT NULL,
  `MainLicenseInfo` varchar(255) DEFAULT NULL,
  `AllRegisteredLicenses` varchar(255) DEFAULT NULL,
  `Notifications` varchar(255) DEFAULT NULL,
  `LicenseState` int DEFAULT NULL,
  `DateCreated` datetime DEFAULT NULL,
  `DateModified` datetime DEFAULT NULL,
  PRIMARY KEY (`Id`)
) ENGINE=InnoDB DEFAULT CHARSET=utf8mb4 COLLATE=utf8mb4_0900_ai_ci;
/*!40101 SET character_set_client = @saved_cs_client */;

--
-- Dumping data for table `imagemetadata`
--

LOCK TABLES `imagemetadata` WRITE;
/*!40000 ALTER TABLE `imagemetadata` DISABLE KEYS */;
/*!40000 ALTER TABLE `imagemetadata` ENABLE KEYS */;
UNLOCK TABLES;

--
-- Table structure for table `jobqueue`
--

DROP TABLE IF EXISTS `jobqueue`;
/*!40101 SET @saved_cs_client     = @@character_set_client */;
/*!50503 SET character_set_client = utf8mb4 */;
CREATE TABLE `jobqueue` (
  `Id` int NOT NULL AUTO_INCREMENT,
  `JobQueueType` int DEFAULT NULL,
  `JobContent` varchar(255) DEFAULT NULL,
  `Priority` int DEFAULT NULL,
  `DateCreated` datetime DEFAULT NULL,
  PRIMARY KEY (`Id`)
) ENGINE=InnoDB AUTO_INCREMENT=125 DEFAULT CHARSET=utf8mb4 COLLATE=utf8mb4_0900_ai_ci;
/*!40101 SET character_set_client = @saved_cs_client */;

--
-- Dumping data for table `jobqueue`
--

LOCK TABLES `jobqueue` WRITE;
/*!40000 ALTER TABLE `jobqueue` DISABLE KEYS */;
INSERT INTO `jobqueue` VALUES (1,2,'1',0,'2025-06-18 14:21:50'),(2,1,'2',0,'2025-06-18 14:21:50'),(3,2,'1',0,'2025-06-18 14:21:51'),(4,1,'2',0,'2025-06-18 14:21:51'),(5,2,'2',0,'2025-06-18 14:21:51'),(6,1,'2',0,'2025-06-18 14:21:51'),(7,2,'2',0,'2025-06-18 14:21:51'),(8,1,'2',0,'2025-06-18 14:21:51'),(9,2,'3',0,'2025-06-18 14:21:51'),(10,1,'2',0,'2025-06-18 14:21:51'),(11,2,'3',0,'2025-06-18 14:21:51'),(12,1,'2',0,'2025-06-18 14:21:51'),(13,2,'4',0,'2025-06-18 14:21:51'),(14,1,'3',0,'2025-06-18 14:21:51'),(15,2,'4',0,'2025-06-18 14:21:51'),(16,1,'3',0,'2025-06-18 14:21:51'),(17,2,'5',0,'2025-06-18 14:21:51'),(18,1,'3',0,'2025-06-18 14:21:51'),(19,2,'5',0,'2025-06-18 14:21:51'),(20,1,'3',0,'2025-06-18 14:21:51'),(21,2,'6',0,'2025-06-18 14:21:51'),(22,1,'3',0,'2025-06-18 14:21:51'),(23,2,'6',0,'2025-06-18 14:21:51'),(24,1,'3',0,'2025-06-18 14:21:51'),(25,2,'7',0,'2025-06-18 14:21:51'),(26,1,'3',0,'2025-06-18 14:21:51'),(27,2,'7',0,'2025-06-18 14:21:51'),(28,1,'3',0,'2025-06-18 14:21:51'),(29,2,'8',0,'2025-06-18 14:21:52'),(30,1,'3',0,'2025-06-18 14:21:52'),(31,2,'8',0,'2025-06-18 14:21:52'),(32,1,'3',0,'2025-06-18 14:21:52'),(33,2,'9',0,'2025-06-18 14:21:52'),(34,1,'3',0,'2025-06-18 14:21:52'),(35,2,'9',0,'2025-06-18 14:21:52'),(36,1,'3',0,'2025-06-18 14:21:52'),(37,2,'10',0,'2025-06-18 14:21:52'),(38,1,'3',0,'2025-06-18 14:21:52'),(39,2,'10',0,'2025-06-18 14:21:52'),(40,1,'3',0,'2025-06-18 14:21:52'),(41,2,'11',0,'2025-06-18 14:21:52'),(42,1,'3',0,'2025-06-18 14:21:52'),(43,2,'11',0,'2025-06-18 14:21:52'),(44,1,'3',0,'2025-06-18 14:21:52'),(45,2,'12',0,'2025-06-18 14:21:52'),(46,1,'3',0,'2025-06-18 14:21:52'),(47,2,'12',0,'2025-06-18 14:21:52'),(48,1,'3',0,'2025-06-18 14:21:52'),(49,2,'13',0,'2025-06-18 14:21:52'),(50,1,'3',0,'2025-06-18 14:21:52'),(51,2,'13',0,'2025-06-18 14:21:52'),(52,1,'3',0,'2025-06-18 14:21:52'),(53,2,'14',0,'2025-06-18 14:21:52'),(54,1,'3',0,'2025-06-18 14:21:52'),(55,2,'14',0,'2025-06-18 14:21:53'),(56,1,'3',0,'2025-06-18 14:21:53'),(57,2,'15',0,'2025-06-18 14:21:53'),(58,1,'3',0,'2025-06-18 14:21:53'),(59,2,'15',0,'2025-06-18 14:21:53'),(60,1,'3',0,'2025-06-18 14:21:53'),(61,2,'16',0,'2025-06-18 14:21:53'),(62,1,'3',0,'2025-06-18 14:21:53'),(63,2,'16',0,'2025-06-18 14:21:53'),(64,1,'3',0,'2025-06-18 14:21:53'),(65,2,'17',0,'2025-06-18 14:21:53'),(66,1,'3',0,'2025-06-18 14:21:53'),(67,2,'17',0,'2025-06-18 14:21:53'),(68,1,'3',0,'2025-06-18 14:21:53'),(69,2,'18',0,'2025-06-18 14:21:53'),(70,1,'3',0,'2025-06-18 14:21:53'),(71,2,'18',0,'2025-06-18 14:21:53'),(72,1,'3',0,'2025-06-18 14:21:53'),(73,2,'19',0,'2025-06-18 14:21:53'),(74,1,'3',0,'2025-06-18 14:21:53'),(75,2,'19',0,'2025-06-18 14:21:53'),(76,1,'3',0,'2025-06-18 14:21:53'),(77,2,'20',0,'2025-06-18 14:21:53'),(78,1,'3',0,'2025-06-18 14:21:53'),(79,2,'20',0,'2025-06-18 14:21:53'),(80,1,'3',0,'2025-06-18 14:21:53'),(81,2,'21',0,'2025-06-18 14:21:54'),(82,1,'4',0,'2025-06-18 14:21:54'),(83,2,'21',0,'2025-06-18 14:21:54'),(84,1,'4',0,'2025-06-18 14:21:54'),(85,2,'22',0,'2025-06-18 14:21:54'),(86,1,'4',0,'2025-06-18 14:21:54'),(87,2,'22',0,'2025-06-18 14:21:54'),(88,1,'4',0,'2025-06-18 14:21:54'),(89,2,'23',0,'2025-06-18 14:21:54'),(90,1,'4',0,'2025-06-18 14:21:54'),(91,2,'23',0,'2025-06-18 14:21:54'),(92,1,'4',0,'2025-06-18 14:21:54'),(93,2,'24',0,'2025-06-18 14:21:54'),(94,1,'4',0,'2025-06-18 14:21:54'),(95,2,'24',0,'2025-06-18 14:21:54'),(96,1,'4',0,'2025-06-18 14:21:54'),(97,2,'25',0,'2025-06-18 14:21:54'),(98,1,'4',0,'2025-06-18 14:21:54'),(99,2,'25',0,'2025-06-18 14:21:54'),(100,1,'4',0,'2025-06-18 14:21:54'),(101,2,'26',0,'2025-06-18 14:21:54'),(102,1,'4',0,'2025-06-18 14:21:54'),(103,2,'26',0,'2025-06-18 14:21:54'),(104,1,'4',0,'2025-06-18 14:21:54'),(105,2,'27',0,'2025-06-18 14:21:54'),(106,1,'4',0,'2025-06-18 14:21:54'),(107,2,'27',0,'2025-06-18 14:21:54'),(108,1,'4',0,'2025-06-18 14:21:55'),(109,2,'28',0,'2025-06-18 14:21:55'),(110,1,'4',0,'2025-06-18 14:21:55'),(111,2,'28',0,'2025-06-18 14:21:55'),(112,1,'4',0,'2025-06-18 14:21:55'),(113,2,'29',0,'2025-06-18 14:21:55'),(114,1,'4',0,'2025-06-18 14:21:55'),(115,2,'29',0,'2025-06-18 14:21:55'),(116,1,'4',0,'2025-06-18 14:21:55'),(117,2,'30',0,'2025-06-18 14:21:55'),(118,1,'4',0,'2025-06-18 14:21:55'),(119,2,'30',0,'2025-06-18 14:21:55'),(120,1,'4',0,'2025-06-18 14:21:55'),(121,2,'31',0,'2025-06-18 14:21:55'),(122,1,'4',0,'2025-06-18 14:21:55'),(123,2,'31',0,'2025-06-18 14:21:55'),(124,1,'4',0,'2025-06-18 14:21:55');
/*!40000 ALTER TABLE `jobqueue` ENABLE KEYS */;
UNLOCK TABLES;

--
-- Table structure for table `message`
--

DROP TABLE IF EXISTS `message`;
/*!40101 SET @saved_cs_client     = @@character_set_client */;
/*!50503 SET character_set_client = utf8mb4 */;
CREATE TABLE `message` (
  `Id` int NOT NULL AUTO_INCREMENT,
  `ReceiverId` int DEFAULT NULL,
  `Subject` varchar(255) DEFAULT NULL,
  `Body` varchar(255) DEFAULT NULL,
  `MessageType` varchar(255) DEFAULT NULL,
  `IsRead` tinyint(1) DEFAULT NULL,
  `WasSendPerEmail` tinyint(1) DEFAULT NULL,
  `WasSendToSmartphone` tinyint(1) DEFAULT NULL,
  `DateCreated` datetime DEFAULT NULL,
  `DateModified` datetime DEFAULT NULL,
  PRIMARY KEY (`Id`)
) ENGINE=InnoDB DEFAULT CHARSET=utf8mb4 COLLATE=utf8mb4_0900_ai_ci;
/*!40101 SET character_set_client = @saved_cs_client */;

--
-- Dumping data for table `message`
--

LOCK TABLES `message` WRITE;
/*!40000 ALTER TABLE `message` DISABLE KEYS */;
/*!40000 ALTER TABLE `message` ENABLE KEYS */;
UNLOCK TABLES;

--
-- Table structure for table `messageemail`
--

DROP TABLE IF EXISTS `messageemail`;
/*!40101 SET @saved_cs_client     = @@character_set_client */;
/*!50503 SET character_set_client = utf8mb4 */;
CREATE TABLE `messageemail` (
  `Id` int NOT NULL AUTO_INCREMENT,
  `User_id` int DEFAULT NULL,
  `MessageEmailType` int DEFAULT NULL,
  `DateCreated` datetime DEFAULT NULL,
  `DateModified` datetime DEFAULT NULL,
  PRIMARY KEY (`Id`),
  KEY `User_id` (`User_id`),
  CONSTRAINT `FK_B048BCC5` FOREIGN KEY (`User_id`) REFERENCES `user` (`Id`)
) ENGINE=InnoDB DEFAULT CHARSET=utf8mb4 COLLATE=utf8mb4_0900_ai_ci;
/*!40101 SET character_set_client = @saved_cs_client */;

--
-- Dumping data for table `messageemail`
--

LOCK TABLES `messageemail` WRITE;
/*!40000 ALTER TABLE `messageemail` DISABLE KEYS */;
/*!40000 ALTER TABLE `messageemail` ENABLE KEYS */;
UNLOCK TABLES;

--
-- Table structure for table `page`
--

DROP TABLE IF EXISTS `page`;
/*!40101 SET @saved_cs_client     = @@character_set_client */;
/*!50503 SET character_set_client = utf8mb4 */;
CREATE TABLE `page` (
  `Id` int NOT NULL AUTO_INCREMENT,
  `Name` varchar(255) DEFAULT NULL,
  `Description` varchar(255) DEFAULT NULL,
  `WikipediaURL` varchar(255) DEFAULT NULL,
  `Url` varchar(255) DEFAULT NULL,
  `UrlLinkText` varchar(255) DEFAULT NULL,
  `DisableLearningFunctions` tinyint(1) DEFAULT NULL,
  `Creator_id` int DEFAULT NULL,
  `TopicMarkdown` varchar(255) DEFAULT NULL,
  `Content` varchar(255) DEFAULT NULL,
  `CustomSegments` varchar(255) DEFAULT NULL,
  `CountQuestionsAggregated` int DEFAULT NULL,
  `CorrectnessProbability` int DEFAULT NULL,
  `CorrectnessProbabilityAnswerCount` int DEFAULT NULL,
  `TotalRelevancePersonalEntries` int DEFAULT NULL,
  `DateCreated` datetime DEFAULT NULL,
  `DateModified` datetime DEFAULT NULL,
  `SkipMigration` tinyint(1) DEFAULT NULL,
  `Visibility` int DEFAULT NULL,
  `IsWiki` tinyint(1) DEFAULT NULL,
  `TextIsHidden` tinyint(1) DEFAULT NULL,
  `AuthorIds` varchar(255) DEFAULT NULL,
  `Language` varchar(255) DEFAULT NULL,
  PRIMARY KEY (`Id`),
  KEY `Creator_id` (`Creator_id`),
  CONSTRAINT `FK_34B9BBFB` FOREIGN KEY (`Creator_id`) REFERENCES `user` (`Id`)
) ENGINE=InnoDB AUTO_INCREMENT=32 DEFAULT CHARSET=utf8mb4 COLLATE=utf8mb4_0900_ai_ci;
/*!40101 SET character_set_client = @saved_cs_client */;

--
-- Dumping data for table `page`
--

LOCK TABLES `page` WRITE;
/*!40000 ALTER TABLE `page` DISABLE KEYS */;
INSERT INTO `page` VALUES (1,'LearningUser Topic 1',NULL,NULL,NULL,NULL,0,2,NULL,NULL,NULL,1,0,0,0,'2025-06-18 14:21:36','2025-06-18 14:21:51',0,0,1,0,'2','en'),(2,'LearningUser Subtopic 1-1',NULL,NULL,NULL,NULL,0,2,NULL,NULL,NULL,1,0,0,0,'2025-06-18 14:21:36','2025-06-18 14:21:51',0,0,1,0,'2','en'),(3,'LearningUser Subtopic 2-1',NULL,NULL,NULL,NULL,0,2,NULL,NULL,NULL,1,0,0,0,'2025-06-18 14:21:36','2025-06-18 14:21:51',0,0,1,0,'2','en'),(4,'ContentCreator Topic 1',NULL,NULL,NULL,NULL,0,3,NULL,NULL,NULL,1,0,0,0,'2025-06-18 14:21:36','2025-06-18 14:21:51',0,0,1,0,'3','en'),(5,'ContentCreator Subtopic 4-1',NULL,NULL,NULL,NULL,0,3,NULL,NULL,NULL,1,0,0,0,'2025-06-18 14:21:36','2025-06-18 14:21:51',0,0,1,0,'3','en'),(6,'ContentCreator Subtopic 5-1',NULL,NULL,NULL,NULL,0,3,NULL,NULL,NULL,1,0,0,0,'2025-06-18 14:21:37','2025-06-18 14:21:51',0,0,1,0,'3','en'),(7,'ContentCreator Subtopic 5-2',NULL,NULL,NULL,NULL,0,3,NULL,NULL,NULL,1,0,0,0,'2025-06-18 14:21:37','2025-06-18 14:21:51',0,0,1,0,'3','en'),(8,'ContentCreator Subtopic 4-2',NULL,NULL,NULL,NULL,0,3,NULL,NULL,NULL,1,0,0,0,'2025-06-18 14:21:37','2025-06-18 14:21:52',0,0,1,0,'3','en'),(9,'ContentCreator Subtopic 8-1',NULL,NULL,NULL,NULL,0,3,NULL,NULL,NULL,1,0,0,0,'2025-06-18 14:21:37','2025-06-18 14:21:52',0,0,1,0,'3','en'),(10,'ContentCreator Subtopic 8-2',NULL,NULL,NULL,NULL,0,3,NULL,NULL,NULL,1,0,0,0,'2025-06-18 14:21:38','2025-06-18 14:21:52',0,0,1,0,'3','en'),(11,'ContentCreator Subtopic 8-3',NULL,NULL,NULL,NULL,0,3,NULL,NULL,NULL,1,0,0,0,'2025-06-18 14:21:38','2025-06-18 14:21:52',0,0,1,0,'3','en'),(12,'ContentCreator Subtopic 4-3',NULL,NULL,NULL,NULL,0,3,NULL,NULL,NULL,1,0,0,0,'2025-06-18 14:21:38','2025-06-18 14:21:52',0,0,1,0,'3','en'),(13,'ContentCreator Subtopic 12-1',NULL,NULL,NULL,NULL,0,3,NULL,NULL,NULL,1,0,0,0,'2025-06-18 14:21:39','2025-06-18 14:21:52',0,0,1,0,'3','en'),(14,'ContentCreator Subtopic 12-2',NULL,NULL,NULL,NULL,0,3,NULL,NULL,NULL,1,0,0,0,'2025-06-18 14:21:40','2025-06-18 14:21:53',0,0,1,0,'3','en'),(15,'ContentCreator Subtopic 12-3',NULL,NULL,NULL,NULL,0,3,NULL,NULL,NULL,1,0,0,0,'2025-06-18 14:21:40','2025-06-18 14:21:53',0,0,1,0,'3','en'),(16,'ContentCreator Topic 2',NULL,NULL,NULL,NULL,0,3,NULL,NULL,NULL,1,0,0,0,'2025-06-18 14:21:41','2025-06-18 14:21:53',0,0,1,0,'3','en'),(17,'ContentCreator Subtopic 16-1',NULL,NULL,NULL,NULL,0,3,NULL,NULL,NULL,1,0,0,0,'2025-06-18 14:21:41','2025-06-18 14:21:53',0,0,1,0,'3','en'),(18,'ContentCreator Subtopic 17-1',NULL,NULL,NULL,NULL,0,3,NULL,NULL,NULL,1,0,0,0,'2025-06-18 14:21:41','2025-06-18 14:21:53',0,0,1,0,'3','en'),(19,'ContentCreator Subtopic 17-2',NULL,NULL,NULL,NULL,0,3,NULL,NULL,NULL,1,0,0,0,'2025-06-18 14:21:42','2025-06-18 14:21:53',0,0,1,0,'3','en'),(20,'ContentCreator Subtopic 17-3',NULL,NULL,NULL,NULL,0,3,NULL,NULL,NULL,1,0,0,0,'2025-06-18 14:21:42','2025-06-18 14:21:53',0,0,1,0,'3','en'),(21,'QuestionContributor Topic 1',NULL,NULL,NULL,NULL,0,4,NULL,NULL,NULL,1,0,0,0,'2025-06-18 14:21:43','2025-06-18 14:21:54',0,0,1,0,'4','en'),(22,'QuestionContributor Subtopic 21-1',NULL,NULL,NULL,NULL,0,4,NULL,NULL,NULL,1,0,0,0,'2025-06-18 14:21:44','2025-06-18 14:21:54',0,0,1,0,'4','en'),(23,'QuestionContributor Subtopic 22-1',NULL,NULL,NULL,NULL,0,4,NULL,NULL,NULL,1,0,0,0,'2025-06-18 14:21:44','2025-06-18 14:21:54',0,0,1,0,'4','en'),(24,'QuestionContributor Subtopic 22-2',NULL,NULL,NULL,NULL,0,4,NULL,NULL,NULL,1,0,0,0,'2025-06-18 14:21:45','2025-06-18 14:21:54',0,0,1,0,'4','en'),(25,'QuestionContributor Topic 2',NULL,NULL,NULL,NULL,0,4,NULL,NULL,NULL,1,0,0,0,'2025-06-18 14:21:45','2025-06-18 14:21:54',0,0,1,0,'4','en'),(26,'QuestionContributor Subtopic 25-1',NULL,NULL,NULL,NULL,0,4,NULL,NULL,NULL,1,0,0,0,'2025-06-18 14:21:46','2025-06-18 14:21:54',0,0,1,0,'4','en'),(27,'QuestionContributor Subtopic 26-1',NULL,NULL,NULL,NULL,0,4,NULL,NULL,NULL,1,0,0,0,'2025-06-18 14:21:47','2025-06-18 14:21:54',0,0,1,0,'4','en'),(28,'QuestionContributor Subtopic 26-2',NULL,NULL,NULL,NULL,0,4,NULL,NULL,NULL,1,0,0,0,'2025-06-18 14:21:47','2025-06-18 14:21:55',0,0,1,0,'4','en'),(29,'QuestionContributor Topic 3',NULL,NULL,NULL,NULL,0,4,NULL,NULL,NULL,1,0,0,0,'2025-06-18 14:21:48','2025-06-18 14:21:55',0,0,1,0,'4','en'),(30,'QuestionContributor Subtopic 29-1',NULL,NULL,NULL,NULL,0,4,NULL,NULL,NULL,1,0,0,0,'2025-06-18 14:21:49','2025-06-18 14:21:55',0,0,1,0,'4','en'),(31,'QuestionContributor Subtopic 30-1',NULL,NULL,NULL,NULL,0,4,NULL,NULL,NULL,1,0,0,0,'2025-06-18 14:21:50','2025-06-18 14:21:55',0,0,1,0,'4','en');
/*!40000 ALTER TABLE `page` ENABLE KEYS */;
UNLOCK TABLES;

--
-- Table structure for table `pagechange`
--

DROP TABLE IF EXISTS `pagechange`;
/*!40101 SET @saved_cs_client     = @@character_set_client */;
/*!50503 SET character_set_client = utf8mb4 */;
CREATE TABLE `pagechange` (
  `Id` int NOT NULL AUTO_INCREMENT,
  `Page_id` int DEFAULT NULL,
  `Data` longtext,
  `ShowInSidebar` tinyint(1) DEFAULT NULL,
  `DataVersion` int DEFAULT NULL,
  `Type` int DEFAULT NULL,
  `Author_id` int DEFAULT NULL,
  `DateCreated` datetime DEFAULT NULL,
  PRIMARY KEY (`Id`)
) ENGINE=InnoDB AUTO_INCREMENT=601 DEFAULT CHARSET=utf8mb4 COLLATE=utf8mb4_0900_ai_ci;
/*!40101 SET character_set_client = @saved_cs_client */;

--
-- Dumping data for table `pagechange`
--

LOCK TABLES `pagechange` WRITE;
/*!40000 ALTER TABLE `pagechange` DISABLE KEYS */;
INSERT INTO `pagechange` VALUES (1,1,'{\"PageRelations\":null,\"ImageWasUpdated\":false,\"Name\":\"LearningUser Topic 1\",\"Description\":null,\"PageMardkown\":null,\"Content\":null,\"CustomSegments\":null,\"WikipediaURL\":null,\"DisableLearningFunctions\":false,\"Visibility\":0,\"ParentIds\":null,\"ChildIds\":null,\"DeleteChangeId\":null,\"DeletedName\":null}',1,2,0,2,'2025-06-18 14:21:36'),(2,1,'{\"PageRelations\":null,\"ImageWasUpdated\":false,\"Name\":\"LearningUser Topic 1\",\"Description\":null,\"PageMardkown\":null,\"Content\":null,\"CustomSegments\":null,\"WikipediaURL\":null,\"DisableLearningFunctions\":false,\"Visibility\":0,\"ParentIds\":null,\"ChildIds\":null,\"DeleteChangeId\":null,\"DeletedName\":null}',1,2,7,50,'2025-06-18 14:21:36'),(3,2,'{\"PageRelations\":null,\"ImageWasUpdated\":false,\"Name\":\"LearningUser Subtopic 1-1\",\"Description\":null,\"PageMardkown\":null,\"Content\":null,\"CustomSegments\":null,\"WikipediaURL\":null,\"DisableLearningFunctions\":false,\"Visibility\":0,\"ParentIds\":null,\"ChildIds\":null,\"DeleteChangeId\":null,\"DeletedName\":null}',1,2,0,2,'2025-06-18 14:21:36'),(4,2,'{\"PageRelations\":null,\"ImageWasUpdated\":false,\"Name\":\"LearningUser Subtopic 1-1\",\"Description\":null,\"PageMardkown\":null,\"Content\":null,\"CustomSegments\":null,\"WikipediaURL\":null,\"DisableLearningFunctions\":false,\"Visibility\":0,\"ParentIds\":[1],\"ChildIds\":null,\"DeleteChangeId\":null,\"DeletedName\":null}',1,2,7,1,'2025-06-18 14:21:36'),(5,1,'{\"PageRelations\":null,\"ImageWasUpdated\":false,\"Name\":\"LearningUser Topic 1\",\"Description\":null,\"PageMardkown\":null,\"Content\":null,\"CustomSegments\":null,\"WikipediaURL\":null,\"DisableLearningFunctions\":false,\"Visibility\":0,\"ParentIds\":null,\"ChildIds\":[2],\"DeleteChangeId\":null,\"DeletedName\":null}',1,2,7,1,'2025-06-18 14:21:36'),(6,1,'{\"PageRelations\":null,\"ImageWasUpdated\":false,\"Name\":\"LearningUser Topic 1\",\"Description\":null,\"PageMardkown\":null,\"Content\":null,\"CustomSegments\":null,\"WikipediaURL\":null,\"DisableLearningFunctions\":false,\"Visibility\":0,\"ParentIds\":null,\"ChildIds\":[2],\"DeleteChangeId\":null,\"DeletedName\":null}',1,2,7,50,'2025-06-18 14:21:36'),(7,2,'{\"PageRelations\":null,\"ImageWasUpdated\":false,\"Name\":\"LearningUser Subtopic 1-1\",\"Description\":null,\"PageMardkown\":null,\"Content\":null,\"CustomSegments\":null,\"WikipediaURL\":null,\"DisableLearningFunctions\":false,\"Visibility\":0,\"ParentIds\":[1],\"ChildIds\":null,\"DeleteChangeId\":null,\"DeletedName\":null}',1,2,7,50,'2025-06-18 14:21:36'),(8,3,'{\"PageRelations\":null,\"ImageWasUpdated\":false,\"Name\":\"LearningUser Subtopic 2-1\",\"Description\":null,\"PageMardkown\":null,\"Content\":null,\"CustomSegments\":null,\"WikipediaURL\":null,\"DisableLearningFunctions\":false,\"Visibility\":0,\"ParentIds\":null,\"ChildIds\":null,\"DeleteChangeId\":null,\"DeletedName\":null}',1,2,0,2,'2025-06-18 14:21:36'),(9,3,'{\"PageRelations\":null,\"ImageWasUpdated\":false,\"Name\":\"LearningUser Subtopic 2-1\",\"Description\":null,\"PageMardkown\":null,\"Content\":null,\"CustomSegments\":null,\"WikipediaURL\":null,\"DisableLearningFunctions\":false,\"Visibility\":0,\"ParentIds\":[2],\"ChildIds\":null,\"DeleteChangeId\":null,\"DeletedName\":null}',1,2,7,1,'2025-06-18 14:21:36'),(10,2,'{\"PageRelations\":null,\"ImageWasUpdated\":false,\"Name\":\"LearningUser Subtopic 1-1\",\"Description\":null,\"PageMardkown\":null,\"Content\":null,\"CustomSegments\":null,\"WikipediaURL\":null,\"DisableLearningFunctions\":false,\"Visibility\":0,\"ParentIds\":[1],\"ChildIds\":[3],\"DeleteChangeId\":null,\"DeletedName\":null}',1,2,7,1,'2025-06-18 14:21:36'),(11,1,'{\"PageRelations\":null,\"ImageWasUpdated\":false,\"Name\":\"LearningUser Topic 1\",\"Description\":null,\"PageMardkown\":null,\"Content\":null,\"CustomSegments\":null,\"WikipediaURL\":null,\"DisableLearningFunctions\":false,\"Visibility\":0,\"ParentIds\":null,\"ChildIds\":[2],\"DeleteChangeId\":null,\"DeletedName\":null}',1,2,7,50,'2025-06-18 14:21:36'),(12,2,'{\"PageRelations\":null,\"ImageWasUpdated\":false,\"Name\":\"LearningUser Subtopic 1-1\",\"Description\":null,\"PageMardkown\":null,\"Content\":null,\"CustomSegments\":null,\"WikipediaURL\":null,\"DisableLearningFunctions\":false,\"Visibility\":0,\"ParentIds\":[1],\"ChildIds\":[3],\"DeleteChangeId\":null,\"DeletedName\":null}',1,2,7,50,'2025-06-18 14:21:36'),(13,3,'{\"PageRelations\":null,\"ImageWasUpdated\":false,\"Name\":\"LearningUser Subtopic 2-1\",\"Description\":null,\"PageMardkown\":null,\"Content\":null,\"CustomSegments\":null,\"WikipediaURL\":null,\"DisableLearningFunctions\":false,\"Visibility\":0,\"ParentIds\":[2],\"ChildIds\":null,\"DeleteChangeId\":null,\"DeletedName\":null}',1,2,7,50,'2025-06-18 14:21:36'),(14,1,'{\"PageRelations\":null,\"ImageWasUpdated\":false,\"Name\":\"LearningUser Topic 1\",\"Description\":null,\"PageMardkown\":null,\"Content\":null,\"CustomSegments\":null,\"WikipediaURL\":null,\"DisableLearningFunctions\":false,\"Visibility\":0,\"ParentIds\":null,\"ChildIds\":[2],\"DeleteChangeId\":null,\"DeletedName\":null}',1,2,7,50,'2025-06-18 14:21:36'),(15,2,'{\"PageRelations\":null,\"ImageWasUpdated\":false,\"Name\":\"LearningUser Subtopic 1-1\",\"Description\":null,\"PageMardkown\":null,\"Content\":null,\"CustomSegments\":null,\"WikipediaURL\":null,\"DisableLearningFunctions\":false,\"Visibility\":0,\"ParentIds\":[1],\"ChildIds\":[3],\"DeleteChangeId\":null,\"DeletedName\":null}',1,2,7,50,'2025-06-18 14:21:36'),(16,3,'{\"PageRelations\":null,\"ImageWasUpdated\":false,\"Name\":\"LearningUser Subtopic 2-1\",\"Description\":null,\"PageMardkown\":null,\"Content\":null,\"CustomSegments\":null,\"WikipediaURL\":null,\"DisableLearningFunctions\":false,\"Visibility\":0,\"ParentIds\":[2],\"ChildIds\":null,\"DeleteChangeId\":null,\"DeletedName\":null}',1,2,7,50,'2025-06-18 14:21:36'),(17,4,'{\"PageRelations\":null,\"ImageWasUpdated\":false,\"Name\":\"ContentCreator Topic 1\",\"Description\":null,\"PageMardkown\":null,\"Content\":null,\"CustomSegments\":null,\"WikipediaURL\":null,\"DisableLearningFunctions\":false,\"Visibility\":0,\"ParentIds\":null,\"ChildIds\":null,\"DeleteChangeId\":null,\"DeletedName\":null}',1,2,0,3,'2025-06-18 14:21:36'),(18,1,'{\"PageRelations\":null,\"ImageWasUpdated\":false,\"Name\":\"LearningUser Topic 1\",\"Description\":null,\"PageMardkown\":null,\"Content\":null,\"CustomSegments\":null,\"WikipediaURL\":null,\"DisableLearningFunctions\":false,\"Visibility\":0,\"ParentIds\":null,\"ChildIds\":[2],\"DeleteChangeId\":null,\"DeletedName\":null}',1,2,7,50,'2025-06-18 14:21:36'),(19,2,'{\"PageRelations\":null,\"ImageWasUpdated\":false,\"Name\":\"LearningUser Subtopic 1-1\",\"Description\":null,\"PageMardkown\":null,\"Content\":null,\"CustomSegments\":null,\"WikipediaURL\":null,\"DisableLearningFunctions\":false,\"Visibility\":0,\"ParentIds\":[1],\"ChildIds\":[3],\"DeleteChangeId\":null,\"DeletedName\":null}',1,2,7,50,'2025-06-18 14:21:36'),(20,3,'{\"PageRelations\":null,\"ImageWasUpdated\":false,\"Name\":\"LearningUser Subtopic 2-1\",\"Description\":null,\"PageMardkown\":null,\"Content\":null,\"CustomSegments\":null,\"WikipediaURL\":null,\"DisableLearningFunctions\":false,\"Visibility\":0,\"ParentIds\":[2],\"ChildIds\":null,\"DeleteChangeId\":null,\"DeletedName\":null}',1,2,7,50,'2025-06-18 14:21:36'),(21,4,'{\"PageRelations\":null,\"ImageWasUpdated\":false,\"Name\":\"ContentCreator Topic 1\",\"Description\":null,\"PageMardkown\":null,\"Content\":null,\"CustomSegments\":null,\"WikipediaURL\":null,\"DisableLearningFunctions\":false,\"Visibility\":0,\"ParentIds\":null,\"ChildIds\":null,\"DeleteChangeId\":null,\"DeletedName\":null}',1,2,7,51,'2025-06-18 14:21:36'),(22,5,'{\"PageRelations\":null,\"ImageWasUpdated\":false,\"Name\":\"ContentCreator Subtopic 4-1\",\"Description\":null,\"PageMardkown\":null,\"Content\":null,\"CustomSegments\":null,\"WikipediaURL\":null,\"DisableLearningFunctions\":false,\"Visibility\":0,\"ParentIds\":null,\"ChildIds\":null,\"DeleteChangeId\":null,\"DeletedName\":null}',1,2,0,3,'2025-06-18 14:21:36'),(23,5,'{\"PageRelations\":null,\"ImageWasUpdated\":false,\"Name\":\"ContentCreator Subtopic 4-1\",\"Description\":null,\"PageMardkown\":null,\"Content\":null,\"CustomSegments\":null,\"WikipediaURL\":null,\"DisableLearningFunctions\":false,\"Visibility\":0,\"ParentIds\":[4],\"ChildIds\":null,\"DeleteChangeId\":null,\"DeletedName\":null}',1,2,7,1,'2025-06-18 14:21:36'),(24,4,'{\"PageRelations\":null,\"ImageWasUpdated\":false,\"Name\":\"ContentCreator Topic 1\",\"Description\":null,\"PageMardkown\":null,\"Content\":null,\"CustomSegments\":null,\"WikipediaURL\":null,\"DisableLearningFunctions\":false,\"Visibility\":0,\"ParentIds\":null,\"ChildIds\":[5],\"DeleteChangeId\":null,\"DeletedName\":null}',1,2,7,1,'2025-06-18 14:21:36'),(25,1,'{\"PageRelations\":null,\"ImageWasUpdated\":false,\"Name\":\"LearningUser Topic 1\",\"Description\":null,\"PageMardkown\":null,\"Content\":null,\"CustomSegments\":null,\"WikipediaURL\":null,\"DisableLearningFunctions\":false,\"Visibility\":0,\"ParentIds\":null,\"ChildIds\":[2],\"DeleteChangeId\":null,\"DeletedName\":null}',1,2,7,50,'2025-06-18 14:21:36'),(26,2,'{\"PageRelations\":null,\"ImageWasUpdated\":false,\"Name\":\"LearningUser Subtopic 1-1\",\"Description\":null,\"PageMardkown\":null,\"Content\":null,\"CustomSegments\":null,\"WikipediaURL\":null,\"DisableLearningFunctions\":false,\"Visibility\":0,\"ParentIds\":[1],\"ChildIds\":[3],\"DeleteChangeId\":null,\"DeletedName\":null}',1,2,7,50,'2025-06-18 14:21:36'),(27,3,'{\"PageRelations\":null,\"ImageWasUpdated\":false,\"Name\":\"LearningUser Subtopic 2-1\",\"Description\":null,\"PageMardkown\":null,\"Content\":null,\"CustomSegments\":null,\"WikipediaURL\":null,\"DisableLearningFunctions\":false,\"Visibility\":0,\"ParentIds\":[2],\"ChildIds\":null,\"DeleteChangeId\":null,\"DeletedName\":null}',1,2,7,50,'2025-06-18 14:21:37'),(28,4,'{\"PageRelations\":null,\"ImageWasUpdated\":false,\"Name\":\"ContentCreator Topic 1\",\"Description\":null,\"PageMardkown\":null,\"Content\":null,\"CustomSegments\":null,\"WikipediaURL\":null,\"DisableLearningFunctions\":false,\"Visibility\":0,\"ParentIds\":null,\"ChildIds\":[5],\"DeleteChangeId\":null,\"DeletedName\":null}',1,2,7,51,'2025-06-18 14:21:37'),(29,5,'{\"PageRelations\":null,\"ImageWasUpdated\":false,\"Name\":\"ContentCreator Subtopic 4-1\",\"Description\":null,\"PageMardkown\":null,\"Content\":null,\"CustomSegments\":null,\"WikipediaURL\":null,\"DisableLearningFunctions\":false,\"Visibility\":0,\"ParentIds\":[4],\"ChildIds\":null,\"DeleteChangeId\":null,\"DeletedName\":null}',1,2,7,51,'2025-06-18 14:21:37'),(30,6,'{\"PageRelations\":null,\"ImageWasUpdated\":false,\"Name\":\"ContentCreator Subtopic 5-1\",\"Description\":null,\"PageMardkown\":null,\"Content\":null,\"CustomSegments\":null,\"WikipediaURL\":null,\"DisableLearningFunctions\":false,\"Visibility\":0,\"ParentIds\":null,\"ChildIds\":null,\"DeleteChangeId\":null,\"DeletedName\":null}',1,2,0,3,'2025-06-18 14:21:37'),(31,6,'{\"PageRelations\":null,\"ImageWasUpdated\":false,\"Name\":\"ContentCreator Subtopic 5-1\",\"Description\":null,\"PageMardkown\":null,\"Content\":null,\"CustomSegments\":null,\"WikipediaURL\":null,\"DisableLearningFunctions\":false,\"Visibility\":0,\"ParentIds\":[5],\"ChildIds\":null,\"DeleteChangeId\":null,\"DeletedName\":null}',1,2,7,1,'2025-06-18 14:21:37'),(32,5,'{\"PageRelations\":null,\"ImageWasUpdated\":false,\"Name\":\"ContentCreator Subtopic 4-1\",\"Description\":null,\"PageMardkown\":null,\"Content\":null,\"CustomSegments\":null,\"WikipediaURL\":null,\"DisableLearningFunctions\":false,\"Visibility\":0,\"ParentIds\":[4],\"ChildIds\":[6],\"DeleteChangeId\":null,\"DeletedName\":null}',1,2,7,1,'2025-06-18 14:21:37'),(33,1,'{\"PageRelations\":null,\"ImageWasUpdated\":false,\"Name\":\"LearningUser Topic 1\",\"Description\":null,\"PageMardkown\":null,\"Content\":null,\"CustomSegments\":null,\"WikipediaURL\":null,\"DisableLearningFunctions\":false,\"Visibility\":0,\"ParentIds\":null,\"ChildIds\":[2],\"DeleteChangeId\":null,\"DeletedName\":null}',1,2,7,50,'2025-06-18 14:21:37'),(34,2,'{\"PageRelations\":null,\"ImageWasUpdated\":false,\"Name\":\"LearningUser Subtopic 1-1\",\"Description\":null,\"PageMardkown\":null,\"Content\":null,\"CustomSegments\":null,\"WikipediaURL\":null,\"DisableLearningFunctions\":false,\"Visibility\":0,\"ParentIds\":[1],\"ChildIds\":[3],\"DeleteChangeId\":null,\"DeletedName\":null}',1,2,7,50,'2025-06-18 14:21:37'),(35,3,'{\"PageRelations\":null,\"ImageWasUpdated\":false,\"Name\":\"LearningUser Subtopic 2-1\",\"Description\":null,\"PageMardkown\":null,\"Content\":null,\"CustomSegments\":null,\"WikipediaURL\":null,\"DisableLearningFunctions\":false,\"Visibility\":0,\"ParentIds\":[2],\"ChildIds\":null,\"DeleteChangeId\":null,\"DeletedName\":null}',1,2,7,50,'2025-06-18 14:21:37'),(36,4,'{\"PageRelations\":null,\"ImageWasUpdated\":false,\"Name\":\"ContentCreator Topic 1\",\"Description\":null,\"PageMardkown\":null,\"Content\":null,\"CustomSegments\":null,\"WikipediaURL\":null,\"DisableLearningFunctions\":false,\"Visibility\":0,\"ParentIds\":null,\"ChildIds\":[5],\"DeleteChangeId\":null,\"DeletedName\":null}',1,2,7,51,'2025-06-18 14:21:37'),(37,5,'{\"PageRelations\":null,\"ImageWasUpdated\":false,\"Name\":\"ContentCreator Subtopic 4-1\",\"Description\":null,\"PageMardkown\":null,\"Content\":null,\"CustomSegments\":null,\"WikipediaURL\":null,\"DisableLearningFunctions\":false,\"Visibility\":0,\"ParentIds\":[4],\"ChildIds\":[6],\"DeleteChangeId\":null,\"DeletedName\":null}',1,2,7,51,'2025-06-18 14:21:37'),(38,6,'{\"PageRelations\":null,\"ImageWasUpdated\":false,\"Name\":\"ContentCreator Subtopic 5-1\",\"Description\":null,\"PageMardkown\":null,\"Content\":null,\"CustomSegments\":null,\"WikipediaURL\":null,\"DisableLearningFunctions\":false,\"Visibility\":0,\"ParentIds\":[5],\"ChildIds\":null,\"DeleteChangeId\":null,\"DeletedName\":null}',1,2,7,51,'2025-06-18 14:21:37'),(39,7,'{\"PageRelations\":null,\"ImageWasUpdated\":false,\"Name\":\"ContentCreator Subtopic 5-2\",\"Description\":null,\"PageMardkown\":null,\"Content\":null,\"CustomSegments\":null,\"WikipediaURL\":null,\"DisableLearningFunctions\":false,\"Visibility\":0,\"ParentIds\":null,\"ChildIds\":null,\"DeleteChangeId\":null,\"DeletedName\":null}',1,2,0,3,'2025-06-18 14:21:37'),(40,7,'{\"PageRelations\":null,\"ImageWasUpdated\":false,\"Name\":\"ContentCreator Subtopic 5-2\",\"Description\":null,\"PageMardkown\":null,\"Content\":null,\"CustomSegments\":null,\"WikipediaURL\":null,\"DisableLearningFunctions\":false,\"Visibility\":0,\"ParentIds\":[5],\"ChildIds\":null,\"DeleteChangeId\":null,\"DeletedName\":null}',1,2,7,1,'2025-06-18 14:21:37'),(41,5,'{\"PageRelations\":null,\"ImageWasUpdated\":false,\"Name\":\"ContentCreator Subtopic 4-1\",\"Description\":null,\"PageMardkown\":null,\"Content\":null,\"CustomSegments\":null,\"WikipediaURL\":null,\"DisableLearningFunctions\":false,\"Visibility\":0,\"ParentIds\":[4],\"ChildIds\":[6,7],\"DeleteChangeId\":null,\"DeletedName\":null}',1,2,7,1,'2025-06-18 14:21:37'),(42,1,'{\"PageRelations\":null,\"ImageWasUpdated\":false,\"Name\":\"LearningUser Topic 1\",\"Description\":null,\"PageMardkown\":null,\"Content\":null,\"CustomSegments\":null,\"WikipediaURL\":null,\"DisableLearningFunctions\":false,\"Visibility\":0,\"ParentIds\":null,\"ChildIds\":[2],\"DeleteChangeId\":null,\"DeletedName\":null}',1,2,7,50,'2025-06-18 14:21:37'),(43,2,'{\"PageRelations\":null,\"ImageWasUpdated\":false,\"Name\":\"LearningUser Subtopic 1-1\",\"Description\":null,\"PageMardkown\":null,\"Content\":null,\"CustomSegments\":null,\"WikipediaURL\":null,\"DisableLearningFunctions\":false,\"Visibility\":0,\"ParentIds\":[1],\"ChildIds\":[3],\"DeleteChangeId\":null,\"DeletedName\":null}',1,2,7,50,'2025-06-18 14:21:37'),(44,3,'{\"PageRelations\":null,\"ImageWasUpdated\":false,\"Name\":\"LearningUser Subtopic 2-1\",\"Description\":null,\"PageMardkown\":null,\"Content\":null,\"CustomSegments\":null,\"WikipediaURL\":null,\"DisableLearningFunctions\":false,\"Visibility\":0,\"ParentIds\":[2],\"ChildIds\":null,\"DeleteChangeId\":null,\"DeletedName\":null}',1,2,7,50,'2025-06-18 14:21:37'),(45,4,'{\"PageRelations\":null,\"ImageWasUpdated\":false,\"Name\":\"ContentCreator Topic 1\",\"Description\":null,\"PageMardkown\":null,\"Content\":null,\"CustomSegments\":null,\"WikipediaURL\":null,\"DisableLearningFunctions\":false,\"Visibility\":0,\"ParentIds\":null,\"ChildIds\":[5],\"DeleteChangeId\":null,\"DeletedName\":null}',1,2,7,51,'2025-06-18 14:21:37'),(46,5,'{\"PageRelations\":null,\"ImageWasUpdated\":false,\"Name\":\"ContentCreator Subtopic 4-1\",\"Description\":null,\"PageMardkown\":null,\"Content\":null,\"CustomSegments\":null,\"WikipediaURL\":null,\"DisableLearningFunctions\":false,\"Visibility\":0,\"ParentIds\":[4],\"ChildIds\":[6,7],\"DeleteChangeId\":null,\"DeletedName\":null}',1,2,7,51,'2025-06-18 14:21:37'),(47,6,'{\"PageRelations\":null,\"ImageWasUpdated\":false,\"Name\":\"ContentCreator Subtopic 5-1\",\"Description\":null,\"PageMardkown\":null,\"Content\":null,\"CustomSegments\":null,\"WikipediaURL\":null,\"DisableLearningFunctions\":false,\"Visibility\":0,\"ParentIds\":[5],\"ChildIds\":null,\"DeleteChangeId\":null,\"DeletedName\":null}',1,2,7,51,'2025-06-18 14:21:37'),(48,7,'{\"PageRelations\":null,\"ImageWasUpdated\":false,\"Name\":\"ContentCreator Subtopic 5-2\",\"Description\":null,\"PageMardkown\":null,\"Content\":null,\"CustomSegments\":null,\"WikipediaURL\":null,\"DisableLearningFunctions\":false,\"Visibility\":0,\"ParentIds\":[5],\"ChildIds\":null,\"DeleteChangeId\":null,\"DeletedName\":null}',1,2,7,51,'2025-06-18 14:21:37'),(49,8,'{\"PageRelations\":null,\"ImageWasUpdated\":false,\"Name\":\"ContentCreator Subtopic 4-2\",\"Description\":null,\"PageMardkown\":null,\"Content\":null,\"CustomSegments\":null,\"WikipediaURL\":null,\"DisableLearningFunctions\":false,\"Visibility\":0,\"ParentIds\":null,\"ChildIds\":null,\"DeleteChangeId\":null,\"DeletedName\":null}',1,2,0,3,'2025-06-18 14:21:37'),(50,8,'{\"PageRelations\":null,\"ImageWasUpdated\":false,\"Name\":\"ContentCreator Subtopic 4-2\",\"Description\":null,\"PageMardkown\":null,\"Content\":null,\"CustomSegments\":null,\"WikipediaURL\":null,\"DisableLearningFunctions\":false,\"Visibility\":0,\"ParentIds\":[4],\"ChildIds\":null,\"DeleteChangeId\":null,\"DeletedName\":null}',1,2,7,1,'2025-06-18 14:21:37'),(51,4,'{\"PageRelations\":null,\"ImageWasUpdated\":false,\"Name\":\"ContentCreator Topic 1\",\"Description\":null,\"PageMardkown\":null,\"Content\":null,\"CustomSegments\":null,\"WikipediaURL\":null,\"DisableLearningFunctions\":false,\"Visibility\":0,\"ParentIds\":null,\"ChildIds\":[5,8],\"DeleteChangeId\":null,\"DeletedName\":null}',1,2,7,1,'2025-06-18 14:21:37'),(52,1,'{\"PageRelations\":null,\"ImageWasUpdated\":false,\"Name\":\"LearningUser Topic 1\",\"Description\":null,\"PageMardkown\":null,\"Content\":null,\"CustomSegments\":null,\"WikipediaURL\":null,\"DisableLearningFunctions\":false,\"Visibility\":0,\"ParentIds\":null,\"ChildIds\":[2],\"DeleteChangeId\":null,\"DeletedName\":null}',1,2,7,50,'2025-06-18 14:21:37'),(53,2,'{\"PageRelations\":null,\"ImageWasUpdated\":false,\"Name\":\"LearningUser Subtopic 1-1\",\"Description\":null,\"PageMardkown\":null,\"Content\":null,\"CustomSegments\":null,\"WikipediaURL\":null,\"DisableLearningFunctions\":false,\"Visibility\":0,\"ParentIds\":[1],\"ChildIds\":[3],\"DeleteChangeId\":null,\"DeletedName\":null}',1,2,7,50,'2025-06-18 14:21:37'),(54,3,'{\"PageRelations\":null,\"ImageWasUpdated\":false,\"Name\":\"LearningUser Subtopic 2-1\",\"Description\":null,\"PageMardkown\":null,\"Content\":null,\"CustomSegments\":null,\"WikipediaURL\":null,\"DisableLearningFunctions\":false,\"Visibility\":0,\"ParentIds\":[2],\"ChildIds\":null,\"DeleteChangeId\":null,\"DeletedName\":null}',1,2,7,50,'2025-06-18 14:21:37'),(55,4,'{\"PageRelations\":null,\"ImageWasUpdated\":false,\"Name\":\"ContentCreator Topic 1\",\"Description\":null,\"PageMardkown\":null,\"Content\":null,\"CustomSegments\":null,\"WikipediaURL\":null,\"DisableLearningFunctions\":false,\"Visibility\":0,\"ParentIds\":null,\"ChildIds\":[5,8],\"DeleteChangeId\":null,\"DeletedName\":null}',1,2,7,51,'2025-06-18 14:21:37'),(56,5,'{\"PageRelations\":null,\"ImageWasUpdated\":false,\"Name\":\"ContentCreator Subtopic 4-1\",\"Description\":null,\"PageMardkown\":null,\"Content\":null,\"CustomSegments\":null,\"WikipediaURL\":null,\"DisableLearningFunctions\":false,\"Visibility\":0,\"ParentIds\":[4],\"ChildIds\":[6,7],\"DeleteChangeId\":null,\"DeletedName\":null}',1,2,7,51,'2025-06-18 14:21:37'),(57,6,'{\"PageRelations\":null,\"ImageWasUpdated\":false,\"Name\":\"ContentCreator Subtopic 5-1\",\"Description\":null,\"PageMardkown\":null,\"Content\":null,\"CustomSegments\":null,\"WikipediaURL\":null,\"DisableLearningFunctions\":false,\"Visibility\":0,\"ParentIds\":[5],\"ChildIds\":null,\"DeleteChangeId\":null,\"DeletedName\":null}',1,2,7,51,'2025-06-18 14:21:37'),(58,7,'{\"PageRelations\":null,\"ImageWasUpdated\":false,\"Name\":\"ContentCreator Subtopic 5-2\",\"Description\":null,\"PageMardkown\":null,\"Content\":null,\"CustomSegments\":null,\"WikipediaURL\":null,\"DisableLearningFunctions\":false,\"Visibility\":0,\"ParentIds\":[5],\"ChildIds\":null,\"DeleteChangeId\":null,\"DeletedName\":null}',1,2,7,51,'2025-06-18 14:21:37'),(59,8,'{\"PageRelations\":null,\"ImageWasUpdated\":false,\"Name\":\"ContentCreator Subtopic 4-2\",\"Description\":null,\"PageMardkown\":null,\"Content\":null,\"CustomSegments\":null,\"WikipediaURL\":null,\"DisableLearningFunctions\":false,\"Visibility\":0,\"ParentIds\":[4],\"ChildIds\":null,\"DeleteChangeId\":null,\"DeletedName\":null}',1,2,7,51,'2025-06-18 14:21:37'),(60,9,'{\"PageRelations\":null,\"ImageWasUpdated\":false,\"Name\":\"ContentCreator Subtopic 8-1\",\"Description\":null,\"PageMardkown\":null,\"Content\":null,\"CustomSegments\":null,\"WikipediaURL\":null,\"DisableLearningFunctions\":false,\"Visibility\":0,\"ParentIds\":null,\"ChildIds\":null,\"DeleteChangeId\":null,\"DeletedName\":null}',1,2,0,3,'2025-06-18 14:21:37'),(61,9,'{\"PageRelations\":null,\"ImageWasUpdated\":false,\"Name\":\"ContentCreator Subtopic 8-1\",\"Description\":null,\"PageMardkown\":null,\"Content\":null,\"CustomSegments\":null,\"WikipediaURL\":null,\"DisableLearningFunctions\":false,\"Visibility\":0,\"ParentIds\":[8],\"ChildIds\":null,\"DeleteChangeId\":null,\"DeletedName\":null}',1,2,7,1,'2025-06-18 14:21:37'),(62,8,'{\"PageRelations\":null,\"ImageWasUpdated\":false,\"Name\":\"ContentCreator Subtopic 4-2\",\"Description\":null,\"PageMardkown\":null,\"Content\":null,\"CustomSegments\":null,\"WikipediaURL\":null,\"DisableLearningFunctions\":false,\"Visibility\":0,\"ParentIds\":[4],\"ChildIds\":[9],\"DeleteChangeId\":null,\"DeletedName\":null}',1,2,7,1,'2025-06-18 14:21:37'),(63,1,'{\"PageRelations\":null,\"ImageWasUpdated\":false,\"Name\":\"LearningUser Topic 1\",\"Description\":null,\"PageMardkown\":null,\"Content\":null,\"CustomSegments\":null,\"WikipediaURL\":null,\"DisableLearningFunctions\":false,\"Visibility\":0,\"ParentIds\":null,\"ChildIds\":[2],\"DeleteChangeId\":null,\"DeletedName\":null}',1,2,7,50,'2025-06-18 14:21:38'),(64,2,'{\"PageRelations\":null,\"ImageWasUpdated\":false,\"Name\":\"LearningUser Subtopic 1-1\",\"Description\":null,\"PageMardkown\":null,\"Content\":null,\"CustomSegments\":null,\"WikipediaURL\":null,\"DisableLearningFunctions\":false,\"Visibility\":0,\"ParentIds\":[1],\"ChildIds\":[3],\"DeleteChangeId\":null,\"DeletedName\":null}',1,2,7,50,'2025-06-18 14:21:38'),(65,3,'{\"PageRelations\":null,\"ImageWasUpdated\":false,\"Name\":\"LearningUser Subtopic 2-1\",\"Description\":null,\"PageMardkown\":null,\"Content\":null,\"CustomSegments\":null,\"WikipediaURL\":null,\"DisableLearningFunctions\":false,\"Visibility\":0,\"ParentIds\":[2],\"ChildIds\":null,\"DeleteChangeId\":null,\"DeletedName\":null}',1,2,7,50,'2025-06-18 14:21:38'),(66,4,'{\"PageRelations\":null,\"ImageWasUpdated\":false,\"Name\":\"ContentCreator Topic 1\",\"Description\":null,\"PageMardkown\":null,\"Content\":null,\"CustomSegments\":null,\"WikipediaURL\":null,\"DisableLearningFunctions\":false,\"Visibility\":0,\"ParentIds\":null,\"ChildIds\":[5,8],\"DeleteChangeId\":null,\"DeletedName\":null}',1,2,7,51,'2025-06-18 14:21:38'),(67,5,'{\"PageRelations\":null,\"ImageWasUpdated\":false,\"Name\":\"ContentCreator Subtopic 4-1\",\"Description\":null,\"PageMardkown\":null,\"Content\":null,\"CustomSegments\":null,\"WikipediaURL\":null,\"DisableLearningFunctions\":false,\"Visibility\":0,\"ParentIds\":[4],\"ChildIds\":[6,7],\"DeleteChangeId\":null,\"DeletedName\":null}',1,2,7,51,'2025-06-18 14:21:38'),(68,6,'{\"PageRelations\":null,\"ImageWasUpdated\":false,\"Name\":\"ContentCreator Subtopic 5-1\",\"Description\":null,\"PageMardkown\":null,\"Content\":null,\"CustomSegments\":null,\"WikipediaURL\":null,\"DisableLearningFunctions\":false,\"Visibility\":0,\"ParentIds\":[5],\"ChildIds\":null,\"DeleteChangeId\":null,\"DeletedName\":null}',1,2,7,51,'2025-06-18 14:21:38'),(69,7,'{\"PageRelations\":null,\"ImageWasUpdated\":false,\"Name\":\"ContentCreator Subtopic 5-2\",\"Description\":null,\"PageMardkown\":null,\"Content\":null,\"CustomSegments\":null,\"WikipediaURL\":null,\"DisableLearningFunctions\":false,\"Visibility\":0,\"ParentIds\":[5],\"ChildIds\":null,\"DeleteChangeId\":null,\"DeletedName\":null}',1,2,7,51,'2025-06-18 14:21:38'),(70,8,'{\"PageRelations\":null,\"ImageWasUpdated\":false,\"Name\":\"ContentCreator Subtopic 4-2\",\"Description\":null,\"PageMardkown\":null,\"Content\":null,\"CustomSegments\":null,\"WikipediaURL\":null,\"DisableLearningFunctions\":false,\"Visibility\":0,\"ParentIds\":[4],\"ChildIds\":[9],\"DeleteChangeId\":null,\"DeletedName\":null}',1,2,7,51,'2025-06-18 14:21:38'),(71,9,'{\"PageRelations\":null,\"ImageWasUpdated\":false,\"Name\":\"ContentCreator Subtopic 8-1\",\"Description\":null,\"PageMardkown\":null,\"Content\":null,\"CustomSegments\":null,\"WikipediaURL\":null,\"DisableLearningFunctions\":false,\"Visibility\":0,\"ParentIds\":[8],\"ChildIds\":null,\"DeleteChangeId\":null,\"DeletedName\":null}',1,2,7,51,'2025-06-18 14:21:38'),(72,10,'{\"PageRelations\":null,\"ImageWasUpdated\":false,\"Name\":\"ContentCreator Subtopic 8-2\",\"Description\":null,\"PageMardkown\":null,\"Content\":null,\"CustomSegments\":null,\"WikipediaURL\":null,\"DisableLearningFunctions\":false,\"Visibility\":0,\"ParentIds\":null,\"ChildIds\":null,\"DeleteChangeId\":null,\"DeletedName\":null}',1,2,0,3,'2025-06-18 14:21:38'),(73,10,'{\"PageRelations\":null,\"ImageWasUpdated\":false,\"Name\":\"ContentCreator Subtopic 8-2\",\"Description\":null,\"PageMardkown\":null,\"Content\":null,\"CustomSegments\":null,\"WikipediaURL\":null,\"DisableLearningFunctions\":false,\"Visibility\":0,\"ParentIds\":[8],\"ChildIds\":null,\"DeleteChangeId\":null,\"DeletedName\":null}',1,2,7,1,'2025-06-18 14:21:38'),(74,8,'{\"PageRelations\":null,\"ImageWasUpdated\":false,\"Name\":\"ContentCreator Subtopic 4-2\",\"Description\":null,\"PageMardkown\":null,\"Content\":null,\"CustomSegments\":null,\"WikipediaURL\":null,\"DisableLearningFunctions\":false,\"Visibility\":0,\"ParentIds\":[4],\"ChildIds\":[9,10],\"DeleteChangeId\":null,\"DeletedName\":null}',1,2,7,1,'2025-06-18 14:21:38'),(75,1,'{\"PageRelations\":null,\"ImageWasUpdated\":false,\"Name\":\"LearningUser Topic 1\",\"Description\":null,\"PageMardkown\":null,\"Content\":null,\"CustomSegments\":null,\"WikipediaURL\":null,\"DisableLearningFunctions\":false,\"Visibility\":0,\"ParentIds\":null,\"ChildIds\":[2],\"DeleteChangeId\":null,\"DeletedName\":null}',1,2,7,50,'2025-06-18 14:21:38'),(76,2,'{\"PageRelations\":null,\"ImageWasUpdated\":false,\"Name\":\"LearningUser Subtopic 1-1\",\"Description\":null,\"PageMardkown\":null,\"Content\":null,\"CustomSegments\":null,\"WikipediaURL\":null,\"DisableLearningFunctions\":false,\"Visibility\":0,\"ParentIds\":[1],\"ChildIds\":[3],\"DeleteChangeId\":null,\"DeletedName\":null}',1,2,7,50,'2025-06-18 14:21:38'),(77,3,'{\"PageRelations\":null,\"ImageWasUpdated\":false,\"Name\":\"LearningUser Subtopic 2-1\",\"Description\":null,\"PageMardkown\":null,\"Content\":null,\"CustomSegments\":null,\"WikipediaURL\":null,\"DisableLearningFunctions\":false,\"Visibility\":0,\"ParentIds\":[2],\"ChildIds\":null,\"DeleteChangeId\":null,\"DeletedName\":null}',1,2,7,50,'2025-06-18 14:21:38'),(78,4,'{\"PageRelations\":null,\"ImageWasUpdated\":false,\"Name\":\"ContentCreator Topic 1\",\"Description\":null,\"PageMardkown\":null,\"Content\":null,\"CustomSegments\":null,\"WikipediaURL\":null,\"DisableLearningFunctions\":false,\"Visibility\":0,\"ParentIds\":null,\"ChildIds\":[5,8],\"DeleteChangeId\":null,\"DeletedName\":null}',1,2,7,51,'2025-06-18 14:21:38'),(79,5,'{\"PageRelations\":null,\"ImageWasUpdated\":false,\"Name\":\"ContentCreator Subtopic 4-1\",\"Description\":null,\"PageMardkown\":null,\"Content\":null,\"CustomSegments\":null,\"WikipediaURL\":null,\"DisableLearningFunctions\":false,\"Visibility\":0,\"ParentIds\":[4],\"ChildIds\":[6,7],\"DeleteChangeId\":null,\"DeletedName\":null}',1,2,7,51,'2025-06-18 14:21:38'),(80,6,'{\"PageRelations\":null,\"ImageWasUpdated\":false,\"Name\":\"ContentCreator Subtopic 5-1\",\"Description\":null,\"PageMardkown\":null,\"Content\":null,\"CustomSegments\":null,\"WikipediaURL\":null,\"DisableLearningFunctions\":false,\"Visibility\":0,\"ParentIds\":[5],\"ChildIds\":null,\"DeleteChangeId\":null,\"DeletedName\":null}',1,2,7,51,'2025-06-18 14:21:38'),(81,7,'{\"PageRelations\":null,\"ImageWasUpdated\":false,\"Name\":\"ContentCreator Subtopic 5-2\",\"Description\":null,\"PageMardkown\":null,\"Content\":null,\"CustomSegments\":null,\"WikipediaURL\":null,\"DisableLearningFunctions\":false,\"Visibility\":0,\"ParentIds\":[5],\"ChildIds\":null,\"DeleteChangeId\":null,\"DeletedName\":null}',1,2,7,51,'2025-06-18 14:21:38'),(82,8,'{\"PageRelations\":null,\"ImageWasUpdated\":false,\"Name\":\"ContentCreator Subtopic 4-2\",\"Description\":null,\"PageMardkown\":null,\"Content\":null,\"CustomSegments\":null,\"WikipediaURL\":null,\"DisableLearningFunctions\":false,\"Visibility\":0,\"ParentIds\":[4],\"ChildIds\":[9,10],\"DeleteChangeId\":null,\"DeletedName\":null}',1,2,7,51,'2025-06-18 14:21:38'),(83,9,'{\"PageRelations\":null,\"ImageWasUpdated\":false,\"Name\":\"ContentCreator Subtopic 8-1\",\"Description\":null,\"PageMardkown\":null,\"Content\":null,\"CustomSegments\":null,\"WikipediaURL\":null,\"DisableLearningFunctions\":false,\"Visibility\":0,\"ParentIds\":[8],\"ChildIds\":null,\"DeleteChangeId\":null,\"DeletedName\":null}',1,2,7,51,'2025-06-18 14:21:38'),(84,10,'{\"PageRelations\":null,\"ImageWasUpdated\":false,\"Name\":\"ContentCreator Subtopic 8-2\",\"Description\":null,\"PageMardkown\":null,\"Content\":null,\"CustomSegments\":null,\"WikipediaURL\":null,\"DisableLearningFunctions\":false,\"Visibility\":0,\"ParentIds\":[8],\"ChildIds\":null,\"DeleteChangeId\":null,\"DeletedName\":null}',1,2,7,51,'2025-06-18 14:21:38'),(85,11,'{\"PageRelations\":null,\"ImageWasUpdated\":false,\"Name\":\"ContentCreator Subtopic 8-3\",\"Description\":null,\"PageMardkown\":null,\"Content\":null,\"CustomSegments\":null,\"WikipediaURL\":null,\"DisableLearningFunctions\":false,\"Visibility\":0,\"ParentIds\":null,\"ChildIds\":null,\"DeleteChangeId\":null,\"DeletedName\":null}',1,2,0,3,'2025-06-18 14:21:38'),(86,11,'{\"PageRelations\":null,\"ImageWasUpdated\":false,\"Name\":\"ContentCreator Subtopic 8-3\",\"Description\":null,\"PageMardkown\":null,\"Content\":null,\"CustomSegments\":null,\"WikipediaURL\":null,\"DisableLearningFunctions\":false,\"Visibility\":0,\"ParentIds\":[8],\"ChildIds\":null,\"DeleteChangeId\":null,\"DeletedName\":null}',1,2,7,1,'2025-06-18 14:21:38'),(87,8,'{\"PageRelations\":null,\"ImageWasUpdated\":false,\"Name\":\"ContentCreator Subtopic 4-2\",\"Description\":null,\"PageMardkown\":null,\"Content\":null,\"CustomSegments\":null,\"WikipediaURL\":null,\"DisableLearningFunctions\":false,\"Visibility\":0,\"ParentIds\":[4],\"ChildIds\":[9,10,11],\"DeleteChangeId\":null,\"DeletedName\":null}',1,2,7,1,'2025-06-18 14:21:38'),(88,1,'{\"PageRelations\":null,\"ImageWasUpdated\":false,\"Name\":\"LearningUser Topic 1\",\"Description\":null,\"PageMardkown\":null,\"Content\":null,\"CustomSegments\":null,\"WikipediaURL\":null,\"DisableLearningFunctions\":false,\"Visibility\":0,\"ParentIds\":null,\"ChildIds\":[2],\"DeleteChangeId\":null,\"DeletedName\":null}',1,2,7,50,'2025-06-18 14:21:38'),(89,2,'{\"PageRelations\":null,\"ImageWasUpdated\":false,\"Name\":\"LearningUser Subtopic 1-1\",\"Description\":null,\"PageMardkown\":null,\"Content\":null,\"CustomSegments\":null,\"WikipediaURL\":null,\"DisableLearningFunctions\":false,\"Visibility\":0,\"ParentIds\":[1],\"ChildIds\":[3],\"DeleteChangeId\":null,\"DeletedName\":null}',1,2,7,50,'2025-06-18 14:21:38'),(90,3,'{\"PageRelations\":null,\"ImageWasUpdated\":false,\"Name\":\"LearningUser Subtopic 2-1\",\"Description\":null,\"PageMardkown\":null,\"Content\":null,\"CustomSegments\":null,\"WikipediaURL\":null,\"DisableLearningFunctions\":false,\"Visibility\":0,\"ParentIds\":[2],\"ChildIds\":null,\"DeleteChangeId\":null,\"DeletedName\":null}',1,2,7,50,'2025-06-18 14:21:38'),(91,4,'{\"PageRelations\":null,\"ImageWasUpdated\":false,\"Name\":\"ContentCreator Topic 1\",\"Description\":null,\"PageMardkown\":null,\"Content\":null,\"CustomSegments\":null,\"WikipediaURL\":null,\"DisableLearningFunctions\":false,\"Visibility\":0,\"ParentIds\":null,\"ChildIds\":[5,8],\"DeleteChangeId\":null,\"DeletedName\":null}',1,2,7,51,'2025-06-18 14:21:38'),(92,5,'{\"PageRelations\":null,\"ImageWasUpdated\":false,\"Name\":\"ContentCreator Subtopic 4-1\",\"Description\":null,\"PageMardkown\":null,\"Content\":null,\"CustomSegments\":null,\"WikipediaURL\":null,\"DisableLearningFunctions\":false,\"Visibility\":0,\"ParentIds\":[4],\"ChildIds\":[6,7],\"DeleteChangeId\":null,\"DeletedName\":null}',1,2,7,51,'2025-06-18 14:21:38'),(93,6,'{\"PageRelations\":null,\"ImageWasUpdated\":false,\"Name\":\"ContentCreator Subtopic 5-1\",\"Description\":null,\"PageMardkown\":null,\"Content\":null,\"CustomSegments\":null,\"WikipediaURL\":null,\"DisableLearningFunctions\":false,\"Visibility\":0,\"ParentIds\":[5],\"ChildIds\":null,\"DeleteChangeId\":null,\"DeletedName\":null}',1,2,7,51,'2025-06-18 14:21:38'),(94,7,'{\"PageRelations\":null,\"ImageWasUpdated\":false,\"Name\":\"ContentCreator Subtopic 5-2\",\"Description\":null,\"PageMardkown\":null,\"Content\":null,\"CustomSegments\":null,\"WikipediaURL\":null,\"DisableLearningFunctions\":false,\"Visibility\":0,\"ParentIds\":[5],\"ChildIds\":null,\"DeleteChangeId\":null,\"DeletedName\":null}',1,2,7,51,'2025-06-18 14:21:38'),(95,8,'{\"PageRelations\":null,\"ImageWasUpdated\":false,\"Name\":\"ContentCreator Subtopic 4-2\",\"Description\":null,\"PageMardkown\":null,\"Content\":null,\"CustomSegments\":null,\"WikipediaURL\":null,\"DisableLearningFunctions\":false,\"Visibility\":0,\"ParentIds\":[4],\"ChildIds\":[9,10,11],\"DeleteChangeId\":null,\"DeletedName\":null}',1,2,7,51,'2025-06-18 14:21:38'),(96,9,'{\"PageRelations\":null,\"ImageWasUpdated\":false,\"Name\":\"ContentCreator Subtopic 8-1\",\"Description\":null,\"PageMardkown\":null,\"Content\":null,\"CustomSegments\":null,\"WikipediaURL\":null,\"DisableLearningFunctions\":false,\"Visibility\":0,\"ParentIds\":[8],\"ChildIds\":null,\"DeleteChangeId\":null,\"DeletedName\":null}',1,2,7,51,'2025-06-18 14:21:38'),(97,10,'{\"PageRelations\":null,\"ImageWasUpdated\":false,\"Name\":\"ContentCreator Subtopic 8-2\",\"Description\":null,\"PageMardkown\":null,\"Content\":null,\"CustomSegments\":null,\"WikipediaURL\":null,\"DisableLearningFunctions\":false,\"Visibility\":0,\"ParentIds\":[8],\"ChildIds\":null,\"DeleteChangeId\":null,\"DeletedName\":null}',1,2,7,51,'2025-06-18 14:21:38'),(98,11,'{\"PageRelations\":null,\"ImageWasUpdated\":false,\"Name\":\"ContentCreator Subtopic 8-3\",\"Description\":null,\"PageMardkown\":null,\"Content\":null,\"CustomSegments\":null,\"WikipediaURL\":null,\"DisableLearningFunctions\":false,\"Visibility\":0,\"ParentIds\":[8],\"ChildIds\":null,\"DeleteChangeId\":null,\"DeletedName\":null}',1,2,7,51,'2025-06-18 14:21:38'),(99,12,'{\"PageRelations\":null,\"ImageWasUpdated\":false,\"Name\":\"ContentCreator Subtopic 4-3\",\"Description\":null,\"PageMardkown\":null,\"Content\":null,\"CustomSegments\":null,\"WikipediaURL\":null,\"DisableLearningFunctions\":false,\"Visibility\":0,\"ParentIds\":null,\"ChildIds\":null,\"DeleteChangeId\":null,\"DeletedName\":null}',1,2,0,3,'2025-06-18 14:21:39'),(100,12,'{\"PageRelations\":null,\"ImageWasUpdated\":false,\"Name\":\"ContentCreator Subtopic 4-3\",\"Description\":null,\"PageMardkown\":null,\"Content\":null,\"CustomSegments\":null,\"WikipediaURL\":null,\"DisableLearningFunctions\":false,\"Visibility\":0,\"ParentIds\":[4],\"ChildIds\":null,\"DeleteChangeId\":null,\"DeletedName\":null}',1,2,7,1,'2025-06-18 14:21:39'),(101,4,'{\"PageRelations\":null,\"ImageWasUpdated\":false,\"Name\":\"ContentCreator Topic 1\",\"Description\":null,\"PageMardkown\":null,\"Content\":null,\"CustomSegments\":null,\"WikipediaURL\":null,\"DisableLearningFunctions\":false,\"Visibility\":0,\"ParentIds\":null,\"ChildIds\":[5,8,12],\"DeleteChangeId\":null,\"DeletedName\":null}',1,2,7,1,'2025-06-18 14:21:39'),(102,1,'{\"PageRelations\":null,\"ImageWasUpdated\":false,\"Name\":\"LearningUser Topic 1\",\"Description\":null,\"PageMardkown\":null,\"Content\":null,\"CustomSegments\":null,\"WikipediaURL\":null,\"DisableLearningFunctions\":false,\"Visibility\":0,\"ParentIds\":null,\"ChildIds\":[2],\"DeleteChangeId\":null,\"DeletedName\":null}',1,2,7,50,'2025-06-18 14:21:39'),(103,2,'{\"PageRelations\":null,\"ImageWasUpdated\":false,\"Name\":\"LearningUser Subtopic 1-1\",\"Description\":null,\"PageMardkown\":null,\"Content\":null,\"CustomSegments\":null,\"WikipediaURL\":null,\"DisableLearningFunctions\":false,\"Visibility\":0,\"ParentIds\":[1],\"ChildIds\":[3],\"DeleteChangeId\":null,\"DeletedName\":null}',1,2,7,50,'2025-06-18 14:21:39'),(104,3,'{\"PageRelations\":null,\"ImageWasUpdated\":false,\"Name\":\"LearningUser Subtopic 2-1\",\"Description\":null,\"PageMardkown\":null,\"Content\":null,\"CustomSegments\":null,\"WikipediaURL\":null,\"DisableLearningFunctions\":false,\"Visibility\":0,\"ParentIds\":[2],\"ChildIds\":null,\"DeleteChangeId\":null,\"DeletedName\":null}',1,2,7,50,'2025-06-18 14:21:39'),(105,4,'{\"PageRelations\":null,\"ImageWasUpdated\":false,\"Name\":\"ContentCreator Topic 1\",\"Description\":null,\"PageMardkown\":null,\"Content\":null,\"CustomSegments\":null,\"WikipediaURL\":null,\"DisableLearningFunctions\":false,\"Visibility\":0,\"ParentIds\":null,\"ChildIds\":[5,8,12],\"DeleteChangeId\":null,\"DeletedName\":null}',1,2,7,51,'2025-06-18 14:21:39'),(106,5,'{\"PageRelations\":null,\"ImageWasUpdated\":false,\"Name\":\"ContentCreator Subtopic 4-1\",\"Description\":null,\"PageMardkown\":null,\"Content\":null,\"CustomSegments\":null,\"WikipediaURL\":null,\"DisableLearningFunctions\":false,\"Visibility\":0,\"ParentIds\":[4],\"ChildIds\":[6,7],\"DeleteChangeId\":null,\"DeletedName\":null}',1,2,7,51,'2025-06-18 14:21:39'),(107,6,'{\"PageRelations\":null,\"ImageWasUpdated\":false,\"Name\":\"ContentCreator Subtopic 5-1\",\"Description\":null,\"PageMardkown\":null,\"Content\":null,\"CustomSegments\":null,\"WikipediaURL\":null,\"DisableLearningFunctions\":false,\"Visibility\":0,\"ParentIds\":[5],\"ChildIds\":null,\"DeleteChangeId\":null,\"DeletedName\":null}',1,2,7,51,'2025-06-18 14:21:39'),(108,7,'{\"PageRelations\":null,\"ImageWasUpdated\":false,\"Name\":\"ContentCreator Subtopic 5-2\",\"Description\":null,\"PageMardkown\":null,\"Content\":null,\"CustomSegments\":null,\"WikipediaURL\":null,\"DisableLearningFunctions\":false,\"Visibility\":0,\"ParentIds\":[5],\"ChildIds\":null,\"DeleteChangeId\":null,\"DeletedName\":null}',1,2,7,51,'2025-06-18 14:21:39'),(109,8,'{\"PageRelations\":null,\"ImageWasUpdated\":false,\"Name\":\"ContentCreator Subtopic 4-2\",\"Description\":null,\"PageMardkown\":null,\"Content\":null,\"CustomSegments\":null,\"WikipediaURL\":null,\"DisableLearningFunctions\":false,\"Visibility\":0,\"ParentIds\":[4],\"ChildIds\":[9,10,11],\"DeleteChangeId\":null,\"DeletedName\":null}',1,2,7,51,'2025-06-18 14:21:39'),(110,9,'{\"PageRelations\":null,\"ImageWasUpdated\":false,\"Name\":\"ContentCreator Subtopic 8-1\",\"Description\":null,\"PageMardkown\":null,\"Content\":null,\"CustomSegments\":null,\"WikipediaURL\":null,\"DisableLearningFunctions\":false,\"Visibility\":0,\"ParentIds\":[8],\"ChildIds\":null,\"DeleteChangeId\":null,\"DeletedName\":null}',1,2,7,51,'2025-06-18 14:21:39'),(111,10,'{\"PageRelations\":null,\"ImageWasUpdated\":false,\"Name\":\"ContentCreator Subtopic 8-2\",\"Description\":null,\"PageMardkown\":null,\"Content\":null,\"CustomSegments\":null,\"WikipediaURL\":null,\"DisableLearningFunctions\":false,\"Visibility\":0,\"ParentIds\":[8],\"ChildIds\":null,\"DeleteChangeId\":null,\"DeletedName\":null}',1,2,7,51,'2025-06-18 14:21:39'),(112,11,'{\"PageRelations\":null,\"ImageWasUpdated\":false,\"Name\":\"ContentCreator Subtopic 8-3\",\"Description\":null,\"PageMardkown\":null,\"Content\":null,\"CustomSegments\":null,\"WikipediaURL\":null,\"DisableLearningFunctions\":false,\"Visibility\":0,\"ParentIds\":[8],\"ChildIds\":null,\"DeleteChangeId\":null,\"DeletedName\":null}',1,2,7,51,'2025-06-18 14:21:39'),(113,12,'{\"PageRelations\":null,\"ImageWasUpdated\":false,\"Name\":\"ContentCreator Subtopic 4-3\",\"Description\":null,\"PageMardkown\":null,\"Content\":null,\"CustomSegments\":null,\"WikipediaURL\":null,\"DisableLearningFunctions\":false,\"Visibility\":0,\"ParentIds\":[4],\"ChildIds\":null,\"DeleteChangeId\":null,\"DeletedName\":null}',1,2,7,51,'2025-06-18 14:21:39'),(114,13,'{\"PageRelations\":null,\"ImageWasUpdated\":false,\"Name\":\"ContentCreator Subtopic 12-1\",\"Description\":null,\"PageMardkown\":null,\"Content\":null,\"CustomSegments\":null,\"WikipediaURL\":null,\"DisableLearningFunctions\":false,\"Visibility\":0,\"ParentIds\":null,\"ChildIds\":null,\"DeleteChangeId\":null,\"DeletedName\":null}',1,2,0,3,'2025-06-18 14:21:39'),(115,13,'{\"PageRelations\":null,\"ImageWasUpdated\":false,\"Name\":\"ContentCreator Subtopic 12-1\",\"Description\":null,\"PageMardkown\":null,\"Content\":null,\"CustomSegments\":null,\"WikipediaURL\":null,\"DisableLearningFunctions\":false,\"Visibility\":0,\"ParentIds\":[12],\"ChildIds\":null,\"DeleteChangeId\":null,\"DeletedName\":null}',1,2,7,1,'2025-06-18 14:21:39'),(116,12,'{\"PageRelations\":null,\"ImageWasUpdated\":false,\"Name\":\"ContentCreator Subtopic 4-3\",\"Description\":null,\"PageMardkown\":null,\"Content\":null,\"CustomSegments\":null,\"WikipediaURL\":null,\"DisableLearningFunctions\":false,\"Visibility\":0,\"ParentIds\":[4],\"ChildIds\":[13],\"DeleteChangeId\":null,\"DeletedName\":null}',1,2,7,1,'2025-06-18 14:21:39'),(117,1,'{\"PageRelations\":null,\"ImageWasUpdated\":false,\"Name\":\"LearningUser Topic 1\",\"Description\":null,\"PageMardkown\":null,\"Content\":null,\"CustomSegments\":null,\"WikipediaURL\":null,\"DisableLearningFunctions\":false,\"Visibility\":0,\"ParentIds\":null,\"ChildIds\":[2],\"DeleteChangeId\":null,\"DeletedName\":null}',1,2,7,50,'2025-06-18 14:21:39'),(118,2,'{\"PageRelations\":null,\"ImageWasUpdated\":false,\"Name\":\"LearningUser Subtopic 1-1\",\"Description\":null,\"PageMardkown\":null,\"Content\":null,\"CustomSegments\":null,\"WikipediaURL\":null,\"DisableLearningFunctions\":false,\"Visibility\":0,\"ParentIds\":[1],\"ChildIds\":[3],\"DeleteChangeId\":null,\"DeletedName\":null}',1,2,7,50,'2025-06-18 14:21:39'),(119,3,'{\"PageRelations\":null,\"ImageWasUpdated\":false,\"Name\":\"LearningUser Subtopic 2-1\",\"Description\":null,\"PageMardkown\":null,\"Content\":null,\"CustomSegments\":null,\"WikipediaURL\":null,\"DisableLearningFunctions\":false,\"Visibility\":0,\"ParentIds\":[2],\"ChildIds\":null,\"DeleteChangeId\":null,\"DeletedName\":null}',1,2,7,50,'2025-06-18 14:21:39'),(120,4,'{\"PageRelations\":null,\"ImageWasUpdated\":false,\"Name\":\"ContentCreator Topic 1\",\"Description\":null,\"PageMardkown\":null,\"Content\":null,\"CustomSegments\":null,\"WikipediaURL\":null,\"DisableLearningFunctions\":false,\"Visibility\":0,\"ParentIds\":null,\"ChildIds\":[5,8,12],\"DeleteChangeId\":null,\"DeletedName\":null}',1,2,7,51,'2025-06-18 14:21:39'),(121,5,'{\"PageRelations\":null,\"ImageWasUpdated\":false,\"Name\":\"ContentCreator Subtopic 4-1\",\"Description\":null,\"PageMardkown\":null,\"Content\":null,\"CustomSegments\":null,\"WikipediaURL\":null,\"DisableLearningFunctions\":false,\"Visibility\":0,\"ParentIds\":[4],\"ChildIds\":[6,7],\"DeleteChangeId\":null,\"DeletedName\":null}',1,2,7,51,'2025-06-18 14:21:39'),(122,6,'{\"PageRelations\":null,\"ImageWasUpdated\":false,\"Name\":\"ContentCreator Subtopic 5-1\",\"Description\":null,\"PageMardkown\":null,\"Content\":null,\"CustomSegments\":null,\"WikipediaURL\":null,\"DisableLearningFunctions\":false,\"Visibility\":0,\"ParentIds\":[5],\"ChildIds\":null,\"DeleteChangeId\":null,\"DeletedName\":null}',1,2,7,51,'2025-06-18 14:21:39'),(123,7,'{\"PageRelations\":null,\"ImageWasUpdated\":false,\"Name\":\"ContentCreator Subtopic 5-2\",\"Description\":null,\"PageMardkown\":null,\"Content\":null,\"CustomSegments\":null,\"WikipediaURL\":null,\"DisableLearningFunctions\":false,\"Visibility\":0,\"ParentIds\":[5],\"ChildIds\":null,\"DeleteChangeId\":null,\"DeletedName\":null}',1,2,7,51,'2025-06-18 14:21:39'),(124,8,'{\"PageRelations\":null,\"ImageWasUpdated\":false,\"Name\":\"ContentCreator Subtopic 4-2\",\"Description\":null,\"PageMardkown\":null,\"Content\":null,\"CustomSegments\":null,\"WikipediaURL\":null,\"DisableLearningFunctions\":false,\"Visibility\":0,\"ParentIds\":[4],\"ChildIds\":[9,10,11],\"DeleteChangeId\":null,\"DeletedName\":null}',1,2,7,51,'2025-06-18 14:21:39'),(125,9,'{\"PageRelations\":null,\"ImageWasUpdated\":false,\"Name\":\"ContentCreator Subtopic 8-1\",\"Description\":null,\"PageMardkown\":null,\"Content\":null,\"CustomSegments\":null,\"WikipediaURL\":null,\"DisableLearningFunctions\":false,\"Visibility\":0,\"ParentIds\":[8],\"ChildIds\":null,\"DeleteChangeId\":null,\"DeletedName\":null}',1,2,7,51,'2025-06-18 14:21:40'),(126,10,'{\"PageRelations\":null,\"ImageWasUpdated\":false,\"Name\":\"ContentCreator Subtopic 8-2\",\"Description\":null,\"PageMardkown\":null,\"Content\":null,\"CustomSegments\":null,\"WikipediaURL\":null,\"DisableLearningFunctions\":false,\"Visibility\":0,\"ParentIds\":[8],\"ChildIds\":null,\"DeleteChangeId\":null,\"DeletedName\":null}',1,2,7,51,'2025-06-18 14:21:40'),(127,11,'{\"PageRelations\":null,\"ImageWasUpdated\":false,\"Name\":\"ContentCreator Subtopic 8-3\",\"Description\":null,\"PageMardkown\":null,\"Content\":null,\"CustomSegments\":null,\"WikipediaURL\":null,\"DisableLearningFunctions\":false,\"Visibility\":0,\"ParentIds\":[8],\"ChildIds\":null,\"DeleteChangeId\":null,\"DeletedName\":null}',1,2,7,51,'2025-06-18 14:21:40'),(128,12,'{\"PageRelations\":null,\"ImageWasUpdated\":false,\"Name\":\"ContentCreator Subtopic 4-3\",\"Description\":null,\"PageMardkown\":null,\"Content\":null,\"CustomSegments\":null,\"WikipediaURL\":null,\"DisableLearningFunctions\":false,\"Visibility\":0,\"ParentIds\":[4],\"ChildIds\":[13],\"DeleteChangeId\":null,\"DeletedName\":null}',1,2,7,51,'2025-06-18 14:21:40'),(129,13,'{\"PageRelations\":null,\"ImageWasUpdated\":false,\"Name\":\"ContentCreator Subtopic 12-1\",\"Description\":null,\"PageMardkown\":null,\"Content\":null,\"CustomSegments\":null,\"WikipediaURL\":null,\"DisableLearningFunctions\":false,\"Visibility\":0,\"ParentIds\":[12],\"ChildIds\":null,\"DeleteChangeId\":null,\"DeletedName\":null}',1,2,7,51,'2025-06-18 14:21:40'),(130,14,'{\"PageRelations\":null,\"ImageWasUpdated\":false,\"Name\":\"ContentCreator Subtopic 12-2\",\"Description\":null,\"PageMardkown\":null,\"Content\":null,\"CustomSegments\":null,\"WikipediaURL\":null,\"DisableLearningFunctions\":false,\"Visibility\":0,\"ParentIds\":null,\"ChildIds\":null,\"DeleteChangeId\":null,\"DeletedName\":null}',1,2,0,3,'2025-06-18 14:21:40'),(131,14,'{\"PageRelations\":null,\"ImageWasUpdated\":false,\"Name\":\"ContentCreator Subtopic 12-2\",\"Description\":null,\"PageMardkown\":null,\"Content\":null,\"CustomSegments\":null,\"WikipediaURL\":null,\"DisableLearningFunctions\":false,\"Visibility\":0,\"ParentIds\":[12],\"ChildIds\":null,\"DeleteChangeId\":null,\"DeletedName\":null}',1,2,7,1,'2025-06-18 14:21:40'),(132,12,'{\"PageRelations\":null,\"ImageWasUpdated\":false,\"Name\":\"ContentCreator Subtopic 4-3\",\"Description\":null,\"PageMardkown\":null,\"Content\":null,\"CustomSegments\":null,\"WikipediaURL\":null,\"DisableLearningFunctions\":false,\"Visibility\":0,\"ParentIds\":[4],\"ChildIds\":[13,14],\"DeleteChangeId\":null,\"DeletedName\":null}',1,2,7,1,'2025-06-18 14:21:40'),(133,1,'{\"PageRelations\":null,\"ImageWasUpdated\":false,\"Name\":\"LearningUser Topic 1\",\"Description\":null,\"PageMardkown\":null,\"Content\":null,\"CustomSegments\":null,\"WikipediaURL\":null,\"DisableLearningFunctions\":false,\"Visibility\":0,\"ParentIds\":null,\"ChildIds\":[2],\"DeleteChangeId\":null,\"DeletedName\":null}',1,2,7,50,'2025-06-18 14:21:40'),(134,2,'{\"PageRelations\":null,\"ImageWasUpdated\":false,\"Name\":\"LearningUser Subtopic 1-1\",\"Description\":null,\"PageMardkown\":null,\"Content\":null,\"CustomSegments\":null,\"WikipediaURL\":null,\"DisableLearningFunctions\":false,\"Visibility\":0,\"ParentIds\":[1],\"ChildIds\":[3],\"DeleteChangeId\":null,\"DeletedName\":null}',1,2,7,50,'2025-06-18 14:21:40'),(135,3,'{\"PageRelations\":null,\"ImageWasUpdated\":false,\"Name\":\"LearningUser Subtopic 2-1\",\"Description\":null,\"PageMardkown\":null,\"Content\":null,\"CustomSegments\":null,\"WikipediaURL\":null,\"DisableLearningFunctions\":false,\"Visibility\":0,\"ParentIds\":[2],\"ChildIds\":null,\"DeleteChangeId\":null,\"DeletedName\":null}',1,2,7,50,'2025-06-18 14:21:40'),(136,4,'{\"PageRelations\":null,\"ImageWasUpdated\":false,\"Name\":\"ContentCreator Topic 1\",\"Description\":null,\"PageMardkown\":null,\"Content\":null,\"CustomSegments\":null,\"WikipediaURL\":null,\"DisableLearningFunctions\":false,\"Visibility\":0,\"ParentIds\":null,\"ChildIds\":[5,8,12],\"DeleteChangeId\":null,\"DeletedName\":null}',1,2,7,51,'2025-06-18 14:21:40'),(137,5,'{\"PageRelations\":null,\"ImageWasUpdated\":false,\"Name\":\"ContentCreator Subtopic 4-1\",\"Description\":null,\"PageMardkown\":null,\"Content\":null,\"CustomSegments\":null,\"WikipediaURL\":null,\"DisableLearningFunctions\":false,\"Visibility\":0,\"ParentIds\":[4],\"ChildIds\":[6,7],\"DeleteChangeId\":null,\"DeletedName\":null}',1,2,7,51,'2025-06-18 14:21:40'),(138,6,'{\"PageRelations\":null,\"ImageWasUpdated\":false,\"Name\":\"ContentCreator Subtopic 5-1\",\"Description\":null,\"PageMardkown\":null,\"Content\":null,\"CustomSegments\":null,\"WikipediaURL\":null,\"DisableLearningFunctions\":false,\"Visibility\":0,\"ParentIds\":[5],\"ChildIds\":null,\"DeleteChangeId\":null,\"DeletedName\":null}',1,2,7,51,'2025-06-18 14:21:40'),(139,7,'{\"PageRelations\":null,\"ImageWasUpdated\":false,\"Name\":\"ContentCreator Subtopic 5-2\",\"Description\":null,\"PageMardkown\":null,\"Content\":null,\"CustomSegments\":null,\"WikipediaURL\":null,\"DisableLearningFunctions\":false,\"Visibility\":0,\"ParentIds\":[5],\"ChildIds\":null,\"DeleteChangeId\":null,\"DeletedName\":null}',1,2,7,51,'2025-06-18 14:21:40'),(140,8,'{\"PageRelations\":null,\"ImageWasUpdated\":false,\"Name\":\"ContentCreator Subtopic 4-2\",\"Description\":null,\"PageMardkown\":null,\"Content\":null,\"CustomSegments\":null,\"WikipediaURL\":null,\"DisableLearningFunctions\":false,\"Visibility\":0,\"ParentIds\":[4],\"ChildIds\":[9,10,11],\"DeleteChangeId\":null,\"DeletedName\":null}',1,2,7,51,'2025-06-18 14:21:40'),(141,9,'{\"PageRelations\":null,\"ImageWasUpdated\":false,\"Name\":\"ContentCreator Subtopic 8-1\",\"Description\":null,\"PageMardkown\":null,\"Content\":null,\"CustomSegments\":null,\"WikipediaURL\":null,\"DisableLearningFunctions\":false,\"Visibility\":0,\"ParentIds\":[8],\"ChildIds\":null,\"DeleteChangeId\":null,\"DeletedName\":null}',1,2,7,51,'2025-06-18 14:21:40'),(142,10,'{\"PageRelations\":null,\"ImageWasUpdated\":false,\"Name\":\"ContentCreator Subtopic 8-2\",\"Description\":null,\"PageMardkown\":null,\"Content\":null,\"CustomSegments\":null,\"WikipediaURL\":null,\"DisableLearningFunctions\":false,\"Visibility\":0,\"ParentIds\":[8],\"ChildIds\":null,\"DeleteChangeId\":null,\"DeletedName\":null}',1,2,7,51,'2025-06-18 14:21:40'),(143,11,'{\"PageRelations\":null,\"ImageWasUpdated\":false,\"Name\":\"ContentCreator Subtopic 8-3\",\"Description\":null,\"PageMardkown\":null,\"Content\":null,\"CustomSegments\":null,\"WikipediaURL\":null,\"DisableLearningFunctions\":false,\"Visibility\":0,\"ParentIds\":[8],\"ChildIds\":null,\"DeleteChangeId\":null,\"DeletedName\":null}',1,2,7,51,'2025-06-18 14:21:40'),(144,12,'{\"PageRelations\":null,\"ImageWasUpdated\":false,\"Name\":\"ContentCreator Subtopic 4-3\",\"Description\":null,\"PageMardkown\":null,\"Content\":null,\"CustomSegments\":null,\"WikipediaURL\":null,\"DisableLearningFunctions\":false,\"Visibility\":0,\"ParentIds\":[4],\"ChildIds\":[13,14],\"DeleteChangeId\":null,\"DeletedName\":null}',1,2,7,51,'2025-06-18 14:21:40'),(145,13,'{\"PageRelations\":null,\"ImageWasUpdated\":false,\"Name\":\"ContentCreator Subtopic 12-1\",\"Description\":null,\"PageMardkown\":null,\"Content\":null,\"CustomSegments\":null,\"WikipediaURL\":null,\"DisableLearningFunctions\":false,\"Visibility\":0,\"ParentIds\":[12],\"ChildIds\":null,\"DeleteChangeId\":null,\"DeletedName\":null}',1,2,7,51,'2025-06-18 14:21:40'),(146,14,'{\"PageRelations\":null,\"ImageWasUpdated\":false,\"Name\":\"ContentCreator Subtopic 12-2\",\"Description\":null,\"PageMardkown\":null,\"Content\":null,\"CustomSegments\":null,\"WikipediaURL\":null,\"DisableLearningFunctions\":false,\"Visibility\":0,\"ParentIds\":[12],\"ChildIds\":null,\"DeleteChangeId\":null,\"DeletedName\":null}',1,2,7,51,'2025-06-18 14:21:40'),(147,15,'{\"PageRelations\":null,\"ImageWasUpdated\":false,\"Name\":\"ContentCreator Subtopic 12-3\",\"Description\":null,\"PageMardkown\":null,\"Content\":null,\"CustomSegments\":null,\"WikipediaURL\":null,\"DisableLearningFunctions\":false,\"Visibility\":0,\"ParentIds\":null,\"ChildIds\":null,\"DeleteChangeId\":null,\"DeletedName\":null}',1,2,0,3,'2025-06-18 14:21:40'),(148,15,'{\"PageRelations\":null,\"ImageWasUpdated\":false,\"Name\":\"ContentCreator Subtopic 12-3\",\"Description\":null,\"PageMardkown\":null,\"Content\":null,\"CustomSegments\":null,\"WikipediaURL\":null,\"DisableLearningFunctions\":false,\"Visibility\":0,\"ParentIds\":[12],\"ChildIds\":null,\"DeleteChangeId\":null,\"DeletedName\":null}',1,2,7,1,'2025-06-18 14:21:40'),(149,12,'{\"PageRelations\":null,\"ImageWasUpdated\":false,\"Name\":\"ContentCreator Subtopic 4-3\",\"Description\":null,\"PageMardkown\":null,\"Content\":null,\"CustomSegments\":null,\"WikipediaURL\":null,\"DisableLearningFunctions\":false,\"Visibility\":0,\"ParentIds\":[4],\"ChildIds\":[13,14,15],\"DeleteChangeId\":null,\"DeletedName\":null}',1,2,7,1,'2025-06-18 14:21:40'),(150,1,'{\"PageRelations\":null,\"ImageWasUpdated\":false,\"Name\":\"LearningUser Topic 1\",\"Description\":null,\"PageMardkown\":null,\"Content\":null,\"CustomSegments\":null,\"WikipediaURL\":null,\"DisableLearningFunctions\":false,\"Visibility\":0,\"ParentIds\":null,\"ChildIds\":[2],\"DeleteChangeId\":null,\"DeletedName\":null}',1,2,7,50,'2025-06-18 14:21:40'),(151,2,'{\"PageRelations\":null,\"ImageWasUpdated\":false,\"Name\":\"LearningUser Subtopic 1-1\",\"Description\":null,\"PageMardkown\":null,\"Content\":null,\"CustomSegments\":null,\"WikipediaURL\":null,\"DisableLearningFunctions\":false,\"Visibility\":0,\"ParentIds\":[1],\"ChildIds\":[3],\"DeleteChangeId\":null,\"DeletedName\":null}',1,2,7,50,'2025-06-18 14:21:40'),(152,3,'{\"PageRelations\":null,\"ImageWasUpdated\":false,\"Name\":\"LearningUser Subtopic 2-1\",\"Description\":null,\"PageMardkown\":null,\"Content\":null,\"CustomSegments\":null,\"WikipediaURL\":null,\"DisableLearningFunctions\":false,\"Visibility\":0,\"ParentIds\":[2],\"ChildIds\":null,\"DeleteChangeId\":null,\"DeletedName\":null}',1,2,7,50,'2025-06-18 14:21:40'),(153,4,'{\"PageRelations\":null,\"ImageWasUpdated\":false,\"Name\":\"ContentCreator Topic 1\",\"Description\":null,\"PageMardkown\":null,\"Content\":null,\"CustomSegments\":null,\"WikipediaURL\":null,\"DisableLearningFunctions\":false,\"Visibility\":0,\"ParentIds\":null,\"ChildIds\":[5,8,12],\"DeleteChangeId\":null,\"DeletedName\":null}',1,2,7,51,'2025-06-18 14:21:40'),(154,5,'{\"PageRelations\":null,\"ImageWasUpdated\":false,\"Name\":\"ContentCreator Subtopic 4-1\",\"Description\":null,\"PageMardkown\":null,\"Content\":null,\"CustomSegments\":null,\"WikipediaURL\":null,\"DisableLearningFunctions\":false,\"Visibility\":0,\"ParentIds\":[4],\"ChildIds\":[6,7],\"DeleteChangeId\":null,\"DeletedName\":null}',1,2,7,51,'2025-06-18 14:21:40'),(155,6,'{\"PageRelations\":null,\"ImageWasUpdated\":false,\"Name\":\"ContentCreator Subtopic 5-1\",\"Description\":null,\"PageMardkown\":null,\"Content\":null,\"CustomSegments\":null,\"WikipediaURL\":null,\"DisableLearningFunctions\":false,\"Visibility\":0,\"ParentIds\":[5],\"ChildIds\":null,\"DeleteChangeId\":null,\"DeletedName\":null}',1,2,7,51,'2025-06-18 14:21:40'),(156,7,'{\"PageRelations\":null,\"ImageWasUpdated\":false,\"Name\":\"ContentCreator Subtopic 5-2\",\"Description\":null,\"PageMardkown\":null,\"Content\":null,\"CustomSegments\":null,\"WikipediaURL\":null,\"DisableLearningFunctions\":false,\"Visibility\":0,\"ParentIds\":[5],\"ChildIds\":null,\"DeleteChangeId\":null,\"DeletedName\":null}',1,2,7,51,'2025-06-18 14:21:40'),(157,8,'{\"PageRelations\":null,\"ImageWasUpdated\":false,\"Name\":\"ContentCreator Subtopic 4-2\",\"Description\":null,\"PageMardkown\":null,\"Content\":null,\"CustomSegments\":null,\"WikipediaURL\":null,\"DisableLearningFunctions\":false,\"Visibility\":0,\"ParentIds\":[4],\"ChildIds\":[9,10,11],\"DeleteChangeId\":null,\"DeletedName\":null}',1,2,7,51,'2025-06-18 14:21:40'),(158,9,'{\"PageRelations\":null,\"ImageWasUpdated\":false,\"Name\":\"ContentCreator Subtopic 8-1\",\"Description\":null,\"PageMardkown\":null,\"Content\":null,\"CustomSegments\":null,\"WikipediaURL\":null,\"DisableLearningFunctions\":false,\"Visibility\":0,\"ParentIds\":[8],\"ChildIds\":null,\"DeleteChangeId\":null,\"DeletedName\":null}',1,2,7,51,'2025-06-18 14:21:40'),(159,10,'{\"PageRelations\":null,\"ImageWasUpdated\":false,\"Name\":\"ContentCreator Subtopic 8-2\",\"Description\":null,\"PageMardkown\":null,\"Content\":null,\"CustomSegments\":null,\"WikipediaURL\":null,\"DisableLearningFunctions\":false,\"Visibility\":0,\"ParentIds\":[8],\"ChildIds\":null,\"DeleteChangeId\":null,\"DeletedName\":null}',1,2,7,51,'2025-06-18 14:21:40'),(160,11,'{\"PageRelations\":null,\"ImageWasUpdated\":false,\"Name\":\"ContentCreator Subtopic 8-3\",\"Description\":null,\"PageMardkown\":null,\"Content\":null,\"CustomSegments\":null,\"WikipediaURL\":null,\"DisableLearningFunctions\":false,\"Visibility\":0,\"ParentIds\":[8],\"ChildIds\":null,\"DeleteChangeId\":null,\"DeletedName\":null}',1,2,7,51,'2025-06-18 14:21:40'),(161,12,'{\"PageRelations\":null,\"ImageWasUpdated\":false,\"Name\":\"ContentCreator Subtopic 4-3\",\"Description\":null,\"PageMardkown\":null,\"Content\":null,\"CustomSegments\":null,\"WikipediaURL\":null,\"DisableLearningFunctions\":false,\"Visibility\":0,\"ParentIds\":[4],\"ChildIds\":[13,14,15],\"DeleteChangeId\":null,\"DeletedName\":null}',1,2,7,51,'2025-06-18 14:21:40'),(162,13,'{\"PageRelations\":null,\"ImageWasUpdated\":false,\"Name\":\"ContentCreator Subtopic 12-1\",\"Description\":null,\"PageMardkown\":null,\"Content\":null,\"CustomSegments\":null,\"WikipediaURL\":null,\"DisableLearningFunctions\":false,\"Visibility\":0,\"ParentIds\":[12],\"ChildIds\":null,\"DeleteChangeId\":null,\"DeletedName\":null}',1,2,7,51,'2025-06-18 14:21:40'),(163,14,'{\"PageRelations\":null,\"ImageWasUpdated\":false,\"Name\":\"ContentCreator Subtopic 12-2\",\"Description\":null,\"PageMardkown\":null,\"Content\":null,\"CustomSegments\":null,\"WikipediaURL\":null,\"DisableLearningFunctions\":false,\"Visibility\":0,\"ParentIds\":[12],\"ChildIds\":null,\"DeleteChangeId\":null,\"DeletedName\":null}',1,2,7,51,'2025-06-18 14:21:41'),(164,15,'{\"PageRelations\":null,\"ImageWasUpdated\":false,\"Name\":\"ContentCreator Subtopic 12-3\",\"Description\":null,\"PageMardkown\":null,\"Content\":null,\"CustomSegments\":null,\"WikipediaURL\":null,\"DisableLearningFunctions\":false,\"Visibility\":0,\"ParentIds\":[12],\"ChildIds\":null,\"DeleteChangeId\":null,\"DeletedName\":null}',1,2,7,51,'2025-06-18 14:21:41'),(165,16,'{\"PageRelations\":null,\"ImageWasUpdated\":false,\"Name\":\"ContentCreator Topic 2\",\"Description\":null,\"PageMardkown\":null,\"Content\":null,\"CustomSegments\":null,\"WikipediaURL\":null,\"DisableLearningFunctions\":false,\"Visibility\":0,\"ParentIds\":null,\"ChildIds\":null,\"DeleteChangeId\":null,\"DeletedName\":null}',1,2,0,3,'2025-06-18 14:21:41'),(166,1,'{\"PageRelations\":null,\"ImageWasUpdated\":false,\"Name\":\"LearningUser Topic 1\",\"Description\":null,\"PageMardkown\":null,\"Content\":null,\"CustomSegments\":null,\"WikipediaURL\":null,\"DisableLearningFunctions\":false,\"Visibility\":0,\"ParentIds\":null,\"ChildIds\":[2],\"DeleteChangeId\":null,\"DeletedName\":null}',1,2,7,50,'2025-06-18 14:21:41'),(167,2,'{\"PageRelations\":null,\"ImageWasUpdated\":false,\"Name\":\"LearningUser Subtopic 1-1\",\"Description\":null,\"PageMardkown\":null,\"Content\":null,\"CustomSegments\":null,\"WikipediaURL\":null,\"DisableLearningFunctions\":false,\"Visibility\":0,\"ParentIds\":[1],\"ChildIds\":[3],\"DeleteChangeId\":null,\"DeletedName\":null}',1,2,7,50,'2025-06-18 14:21:41'),(168,3,'{\"PageRelations\":null,\"ImageWasUpdated\":false,\"Name\":\"LearningUser Subtopic 2-1\",\"Description\":null,\"PageMardkown\":null,\"Content\":null,\"CustomSegments\":null,\"WikipediaURL\":null,\"DisableLearningFunctions\":false,\"Visibility\":0,\"ParentIds\":[2],\"ChildIds\":null,\"DeleteChangeId\":null,\"DeletedName\":null}',1,2,7,50,'2025-06-18 14:21:41'),(169,4,'{\"PageRelations\":null,\"ImageWasUpdated\":false,\"Name\":\"ContentCreator Topic 1\",\"Description\":null,\"PageMardkown\":null,\"Content\":null,\"CustomSegments\":null,\"WikipediaURL\":null,\"DisableLearningFunctions\":false,\"Visibility\":0,\"ParentIds\":null,\"ChildIds\":[5,8,12],\"DeleteChangeId\":null,\"DeletedName\":null}',1,2,7,51,'2025-06-18 14:21:41'),(170,5,'{\"PageRelations\":null,\"ImageWasUpdated\":false,\"Name\":\"ContentCreator Subtopic 4-1\",\"Description\":null,\"PageMardkown\":null,\"Content\":null,\"CustomSegments\":null,\"WikipediaURL\":null,\"DisableLearningFunctions\":false,\"Visibility\":0,\"ParentIds\":[4],\"ChildIds\":[6,7],\"DeleteChangeId\":null,\"DeletedName\":null}',1,2,7,51,'2025-06-18 14:21:41'),(171,6,'{\"PageRelations\":null,\"ImageWasUpdated\":false,\"Name\":\"ContentCreator Subtopic 5-1\",\"Description\":null,\"PageMardkown\":null,\"Content\":null,\"CustomSegments\":null,\"WikipediaURL\":null,\"DisableLearningFunctions\":false,\"Visibility\":0,\"ParentIds\":[5],\"ChildIds\":null,\"DeleteChangeId\":null,\"DeletedName\":null}',1,2,7,51,'2025-06-18 14:21:41'),(172,7,'{\"PageRelations\":null,\"ImageWasUpdated\":false,\"Name\":\"ContentCreator Subtopic 5-2\",\"Description\":null,\"PageMardkown\":null,\"Content\":null,\"CustomSegments\":null,\"WikipediaURL\":null,\"DisableLearningFunctions\":false,\"Visibility\":0,\"ParentIds\":[5],\"ChildIds\":null,\"DeleteChangeId\":null,\"DeletedName\":null}',1,2,7,51,'2025-06-18 14:21:41'),(173,8,'{\"PageRelations\":null,\"ImageWasUpdated\":false,\"Name\":\"ContentCreator Subtopic 4-2\",\"Description\":null,\"PageMardkown\":null,\"Content\":null,\"CustomSegments\":null,\"WikipediaURL\":null,\"DisableLearningFunctions\":false,\"Visibility\":0,\"ParentIds\":[4],\"ChildIds\":[9,10,11],\"DeleteChangeId\":null,\"DeletedName\":null}',1,2,7,51,'2025-06-18 14:21:41'),(174,9,'{\"PageRelations\":null,\"ImageWasUpdated\":false,\"Name\":\"ContentCreator Subtopic 8-1\",\"Description\":null,\"PageMardkown\":null,\"Content\":null,\"CustomSegments\":null,\"WikipediaURL\":null,\"DisableLearningFunctions\":false,\"Visibility\":0,\"ParentIds\":[8],\"ChildIds\":null,\"DeleteChangeId\":null,\"DeletedName\":null}',1,2,7,51,'2025-06-18 14:21:41'),(175,10,'{\"PageRelations\":null,\"ImageWasUpdated\":false,\"Name\":\"ContentCreator Subtopic 8-2\",\"Description\":null,\"PageMardkown\":null,\"Content\":null,\"CustomSegments\":null,\"WikipediaURL\":null,\"DisableLearningFunctions\":false,\"Visibility\":0,\"ParentIds\":[8],\"ChildIds\":null,\"DeleteChangeId\":null,\"DeletedName\":null}',1,2,7,51,'2025-06-18 14:21:41'),(176,11,'{\"PageRelations\":null,\"ImageWasUpdated\":false,\"Name\":\"ContentCreator Subtopic 8-3\",\"Description\":null,\"PageMardkown\":null,\"Content\":null,\"CustomSegments\":null,\"WikipediaURL\":null,\"DisableLearningFunctions\":false,\"Visibility\":0,\"ParentIds\":[8],\"ChildIds\":null,\"DeleteChangeId\":null,\"DeletedName\":null}',1,2,7,51,'2025-06-18 14:21:41'),(177,12,'{\"PageRelations\":null,\"ImageWasUpdated\":false,\"Name\":\"ContentCreator Subtopic 4-3\",\"Description\":null,\"PageMardkown\":null,\"Content\":null,\"CustomSegments\":null,\"WikipediaURL\":null,\"DisableLearningFunctions\":false,\"Visibility\":0,\"ParentIds\":[4],\"ChildIds\":[13,14,15],\"DeleteChangeId\":null,\"DeletedName\":null}',1,2,7,51,'2025-06-18 14:21:41'),(178,13,'{\"PageRelations\":null,\"ImageWasUpdated\":false,\"Name\":\"ContentCreator Subtopic 12-1\",\"Description\":null,\"PageMardkown\":null,\"Content\":null,\"CustomSegments\":null,\"WikipediaURL\":null,\"DisableLearningFunctions\":false,\"Visibility\":0,\"ParentIds\":[12],\"ChildIds\":null,\"DeleteChangeId\":null,\"DeletedName\":null}',1,2,7,51,'2025-06-18 14:21:41'),(179,14,'{\"PageRelations\":null,\"ImageWasUpdated\":false,\"Name\":\"ContentCreator Subtopic 12-2\",\"Description\":null,\"PageMardkown\":null,\"Content\":null,\"CustomSegments\":null,\"WikipediaURL\":null,\"DisableLearningFunctions\":false,\"Visibility\":0,\"ParentIds\":[12],\"ChildIds\":null,\"DeleteChangeId\":null,\"DeletedName\":null}',1,2,7,51,'2025-06-18 14:21:41'),(180,15,'{\"PageRelations\":null,\"ImageWasUpdated\":false,\"Name\":\"ContentCreator Subtopic 12-3\",\"Description\":null,\"PageMardkown\":null,\"Content\":null,\"CustomSegments\":null,\"WikipediaURL\":null,\"DisableLearningFunctions\":false,\"Visibility\":0,\"ParentIds\":[12],\"ChildIds\":null,\"DeleteChangeId\":null,\"DeletedName\":null}',1,2,7,51,'2025-06-18 14:21:41'),(181,16,'{\"PageRelations\":null,\"ImageWasUpdated\":false,\"Name\":\"ContentCreator Topic 2\",\"Description\":null,\"PageMardkown\":null,\"Content\":null,\"CustomSegments\":null,\"WikipediaURL\":null,\"DisableLearningFunctions\":false,\"Visibility\":0,\"ParentIds\":null,\"ChildIds\":null,\"DeleteChangeId\":null,\"DeletedName\":null}',1,2,7,51,'2025-06-18 14:21:41'),(182,17,'{\"PageRelations\":null,\"ImageWasUpdated\":false,\"Name\":\"ContentCreator Subtopic 16-1\",\"Description\":null,\"PageMardkown\":null,\"Content\":null,\"CustomSegments\":null,\"WikipediaURL\":null,\"DisableLearningFunctions\":false,\"Visibility\":0,\"ParentIds\":null,\"ChildIds\":null,\"DeleteChangeId\":null,\"DeletedName\":null}',1,2,0,3,'2025-06-18 14:21:41'),(183,17,'{\"PageRelations\":null,\"ImageWasUpdated\":false,\"Name\":\"ContentCreator Subtopic 16-1\",\"Description\":null,\"PageMardkown\":null,\"Content\":null,\"CustomSegments\":null,\"WikipediaURL\":null,\"DisableLearningFunctions\":false,\"Visibility\":0,\"ParentIds\":[16],\"ChildIds\":null,\"DeleteChangeId\":null,\"DeletedName\":null}',1,2,7,1,'2025-06-18 14:21:41'),(184,16,'{\"PageRelations\":null,\"ImageWasUpdated\":false,\"Name\":\"ContentCreator Topic 2\",\"Description\":null,\"PageMardkown\":null,\"Content\":null,\"CustomSegments\":null,\"WikipediaURL\":null,\"DisableLearningFunctions\":false,\"Visibility\":0,\"ParentIds\":null,\"ChildIds\":[17],\"DeleteChangeId\":null,\"DeletedName\":null}',1,2,7,1,'2025-06-18 14:21:41'),(185,1,'{\"PageRelations\":null,\"ImageWasUpdated\":false,\"Name\":\"LearningUser Topic 1\",\"Description\":null,\"PageMardkown\":null,\"Content\":null,\"CustomSegments\":null,\"WikipediaURL\":null,\"DisableLearningFunctions\":false,\"Visibility\":0,\"ParentIds\":null,\"ChildIds\":[2],\"DeleteChangeId\":null,\"DeletedName\":null}',1,2,7,50,'2025-06-18 14:21:41'),(186,2,'{\"PageRelations\":null,\"ImageWasUpdated\":false,\"Name\":\"LearningUser Subtopic 1-1\",\"Description\":null,\"PageMardkown\":null,\"Content\":null,\"CustomSegments\":null,\"WikipediaURL\":null,\"DisableLearningFunctions\":false,\"Visibility\":0,\"ParentIds\":[1],\"ChildIds\":[3],\"DeleteChangeId\":null,\"DeletedName\":null}',1,2,7,50,'2025-06-18 14:21:41'),(187,3,'{\"PageRelations\":null,\"ImageWasUpdated\":false,\"Name\":\"LearningUser Subtopic 2-1\",\"Description\":null,\"PageMardkown\":null,\"Content\":null,\"CustomSegments\":null,\"WikipediaURL\":null,\"DisableLearningFunctions\":false,\"Visibility\":0,\"ParentIds\":[2],\"ChildIds\":null,\"DeleteChangeId\":null,\"DeletedName\":null}',1,2,7,50,'2025-06-18 14:21:41'),(188,4,'{\"PageRelations\":null,\"ImageWasUpdated\":false,\"Name\":\"ContentCreator Topic 1\",\"Description\":null,\"PageMardkown\":null,\"Content\":null,\"CustomSegments\":null,\"WikipediaURL\":null,\"DisableLearningFunctions\":false,\"Visibility\":0,\"ParentIds\":null,\"ChildIds\":[5,8,12],\"DeleteChangeId\":null,\"DeletedName\":null}',1,2,7,51,'2025-06-18 14:21:41'),(189,5,'{\"PageRelations\":null,\"ImageWasUpdated\":false,\"Name\":\"ContentCreator Subtopic 4-1\",\"Description\":null,\"PageMardkown\":null,\"Content\":null,\"CustomSegments\":null,\"WikipediaURL\":null,\"DisableLearningFunctions\":false,\"Visibility\":0,\"ParentIds\":[4],\"ChildIds\":[6,7],\"DeleteChangeId\":null,\"DeletedName\":null}',1,2,7,51,'2025-06-18 14:21:41'),(190,6,'{\"PageRelations\":null,\"ImageWasUpdated\":false,\"Name\":\"ContentCreator Subtopic 5-1\",\"Description\":null,\"PageMardkown\":null,\"Content\":null,\"CustomSegments\":null,\"WikipediaURL\":null,\"DisableLearningFunctions\":false,\"Visibility\":0,\"ParentIds\":[5],\"ChildIds\":null,\"DeleteChangeId\":null,\"DeletedName\":null}',1,2,7,51,'2025-06-18 14:21:41'),(191,7,'{\"PageRelations\":null,\"ImageWasUpdated\":false,\"Name\":\"ContentCreator Subtopic 5-2\",\"Description\":null,\"PageMardkown\":null,\"Content\":null,\"CustomSegments\":null,\"WikipediaURL\":null,\"DisableLearningFunctions\":false,\"Visibility\":0,\"ParentIds\":[5],\"ChildIds\":null,\"DeleteChangeId\":null,\"DeletedName\":null}',1,2,7,51,'2025-06-18 14:21:41'),(192,8,'{\"PageRelations\":null,\"ImageWasUpdated\":false,\"Name\":\"ContentCreator Subtopic 4-2\",\"Description\":null,\"PageMardkown\":null,\"Content\":null,\"CustomSegments\":null,\"WikipediaURL\":null,\"DisableLearningFunctions\":false,\"Visibility\":0,\"ParentIds\":[4],\"ChildIds\":[9,10,11],\"DeleteChangeId\":null,\"DeletedName\":null}',1,2,7,51,'2025-06-18 14:21:41'),(193,9,'{\"PageRelations\":null,\"ImageWasUpdated\":false,\"Name\":\"ContentCreator Subtopic 8-1\",\"Description\":null,\"PageMardkown\":null,\"Content\":null,\"CustomSegments\":null,\"WikipediaURL\":null,\"DisableLearningFunctions\":false,\"Visibility\":0,\"ParentIds\":[8],\"ChildIds\":null,\"DeleteChangeId\":null,\"DeletedName\":null}',1,2,7,51,'2025-06-18 14:21:41'),(194,10,'{\"PageRelations\":null,\"ImageWasUpdated\":false,\"Name\":\"ContentCreator Subtopic 8-2\",\"Description\":null,\"PageMardkown\":null,\"Content\":null,\"CustomSegments\":null,\"WikipediaURL\":null,\"DisableLearningFunctions\":false,\"Visibility\":0,\"ParentIds\":[8],\"ChildIds\":null,\"DeleteChangeId\":null,\"DeletedName\":null}',1,2,7,51,'2025-06-18 14:21:41'),(195,11,'{\"PageRelations\":null,\"ImageWasUpdated\":false,\"Name\":\"ContentCreator Subtopic 8-3\",\"Description\":null,\"PageMardkown\":null,\"Content\":null,\"CustomSegments\":null,\"WikipediaURL\":null,\"DisableLearningFunctions\":false,\"Visibility\":0,\"ParentIds\":[8],\"ChildIds\":null,\"DeleteChangeId\":null,\"DeletedName\":null}',1,2,7,51,'2025-06-18 14:21:41'),(196,12,'{\"PageRelations\":null,\"ImageWasUpdated\":false,\"Name\":\"ContentCreator Subtopic 4-3\",\"Description\":null,\"PageMardkown\":null,\"Content\":null,\"CustomSegments\":null,\"WikipediaURL\":null,\"DisableLearningFunctions\":false,\"Visibility\":0,\"ParentIds\":[4],\"ChildIds\":[13,14,15],\"DeleteChangeId\":null,\"DeletedName\":null}',1,2,7,51,'2025-06-18 14:21:41'),(197,13,'{\"PageRelations\":null,\"ImageWasUpdated\":false,\"Name\":\"ContentCreator Subtopic 12-1\",\"Description\":null,\"PageMardkown\":null,\"Content\":null,\"CustomSegments\":null,\"WikipediaURL\":null,\"DisableLearningFunctions\":false,\"Visibility\":0,\"ParentIds\":[12],\"ChildIds\":null,\"DeleteChangeId\":null,\"DeletedName\":null}',1,2,7,51,'2025-06-18 14:21:41'),(198,14,'{\"PageRelations\":null,\"ImageWasUpdated\":false,\"Name\":\"ContentCreator Subtopic 12-2\",\"Description\":null,\"PageMardkown\":null,\"Content\":null,\"CustomSegments\":null,\"WikipediaURL\":null,\"DisableLearningFunctions\":false,\"Visibility\":0,\"ParentIds\":[12],\"ChildIds\":null,\"DeleteChangeId\":null,\"DeletedName\":null}',1,2,7,51,'2025-06-18 14:21:41'),(199,15,'{\"PageRelations\":null,\"ImageWasUpdated\":false,\"Name\":\"ContentCreator Subtopic 12-3\",\"Description\":null,\"PageMardkown\":null,\"Content\":null,\"CustomSegments\":null,\"WikipediaURL\":null,\"DisableLearningFunctions\":false,\"Visibility\":0,\"ParentIds\":[12],\"ChildIds\":null,\"DeleteChangeId\":null,\"DeletedName\":null}',1,2,7,51,'2025-06-18 14:21:41'),(200,16,'{\"PageRelations\":null,\"ImageWasUpdated\":false,\"Name\":\"ContentCreator Topic 2\",\"Description\":null,\"PageMardkown\":null,\"Content\":null,\"CustomSegments\":null,\"WikipediaURL\":null,\"DisableLearningFunctions\":false,\"Visibility\":0,\"ParentIds\":null,\"ChildIds\":[17],\"DeleteChangeId\":null,\"DeletedName\":null}',1,2,7,51,'2025-06-18 14:21:41'),(201,17,'{\"PageRelations\":null,\"ImageWasUpdated\":false,\"Name\":\"ContentCreator Subtopic 16-1\",\"Description\":null,\"PageMardkown\":null,\"Content\":null,\"CustomSegments\":null,\"WikipediaURL\":null,\"DisableLearningFunctions\":false,\"Visibility\":0,\"ParentIds\":[16],\"ChildIds\":null,\"DeleteChangeId\":null,\"DeletedName\":null}',1,2,7,51,'2025-06-18 14:21:41'),(202,18,'{\"PageRelations\":null,\"ImageWasUpdated\":false,\"Name\":\"ContentCreator Subtopic 17-1\",\"Description\":null,\"PageMardkown\":null,\"Content\":null,\"CustomSegments\":null,\"WikipediaURL\":null,\"DisableLearningFunctions\":false,\"Visibility\":0,\"ParentIds\":null,\"ChildIds\":null,\"DeleteChangeId\":null,\"DeletedName\":null}',1,2,0,3,'2025-06-18 14:21:41'),(203,18,'{\"PageRelations\":null,\"ImageWasUpdated\":false,\"Name\":\"ContentCreator Subtopic 17-1\",\"Description\":null,\"PageMardkown\":null,\"Content\":null,\"CustomSegments\":null,\"WikipediaURL\":null,\"DisableLearningFunctions\":false,\"Visibility\":0,\"ParentIds\":[17],\"ChildIds\":null,\"DeleteChangeId\":null,\"DeletedName\":null}',1,2,7,1,'2025-06-18 14:21:41'),(204,17,'{\"PageRelations\":null,\"ImageWasUpdated\":false,\"Name\":\"ContentCreator Subtopic 16-1\",\"Description\":null,\"PageMardkown\":null,\"Content\":null,\"CustomSegments\":null,\"WikipediaURL\":null,\"DisableLearningFunctions\":false,\"Visibility\":0,\"ParentIds\":[16],\"ChildIds\":[18],\"DeleteChangeId\":null,\"DeletedName\":null}',1,2,7,1,'2025-06-18 14:21:41'),(205,1,'{\"PageRelations\":null,\"ImageWasUpdated\":false,\"Name\":\"LearningUser Topic 1\",\"Description\":null,\"PageMardkown\":null,\"Content\":null,\"CustomSegments\":null,\"WikipediaURL\":null,\"DisableLearningFunctions\":false,\"Visibility\":0,\"ParentIds\":null,\"ChildIds\":[2],\"DeleteChangeId\":null,\"DeletedName\":null}',1,2,7,50,'2025-06-18 14:21:41'),(206,2,'{\"PageRelations\":null,\"ImageWasUpdated\":false,\"Name\":\"LearningUser Subtopic 1-1\",\"Description\":null,\"PageMardkown\":null,\"Content\":null,\"CustomSegments\":null,\"WikipediaURL\":null,\"DisableLearningFunctions\":false,\"Visibility\":0,\"ParentIds\":[1],\"ChildIds\":[3],\"DeleteChangeId\":null,\"DeletedName\":null}',1,2,7,50,'2025-06-18 14:21:41'),(207,3,'{\"PageRelations\":null,\"ImageWasUpdated\":false,\"Name\":\"LearningUser Subtopic 2-1\",\"Description\":null,\"PageMardkown\":null,\"Content\":null,\"CustomSegments\":null,\"WikipediaURL\":null,\"DisableLearningFunctions\":false,\"Visibility\":0,\"ParentIds\":[2],\"ChildIds\":null,\"DeleteChangeId\":null,\"DeletedName\":null}',1,2,7,50,'2025-06-18 14:21:42'),(208,4,'{\"PageRelations\":null,\"ImageWasUpdated\":false,\"Name\":\"ContentCreator Topic 1\",\"Description\":null,\"PageMardkown\":null,\"Content\":null,\"CustomSegments\":null,\"WikipediaURL\":null,\"DisableLearningFunctions\":false,\"Visibility\":0,\"ParentIds\":null,\"ChildIds\":[5,8,12],\"DeleteChangeId\":null,\"DeletedName\":null}',1,2,7,51,'2025-06-18 14:21:42'),(209,5,'{\"PageRelations\":null,\"ImageWasUpdated\":false,\"Name\":\"ContentCreator Subtopic 4-1\",\"Description\":null,\"PageMardkown\":null,\"Content\":null,\"CustomSegments\":null,\"WikipediaURL\":null,\"DisableLearningFunctions\":false,\"Visibility\":0,\"ParentIds\":[4],\"ChildIds\":[6,7],\"DeleteChangeId\":null,\"DeletedName\":null}',1,2,7,51,'2025-06-18 14:21:42'),(210,6,'{\"PageRelations\":null,\"ImageWasUpdated\":false,\"Name\":\"ContentCreator Subtopic 5-1\",\"Description\":null,\"PageMardkown\":null,\"Content\":null,\"CustomSegments\":null,\"WikipediaURL\":null,\"DisableLearningFunctions\":false,\"Visibility\":0,\"ParentIds\":[5],\"ChildIds\":null,\"DeleteChangeId\":null,\"DeletedName\":null}',1,2,7,51,'2025-06-18 14:21:42'),(211,7,'{\"PageRelations\":null,\"ImageWasUpdated\":false,\"Name\":\"ContentCreator Subtopic 5-2\",\"Description\":null,\"PageMardkown\":null,\"Content\":null,\"CustomSegments\":null,\"WikipediaURL\":null,\"DisableLearningFunctions\":false,\"Visibility\":0,\"ParentIds\":[5],\"ChildIds\":null,\"DeleteChangeId\":null,\"DeletedName\":null}',1,2,7,51,'2025-06-18 14:21:42'),(212,8,'{\"PageRelations\":null,\"ImageWasUpdated\":false,\"Name\":\"ContentCreator Subtopic 4-2\",\"Description\":null,\"PageMardkown\":null,\"Content\":null,\"CustomSegments\":null,\"WikipediaURL\":null,\"DisableLearningFunctions\":false,\"Visibility\":0,\"ParentIds\":[4],\"ChildIds\":[9,10,11],\"DeleteChangeId\":null,\"DeletedName\":null}',1,2,7,51,'2025-06-18 14:21:42'),(213,9,'{\"PageRelations\":null,\"ImageWasUpdated\":false,\"Name\":\"ContentCreator Subtopic 8-1\",\"Description\":null,\"PageMardkown\":null,\"Content\":null,\"CustomSegments\":null,\"WikipediaURL\":null,\"DisableLearningFunctions\":false,\"Visibility\":0,\"ParentIds\":[8],\"ChildIds\":null,\"DeleteChangeId\":null,\"DeletedName\":null}',1,2,7,51,'2025-06-18 14:21:42'),(214,10,'{\"PageRelations\":null,\"ImageWasUpdated\":false,\"Name\":\"ContentCreator Subtopic 8-2\",\"Description\":null,\"PageMardkown\":null,\"Content\":null,\"CustomSegments\":null,\"WikipediaURL\":null,\"DisableLearningFunctions\":false,\"Visibility\":0,\"ParentIds\":[8],\"ChildIds\":null,\"DeleteChangeId\":null,\"DeletedName\":null}',1,2,7,51,'2025-06-18 14:21:42'),(215,11,'{\"PageRelations\":null,\"ImageWasUpdated\":false,\"Name\":\"ContentCreator Subtopic 8-3\",\"Description\":null,\"PageMardkown\":null,\"Content\":null,\"CustomSegments\":null,\"WikipediaURL\":null,\"DisableLearningFunctions\":false,\"Visibility\":0,\"ParentIds\":[8],\"ChildIds\":null,\"DeleteChangeId\":null,\"DeletedName\":null}',1,2,7,51,'2025-06-18 14:21:42'),(216,12,'{\"PageRelations\":null,\"ImageWasUpdated\":false,\"Name\":\"ContentCreator Subtopic 4-3\",\"Description\":null,\"PageMardkown\":null,\"Content\":null,\"CustomSegments\":null,\"WikipediaURL\":null,\"DisableLearningFunctions\":false,\"Visibility\":0,\"ParentIds\":[4],\"ChildIds\":[13,14,15],\"DeleteChangeId\":null,\"DeletedName\":null}',1,2,7,51,'2025-06-18 14:21:42'),(217,13,'{\"PageRelations\":null,\"ImageWasUpdated\":false,\"Name\":\"ContentCreator Subtopic 12-1\",\"Description\":null,\"PageMardkown\":null,\"Content\":null,\"CustomSegments\":null,\"WikipediaURL\":null,\"DisableLearningFunctions\":false,\"Visibility\":0,\"ParentIds\":[12],\"ChildIds\":null,\"DeleteChangeId\":null,\"DeletedName\":null}',1,2,7,51,'2025-06-18 14:21:42'),(218,14,'{\"PageRelations\":null,\"ImageWasUpdated\":false,\"Name\":\"ContentCreator Subtopic 12-2\",\"Description\":null,\"PageMardkown\":null,\"Content\":null,\"CustomSegments\":null,\"WikipediaURL\":null,\"DisableLearningFunctions\":false,\"Visibility\":0,\"ParentIds\":[12],\"ChildIds\":null,\"DeleteChangeId\":null,\"DeletedName\":null}',1,2,7,51,'2025-06-18 14:21:42'),(219,15,'{\"PageRelations\":null,\"ImageWasUpdated\":false,\"Name\":\"ContentCreator Subtopic 12-3\",\"Description\":null,\"PageMardkown\":null,\"Content\":null,\"CustomSegments\":null,\"WikipediaURL\":null,\"DisableLearningFunctions\":false,\"Visibility\":0,\"ParentIds\":[12],\"ChildIds\":null,\"DeleteChangeId\":null,\"DeletedName\":null}',1,2,7,51,'2025-06-18 14:21:42'),(220,16,'{\"PageRelations\":null,\"ImageWasUpdated\":false,\"Name\":\"ContentCreator Topic 2\",\"Description\":null,\"PageMardkown\":null,\"Content\":null,\"CustomSegments\":null,\"WikipediaURL\":null,\"DisableLearningFunctions\":false,\"Visibility\":0,\"ParentIds\":null,\"ChildIds\":[17],\"DeleteChangeId\":null,\"DeletedName\":null}',1,2,7,51,'2025-06-18 14:21:42'),(221,17,'{\"PageRelations\":null,\"ImageWasUpdated\":false,\"Name\":\"ContentCreator Subtopic 16-1\",\"Description\":null,\"PageMardkown\":null,\"Content\":null,\"CustomSegments\":null,\"WikipediaURL\":null,\"DisableLearningFunctions\":false,\"Visibility\":0,\"ParentIds\":[16],\"ChildIds\":[18],\"DeleteChangeId\":null,\"DeletedName\":null}',1,2,7,51,'2025-06-18 14:21:42'),(222,18,'{\"PageRelations\":null,\"ImageWasUpdated\":false,\"Name\":\"ContentCreator Subtopic 17-1\",\"Description\":null,\"PageMardkown\":null,\"Content\":null,\"CustomSegments\":null,\"WikipediaURL\":null,\"DisableLearningFunctions\":false,\"Visibility\":0,\"ParentIds\":[17],\"ChildIds\":null,\"DeleteChangeId\":null,\"DeletedName\":null}',1,2,7,51,'2025-06-18 14:21:42'),(223,19,'{\"PageRelations\":null,\"ImageWasUpdated\":false,\"Name\":\"ContentCreator Subtopic 17-2\",\"Description\":null,\"PageMardkown\":null,\"Content\":null,\"CustomSegments\":null,\"WikipediaURL\":null,\"DisableLearningFunctions\":false,\"Visibility\":0,\"ParentIds\":null,\"ChildIds\":null,\"DeleteChangeId\":null,\"DeletedName\":null}',1,2,0,3,'2025-06-18 14:21:42'),(224,19,'{\"PageRelations\":null,\"ImageWasUpdated\":false,\"Name\":\"ContentCreator Subtopic 17-2\",\"Description\":null,\"PageMardkown\":null,\"Content\":null,\"CustomSegments\":null,\"WikipediaURL\":null,\"DisableLearningFunctions\":false,\"Visibility\":0,\"ParentIds\":[17],\"ChildIds\":null,\"DeleteChangeId\":null,\"DeletedName\":null}',1,2,7,1,'2025-06-18 14:21:42'),(225,17,'{\"PageRelations\":null,\"ImageWasUpdated\":false,\"Name\":\"ContentCreator Subtopic 16-1\",\"Description\":null,\"PageMardkown\":null,\"Content\":null,\"CustomSegments\":null,\"WikipediaURL\":null,\"DisableLearningFunctions\":false,\"Visibility\":0,\"ParentIds\":[16],\"ChildIds\":[18,19],\"DeleteChangeId\":null,\"DeletedName\":null}',1,2,7,1,'2025-06-18 14:21:42'),(226,1,'{\"PageRelations\":null,\"ImageWasUpdated\":false,\"Name\":\"LearningUser Topic 1\",\"Description\":null,\"PageMardkown\":null,\"Content\":null,\"CustomSegments\":null,\"WikipediaURL\":null,\"DisableLearningFunctions\":false,\"Visibility\":0,\"ParentIds\":null,\"ChildIds\":[2],\"DeleteChangeId\":null,\"DeletedName\":null}',1,2,7,50,'2025-06-18 14:21:42'),(227,2,'{\"PageRelations\":null,\"ImageWasUpdated\":false,\"Name\":\"LearningUser Subtopic 1-1\",\"Description\":null,\"PageMardkown\":null,\"Content\":null,\"CustomSegments\":null,\"WikipediaURL\":null,\"DisableLearningFunctions\":false,\"Visibility\":0,\"ParentIds\":[1],\"ChildIds\":[3],\"DeleteChangeId\":null,\"DeletedName\":null}',1,2,7,50,'2025-06-18 14:21:42'),(228,3,'{\"PageRelations\":null,\"ImageWasUpdated\":false,\"Name\":\"LearningUser Subtopic 2-1\",\"Description\":null,\"PageMardkown\":null,\"Content\":null,\"CustomSegments\":null,\"WikipediaURL\":null,\"DisableLearningFunctions\":false,\"Visibility\":0,\"ParentIds\":[2],\"ChildIds\":null,\"DeleteChangeId\":null,\"DeletedName\":null}',1,2,7,50,'2025-06-18 14:21:42'),(229,4,'{\"PageRelations\":null,\"ImageWasUpdated\":false,\"Name\":\"ContentCreator Topic 1\",\"Description\":null,\"PageMardkown\":null,\"Content\":null,\"CustomSegments\":null,\"WikipediaURL\":null,\"DisableLearningFunctions\":false,\"Visibility\":0,\"ParentIds\":null,\"ChildIds\":[5,8,12],\"DeleteChangeId\":null,\"DeletedName\":null}',1,2,7,51,'2025-06-18 14:21:42'),(230,5,'{\"PageRelations\":null,\"ImageWasUpdated\":false,\"Name\":\"ContentCreator Subtopic 4-1\",\"Description\":null,\"PageMardkown\":null,\"Content\":null,\"CustomSegments\":null,\"WikipediaURL\":null,\"DisableLearningFunctions\":false,\"Visibility\":0,\"ParentIds\":[4],\"ChildIds\":[6,7],\"DeleteChangeId\":null,\"DeletedName\":null}',1,2,7,51,'2025-06-18 14:21:42'),(231,6,'{\"PageRelations\":null,\"ImageWasUpdated\":false,\"Name\":\"ContentCreator Subtopic 5-1\",\"Description\":null,\"PageMardkown\":null,\"Content\":null,\"CustomSegments\":null,\"WikipediaURL\":null,\"DisableLearningFunctions\":false,\"Visibility\":0,\"ParentIds\":[5],\"ChildIds\":null,\"DeleteChangeId\":null,\"DeletedName\":null}',1,2,7,51,'2025-06-18 14:21:42'),(232,7,'{\"PageRelations\":null,\"ImageWasUpdated\":false,\"Name\":\"ContentCreator Subtopic 5-2\",\"Description\":null,\"PageMardkown\":null,\"Content\":null,\"CustomSegments\":null,\"WikipediaURL\":null,\"DisableLearningFunctions\":false,\"Visibility\":0,\"ParentIds\":[5],\"ChildIds\":null,\"DeleteChangeId\":null,\"DeletedName\":null}',1,2,7,51,'2025-06-18 14:21:42'),(233,8,'{\"PageRelations\":null,\"ImageWasUpdated\":false,\"Name\":\"ContentCreator Subtopic 4-2\",\"Description\":null,\"PageMardkown\":null,\"Content\":null,\"CustomSegments\":null,\"WikipediaURL\":null,\"DisableLearningFunctions\":false,\"Visibility\":0,\"ParentIds\":[4],\"ChildIds\":[9,10,11],\"DeleteChangeId\":null,\"DeletedName\":null}',1,2,7,51,'2025-06-18 14:21:42'),(234,9,'{\"PageRelations\":null,\"ImageWasUpdated\":false,\"Name\":\"ContentCreator Subtopic 8-1\",\"Description\":null,\"PageMardkown\":null,\"Content\":null,\"CustomSegments\":null,\"WikipediaURL\":null,\"DisableLearningFunctions\":false,\"Visibility\":0,\"ParentIds\":[8],\"ChildIds\":null,\"DeleteChangeId\":null,\"DeletedName\":null}',1,2,7,51,'2025-06-18 14:21:42'),(235,10,'{\"PageRelations\":null,\"ImageWasUpdated\":false,\"Name\":\"ContentCreator Subtopic 8-2\",\"Description\":null,\"PageMardkown\":null,\"Content\":null,\"CustomSegments\":null,\"WikipediaURL\":null,\"DisableLearningFunctions\":false,\"Visibility\":0,\"ParentIds\":[8],\"ChildIds\":null,\"DeleteChangeId\":null,\"DeletedName\":null}',1,2,7,51,'2025-06-18 14:21:42'),(236,11,'{\"PageRelations\":null,\"ImageWasUpdated\":false,\"Name\":\"ContentCreator Subtopic 8-3\",\"Description\":null,\"PageMardkown\":null,\"Content\":null,\"CustomSegments\":null,\"WikipediaURL\":null,\"DisableLearningFunctions\":false,\"Visibility\":0,\"ParentIds\":[8],\"ChildIds\":null,\"DeleteChangeId\":null,\"DeletedName\":null}',1,2,7,51,'2025-06-18 14:21:42'),(237,12,'{\"PageRelations\":null,\"ImageWasUpdated\":false,\"Name\":\"ContentCreator Subtopic 4-3\",\"Description\":null,\"PageMardkown\":null,\"Content\":null,\"CustomSegments\":null,\"WikipediaURL\":null,\"DisableLearningFunctions\":false,\"Visibility\":0,\"ParentIds\":[4],\"ChildIds\":[13,14,15],\"DeleteChangeId\":null,\"DeletedName\":null}',1,2,7,51,'2025-06-18 14:21:42'),(238,13,'{\"PageRelations\":null,\"ImageWasUpdated\":false,\"Name\":\"ContentCreator Subtopic 12-1\",\"Description\":null,\"PageMardkown\":null,\"Content\":null,\"CustomSegments\":null,\"WikipediaURL\":null,\"DisableLearningFunctions\":false,\"Visibility\":0,\"ParentIds\":[12],\"ChildIds\":null,\"DeleteChangeId\":null,\"DeletedName\":null}',1,2,7,51,'2025-06-18 14:21:42'),(239,14,'{\"PageRelations\":null,\"ImageWasUpdated\":false,\"Name\":\"ContentCreator Subtopic 12-2\",\"Description\":null,\"PageMardkown\":null,\"Content\":null,\"CustomSegments\":null,\"WikipediaURL\":null,\"DisableLearningFunctions\":false,\"Visibility\":0,\"ParentIds\":[12],\"ChildIds\":null,\"DeleteChangeId\":null,\"DeletedName\":null}',1,2,7,51,'2025-06-18 14:21:42'),(240,15,'{\"PageRelations\":null,\"ImageWasUpdated\":false,\"Name\":\"ContentCreator Subtopic 12-3\",\"Description\":null,\"PageMardkown\":null,\"Content\":null,\"CustomSegments\":null,\"WikipediaURL\":null,\"DisableLearningFunctions\":false,\"Visibility\":0,\"ParentIds\":[12],\"ChildIds\":null,\"DeleteChangeId\":null,\"DeletedName\":null}',1,2,7,51,'2025-06-18 14:21:42'),(241,16,'{\"PageRelations\":null,\"ImageWasUpdated\":false,\"Name\":\"ContentCreator Topic 2\",\"Description\":null,\"PageMardkown\":null,\"Content\":null,\"CustomSegments\":null,\"WikipediaURL\":null,\"DisableLearningFunctions\":false,\"Visibility\":0,\"ParentIds\":null,\"ChildIds\":[17],\"DeleteChangeId\":null,\"DeletedName\":null}',1,2,7,51,'2025-06-18 14:21:42'),(242,17,'{\"PageRelations\":null,\"ImageWasUpdated\":false,\"Name\":\"ContentCreator Subtopic 16-1\",\"Description\":null,\"PageMardkown\":null,\"Content\":null,\"CustomSegments\":null,\"WikipediaURL\":null,\"DisableLearningFunctions\":false,\"Visibility\":0,\"ParentIds\":[16],\"ChildIds\":[18,19],\"DeleteChangeId\":null,\"DeletedName\":null}',1,2,7,51,'2025-06-18 14:21:42'),(243,18,'{\"PageRelations\":null,\"ImageWasUpdated\":false,\"Name\":\"ContentCreator Subtopic 17-1\",\"Description\":null,\"PageMardkown\":null,\"Content\":null,\"CustomSegments\":null,\"WikipediaURL\":null,\"DisableLearningFunctions\":false,\"Visibility\":0,\"ParentIds\":[17],\"ChildIds\":null,\"DeleteChangeId\":null,\"DeletedName\":null}',1,2,7,51,'2025-06-18 14:21:42'),(244,19,'{\"PageRelations\":null,\"ImageWasUpdated\":false,\"Name\":\"ContentCreator Subtopic 17-2\",\"Description\":null,\"PageMardkown\":null,\"Content\":null,\"CustomSegments\":null,\"WikipediaURL\":null,\"DisableLearningFunctions\":false,\"Visibility\":0,\"ParentIds\":[17],\"ChildIds\":null,\"DeleteChangeId\":null,\"DeletedName\":null}',1,2,7,51,'2025-06-18 14:21:42'),(245,20,'{\"PageRelations\":null,\"ImageWasUpdated\":false,\"Name\":\"ContentCreator Subtopic 17-3\",\"Description\":null,\"PageMardkown\":null,\"Content\":null,\"CustomSegments\":null,\"WikipediaURL\":null,\"DisableLearningFunctions\":false,\"Visibility\":0,\"ParentIds\":null,\"ChildIds\":null,\"DeleteChangeId\":null,\"DeletedName\":null}',1,2,0,3,'2025-06-18 14:21:42'),(246,20,'{\"PageRelations\":null,\"ImageWasUpdated\":false,\"Name\":\"ContentCreator Subtopic 17-3\",\"Description\":null,\"PageMardkown\":null,\"Content\":null,\"CustomSegments\":null,\"WikipediaURL\":null,\"DisableLearningFunctions\":false,\"Visibility\":0,\"ParentIds\":[17],\"ChildIds\":null,\"DeleteChangeId\":null,\"DeletedName\":null}',1,2,7,1,'2025-06-18 14:21:42'),(247,17,'{\"PageRelations\":null,\"ImageWasUpdated\":false,\"Name\":\"ContentCreator Subtopic 16-1\",\"Description\":null,\"PageMardkown\":null,\"Content\":null,\"CustomSegments\":null,\"WikipediaURL\":null,\"DisableLearningFunctions\":false,\"Visibility\":0,\"ParentIds\":[16],\"ChildIds\":[18,19,20],\"DeleteChangeId\":null,\"DeletedName\":null}',1,2,7,1,'2025-06-18 14:21:42'),(248,1,'{\"PageRelations\":null,\"ImageWasUpdated\":false,\"Name\":\"LearningUser Topic 1\",\"Description\":null,\"PageMardkown\":null,\"Content\":null,\"CustomSegments\":null,\"WikipediaURL\":null,\"DisableLearningFunctions\":false,\"Visibility\":0,\"ParentIds\":null,\"ChildIds\":[2],\"DeleteChangeId\":null,\"DeletedName\":null}',1,2,7,50,'2025-06-18 14:21:42'),(249,2,'{\"PageRelations\":null,\"ImageWasUpdated\":false,\"Name\":\"LearningUser Subtopic 1-1\",\"Description\":null,\"PageMardkown\":null,\"Content\":null,\"CustomSegments\":null,\"WikipediaURL\":null,\"DisableLearningFunctions\":false,\"Visibility\":0,\"ParentIds\":[1],\"ChildIds\":[3],\"DeleteChangeId\":null,\"DeletedName\":null}',1,2,7,50,'2025-06-18 14:21:42'),(250,3,'{\"PageRelations\":null,\"ImageWasUpdated\":false,\"Name\":\"LearningUser Subtopic 2-1\",\"Description\":null,\"PageMardkown\":null,\"Content\":null,\"CustomSegments\":null,\"WikipediaURL\":null,\"DisableLearningFunctions\":false,\"Visibility\":0,\"ParentIds\":[2],\"ChildIds\":null,\"DeleteChangeId\":null,\"DeletedName\":null}',1,2,7,50,'2025-06-18 14:21:42'),(251,4,'{\"PageRelations\":null,\"ImageWasUpdated\":false,\"Name\":\"ContentCreator Topic 1\",\"Description\":null,\"PageMardkown\":null,\"Content\":null,\"CustomSegments\":null,\"WikipediaURL\":null,\"DisableLearningFunctions\":false,\"Visibility\":0,\"ParentIds\":null,\"ChildIds\":[5,8,12],\"DeleteChangeId\":null,\"DeletedName\":null}',1,2,7,51,'2025-06-18 14:21:42'),(252,5,'{\"PageRelations\":null,\"ImageWasUpdated\":false,\"Name\":\"ContentCreator Subtopic 4-1\",\"Description\":null,\"PageMardkown\":null,\"Content\":null,\"CustomSegments\":null,\"WikipediaURL\":null,\"DisableLearningFunctions\":false,\"Visibility\":0,\"ParentIds\":[4],\"ChildIds\":[6,7],\"DeleteChangeId\":null,\"DeletedName\":null}',1,2,7,51,'2025-06-18 14:21:42'),(253,6,'{\"PageRelations\":null,\"ImageWasUpdated\":false,\"Name\":\"ContentCreator Subtopic 5-1\",\"Description\":null,\"PageMardkown\":null,\"Content\":null,\"CustomSegments\":null,\"WikipediaURL\":null,\"DisableLearningFunctions\":false,\"Visibility\":0,\"ParentIds\":[5],\"ChildIds\":null,\"DeleteChangeId\":null,\"DeletedName\":null}',1,2,7,51,'2025-06-18 14:21:43'),(254,7,'{\"PageRelations\":null,\"ImageWasUpdated\":false,\"Name\":\"ContentCreator Subtopic 5-2\",\"Description\":null,\"PageMardkown\":null,\"Content\":null,\"CustomSegments\":null,\"WikipediaURL\":null,\"DisableLearningFunctions\":false,\"Visibility\":0,\"ParentIds\":[5],\"ChildIds\":null,\"DeleteChangeId\":null,\"DeletedName\":null}',1,2,7,51,'2025-06-18 14:21:43'),(255,8,'{\"PageRelations\":null,\"ImageWasUpdated\":false,\"Name\":\"ContentCreator Subtopic 4-2\",\"Description\":null,\"PageMardkown\":null,\"Content\":null,\"CustomSegments\":null,\"WikipediaURL\":null,\"DisableLearningFunctions\":false,\"Visibility\":0,\"ParentIds\":[4],\"ChildIds\":[9,10,11],\"DeleteChangeId\":null,\"DeletedName\":null}',1,2,7,51,'2025-06-18 14:21:43'),(256,9,'{\"PageRelations\":null,\"ImageWasUpdated\":false,\"Name\":\"ContentCreator Subtopic 8-1\",\"Description\":null,\"PageMardkown\":null,\"Content\":null,\"CustomSegments\":null,\"WikipediaURL\":null,\"DisableLearningFunctions\":false,\"Visibility\":0,\"ParentIds\":[8],\"ChildIds\":null,\"DeleteChangeId\":null,\"DeletedName\":null}',1,2,7,51,'2025-06-18 14:21:43'),(257,10,'{\"PageRelations\":null,\"ImageWasUpdated\":false,\"Name\":\"ContentCreator Subtopic 8-2\",\"Description\":null,\"PageMardkown\":null,\"Content\":null,\"CustomSegments\":null,\"WikipediaURL\":null,\"DisableLearningFunctions\":false,\"Visibility\":0,\"ParentIds\":[8],\"ChildIds\":null,\"DeleteChangeId\":null,\"DeletedName\":null}',1,2,7,51,'2025-06-18 14:21:43'),(258,11,'{\"PageRelations\":null,\"ImageWasUpdated\":false,\"Name\":\"ContentCreator Subtopic 8-3\",\"Description\":null,\"PageMardkown\":null,\"Content\":null,\"CustomSegments\":null,\"WikipediaURL\":null,\"DisableLearningFunctions\":false,\"Visibility\":0,\"ParentIds\":[8],\"ChildIds\":null,\"DeleteChangeId\":null,\"DeletedName\":null}',1,2,7,51,'2025-06-18 14:21:43'),(259,12,'{\"PageRelations\":null,\"ImageWasUpdated\":false,\"Name\":\"ContentCreator Subtopic 4-3\",\"Description\":null,\"PageMardkown\":null,\"Content\":null,\"CustomSegments\":null,\"WikipediaURL\":null,\"DisableLearningFunctions\":false,\"Visibility\":0,\"ParentIds\":[4],\"ChildIds\":[13,14,15],\"DeleteChangeId\":null,\"DeletedName\":null}',1,2,7,51,'2025-06-18 14:21:43'),(260,13,'{\"PageRelations\":null,\"ImageWasUpdated\":false,\"Name\":\"ContentCreator Subtopic 12-1\",\"Description\":null,\"PageMardkown\":null,\"Content\":null,\"CustomSegments\":null,\"WikipediaURL\":null,\"DisableLearningFunctions\":false,\"Visibility\":0,\"ParentIds\":[12],\"ChildIds\":null,\"DeleteChangeId\":null,\"DeletedName\":null}',1,2,7,51,'2025-06-18 14:21:43'),(261,14,'{\"PageRelations\":null,\"ImageWasUpdated\":false,\"Name\":\"ContentCreator Subtopic 12-2\",\"Description\":null,\"PageMardkown\":null,\"Content\":null,\"CustomSegments\":null,\"WikipediaURL\":null,\"DisableLearningFunctions\":false,\"Visibility\":0,\"ParentIds\":[12],\"ChildIds\":null,\"DeleteChangeId\":null,\"DeletedName\":null}',1,2,7,51,'2025-06-18 14:21:43'),(262,15,'{\"PageRelations\":null,\"ImageWasUpdated\":false,\"Name\":\"ContentCreator Subtopic 12-3\",\"Description\":null,\"PageMardkown\":null,\"Content\":null,\"CustomSegments\":null,\"WikipediaURL\":null,\"DisableLearningFunctions\":false,\"Visibility\":0,\"ParentIds\":[12],\"ChildIds\":null,\"DeleteChangeId\":null,\"DeletedName\":null}',1,2,7,51,'2025-06-18 14:21:43'),(263,16,'{\"PageRelations\":null,\"ImageWasUpdated\":false,\"Name\":\"ContentCreator Topic 2\",\"Description\":null,\"PageMardkown\":null,\"Content\":null,\"CustomSegments\":null,\"WikipediaURL\":null,\"DisableLearningFunctions\":false,\"Visibility\":0,\"ParentIds\":null,\"ChildIds\":[17],\"DeleteChangeId\":null,\"DeletedName\":null}',1,2,7,51,'2025-06-18 14:21:43'),(264,17,'{\"PageRelations\":null,\"ImageWasUpdated\":false,\"Name\":\"ContentCreator Subtopic 16-1\",\"Description\":null,\"PageMardkown\":null,\"Content\":null,\"CustomSegments\":null,\"WikipediaURL\":null,\"DisableLearningFunctions\":false,\"Visibility\":0,\"ParentIds\":[16],\"ChildIds\":[18,19,20],\"DeleteChangeId\":null,\"DeletedName\":null}',1,2,7,51,'2025-06-18 14:21:43'),(265,18,'{\"PageRelations\":null,\"ImageWasUpdated\":false,\"Name\":\"ContentCreator Subtopic 17-1\",\"Description\":null,\"PageMardkown\":null,\"Content\":null,\"CustomSegments\":null,\"WikipediaURL\":null,\"DisableLearningFunctions\":false,\"Visibility\":0,\"ParentIds\":[17],\"ChildIds\":null,\"DeleteChangeId\":null,\"DeletedName\":null}',1,2,7,51,'2025-06-18 14:21:43'),(266,19,'{\"PageRelations\":null,\"ImageWasUpdated\":false,\"Name\":\"ContentCreator Subtopic 17-2\",\"Description\":null,\"PageMardkown\":null,\"Content\":null,\"CustomSegments\":null,\"WikipediaURL\":null,\"DisableLearningFunctions\":false,\"Visibility\":0,\"ParentIds\":[17],\"ChildIds\":null,\"DeleteChangeId\":null,\"DeletedName\":null}',1,2,7,51,'2025-06-18 14:21:43'),(267,20,'{\"PageRelations\":null,\"ImageWasUpdated\":false,\"Name\":\"ContentCreator Subtopic 17-3\",\"Description\":null,\"PageMardkown\":null,\"Content\":null,\"CustomSegments\":null,\"WikipediaURL\":null,\"DisableLearningFunctions\":false,\"Visibility\":0,\"ParentIds\":[17],\"ChildIds\":null,\"DeleteChangeId\":null,\"DeletedName\":null}',1,2,7,51,'2025-06-18 14:21:43'),(268,1,'{\"PageRelations\":null,\"ImageWasUpdated\":false,\"Name\":\"LearningUser Topic 1\",\"Description\":null,\"PageMardkown\":null,\"Content\":null,\"CustomSegments\":null,\"WikipediaURL\":null,\"DisableLearningFunctions\":false,\"Visibility\":0,\"ParentIds\":null,\"ChildIds\":[2],\"DeleteChangeId\":null,\"DeletedName\":null}',1,2,7,50,'2025-06-18 14:21:43'),(269,2,'{\"PageRelations\":null,\"ImageWasUpdated\":false,\"Name\":\"LearningUser Subtopic 1-1\",\"Description\":null,\"PageMardkown\":null,\"Content\":null,\"CustomSegments\":null,\"WikipediaURL\":null,\"DisableLearningFunctions\":false,\"Visibility\":0,\"ParentIds\":[1],\"ChildIds\":[3],\"DeleteChangeId\":null,\"DeletedName\":null}',1,2,7,50,'2025-06-18 14:21:43'),(270,3,'{\"PageRelations\":null,\"ImageWasUpdated\":false,\"Name\":\"LearningUser Subtopic 2-1\",\"Description\":null,\"PageMardkown\":null,\"Content\":null,\"CustomSegments\":null,\"WikipediaURL\":null,\"DisableLearningFunctions\":false,\"Visibility\":0,\"ParentIds\":[2],\"ChildIds\":null,\"DeleteChangeId\":null,\"DeletedName\":null}',1,2,7,50,'2025-06-18 14:21:43'),(271,4,'{\"PageRelations\":null,\"ImageWasUpdated\":false,\"Name\":\"ContentCreator Topic 1\",\"Description\":null,\"PageMardkown\":null,\"Content\":null,\"CustomSegments\":null,\"WikipediaURL\":null,\"DisableLearningFunctions\":false,\"Visibility\":0,\"ParentIds\":null,\"ChildIds\":[5,8,12],\"DeleteChangeId\":null,\"DeletedName\":null}',1,2,7,51,'2025-06-18 14:21:43'),(272,5,'{\"PageRelations\":null,\"ImageWasUpdated\":false,\"Name\":\"ContentCreator Subtopic 4-1\",\"Description\":null,\"PageMardkown\":null,\"Content\":null,\"CustomSegments\":null,\"WikipediaURL\":null,\"DisableLearningFunctions\":false,\"Visibility\":0,\"ParentIds\":[4],\"ChildIds\":[6,7],\"DeleteChangeId\":null,\"DeletedName\":null}',1,2,7,51,'2025-06-18 14:21:43'),(273,6,'{\"PageRelations\":null,\"ImageWasUpdated\":false,\"Name\":\"ContentCreator Subtopic 5-1\",\"Description\":null,\"PageMardkown\":null,\"Content\":null,\"CustomSegments\":null,\"WikipediaURL\":null,\"DisableLearningFunctions\":false,\"Visibility\":0,\"ParentIds\":[5],\"ChildIds\":null,\"DeleteChangeId\":null,\"DeletedName\":null}',1,2,7,51,'2025-06-18 14:21:43'),(274,7,'{\"PageRelations\":null,\"ImageWasUpdated\":false,\"Name\":\"ContentCreator Subtopic 5-2\",\"Description\":null,\"PageMardkown\":null,\"Content\":null,\"CustomSegments\":null,\"WikipediaURL\":null,\"DisableLearningFunctions\":false,\"Visibility\":0,\"ParentIds\":[5],\"ChildIds\":null,\"DeleteChangeId\":null,\"DeletedName\":null}',1,2,7,51,'2025-06-18 14:21:43'),(275,8,'{\"PageRelations\":null,\"ImageWasUpdated\":false,\"Name\":\"ContentCreator Subtopic 4-2\",\"Description\":null,\"PageMardkown\":null,\"Content\":null,\"CustomSegments\":null,\"WikipediaURL\":null,\"DisableLearningFunctions\":false,\"Visibility\":0,\"ParentIds\":[4],\"ChildIds\":[9,10,11],\"DeleteChangeId\":null,\"DeletedName\":null}',1,2,7,51,'2025-06-18 14:21:43'),(276,9,'{\"PageRelations\":null,\"ImageWasUpdated\":false,\"Name\":\"ContentCreator Subtopic 8-1\",\"Description\":null,\"PageMardkown\":null,\"Content\":null,\"CustomSegments\":null,\"WikipediaURL\":null,\"DisableLearningFunctions\":false,\"Visibility\":0,\"ParentIds\":[8],\"ChildIds\":null,\"DeleteChangeId\":null,\"DeletedName\":null}',1,2,7,51,'2025-06-18 14:21:43'),(277,10,'{\"PageRelations\":null,\"ImageWasUpdated\":false,\"Name\":\"ContentCreator Subtopic 8-2\",\"Description\":null,\"PageMardkown\":null,\"Content\":null,\"CustomSegments\":null,\"WikipediaURL\":null,\"DisableLearningFunctions\":false,\"Visibility\":0,\"ParentIds\":[8],\"ChildIds\":null,\"DeleteChangeId\":null,\"DeletedName\":null}',1,2,7,51,'2025-06-18 14:21:43'),(278,11,'{\"PageRelations\":null,\"ImageWasUpdated\":false,\"Name\":\"ContentCreator Subtopic 8-3\",\"Description\":null,\"PageMardkown\":null,\"Content\":null,\"CustomSegments\":null,\"WikipediaURL\":null,\"DisableLearningFunctions\":false,\"Visibility\":0,\"ParentIds\":[8],\"ChildIds\":null,\"DeleteChangeId\":null,\"DeletedName\":null}',1,2,7,51,'2025-06-18 14:21:43'),(279,12,'{\"PageRelations\":null,\"ImageWasUpdated\":false,\"Name\":\"ContentCreator Subtopic 4-3\",\"Description\":null,\"PageMardkown\":null,\"Content\":null,\"CustomSegments\":null,\"WikipediaURL\":null,\"DisableLearningFunctions\":false,\"Visibility\":0,\"ParentIds\":[4],\"ChildIds\":[13,14,15],\"DeleteChangeId\":null,\"DeletedName\":null}',1,2,7,51,'2025-06-18 14:21:43'),(280,13,'{\"PageRelations\":null,\"ImageWasUpdated\":false,\"Name\":\"ContentCreator Subtopic 12-1\",\"Description\":null,\"PageMardkown\":null,\"Content\":null,\"CustomSegments\":null,\"WikipediaURL\":null,\"DisableLearningFunctions\":false,\"Visibility\":0,\"ParentIds\":[12],\"ChildIds\":null,\"DeleteChangeId\":null,\"DeletedName\":null}',1,2,7,51,'2025-06-18 14:21:43'),(281,14,'{\"PageRelations\":null,\"ImageWasUpdated\":false,\"Name\":\"ContentCreator Subtopic 12-2\",\"Description\":null,\"PageMardkown\":null,\"Content\":null,\"CustomSegments\":null,\"WikipediaURL\":null,\"DisableLearningFunctions\":false,\"Visibility\":0,\"ParentIds\":[12],\"ChildIds\":null,\"DeleteChangeId\":null,\"DeletedName\":null}',1,2,7,51,'2025-06-18 14:21:43'),(282,15,'{\"PageRelations\":null,\"ImageWasUpdated\":false,\"Name\":\"ContentCreator Subtopic 12-3\",\"Description\":null,\"PageMardkown\":null,\"Content\":null,\"CustomSegments\":null,\"WikipediaURL\":null,\"DisableLearningFunctions\":false,\"Visibility\":0,\"ParentIds\":[12],\"ChildIds\":null,\"DeleteChangeId\":null,\"DeletedName\":null}',1,2,7,51,'2025-06-18 14:21:43'),(283,16,'{\"PageRelations\":null,\"ImageWasUpdated\":false,\"Name\":\"ContentCreator Topic 2\",\"Description\":null,\"PageMardkown\":null,\"Content\":null,\"CustomSegments\":null,\"WikipediaURL\":null,\"DisableLearningFunctions\":false,\"Visibility\":0,\"ParentIds\":null,\"ChildIds\":[17],\"DeleteChangeId\":null,\"DeletedName\":null}',1,2,7,51,'2025-06-18 14:21:43'),(284,17,'{\"PageRelations\":null,\"ImageWasUpdated\":false,\"Name\":\"ContentCreator Subtopic 16-1\",\"Description\":null,\"PageMardkown\":null,\"Content\":null,\"CustomSegments\":null,\"WikipediaURL\":null,\"DisableLearningFunctions\":false,\"Visibility\":0,\"ParentIds\":[16],\"ChildIds\":[18,19,20],\"DeleteChangeId\":null,\"DeletedName\":null}',1,2,7,51,'2025-06-18 14:21:43'),(285,18,'{\"PageRelations\":null,\"ImageWasUpdated\":false,\"Name\":\"ContentCreator Subtopic 17-1\",\"Description\":null,\"PageMardkown\":null,\"Content\":null,\"CustomSegments\":null,\"WikipediaURL\":null,\"DisableLearningFunctions\":false,\"Visibility\":0,\"ParentIds\":[17],\"ChildIds\":null,\"DeleteChangeId\":null,\"DeletedName\":null}',1,2,7,51,'2025-06-18 14:21:43'),(286,19,'{\"PageRelations\":null,\"ImageWasUpdated\":false,\"Name\":\"ContentCreator Subtopic 17-2\",\"Description\":null,\"PageMardkown\":null,\"Content\":null,\"CustomSegments\":null,\"WikipediaURL\":null,\"DisableLearningFunctions\":false,\"Visibility\":0,\"ParentIds\":[17],\"ChildIds\":null,\"DeleteChangeId\":null,\"DeletedName\":null}',1,2,7,51,'2025-06-18 14:21:43'),(287,20,'{\"PageRelations\":null,\"ImageWasUpdated\":false,\"Name\":\"ContentCreator Subtopic 17-3\",\"Description\":null,\"PageMardkown\":null,\"Content\":null,\"CustomSegments\":null,\"WikipediaURL\":null,\"DisableLearningFunctions\":false,\"Visibility\":0,\"ParentIds\":[17],\"ChildIds\":null,\"DeleteChangeId\":null,\"DeletedName\":null}',1,2,7,51,'2025-06-18 14:21:43'),(288,21,'{\"PageRelations\":null,\"ImageWasUpdated\":false,\"Name\":\"QuestionContributor Topic 1\",\"Description\":null,\"PageMardkown\":null,\"Content\":null,\"CustomSegments\":null,\"WikipediaURL\":null,\"DisableLearningFunctions\":false,\"Visibility\":0,\"ParentIds\":null,\"ChildIds\":null,\"DeleteChangeId\":null,\"DeletedName\":null}',1,2,0,4,'2025-06-18 14:21:43'),(289,1,'{\"PageRelations\":null,\"ImageWasUpdated\":false,\"Name\":\"LearningUser Topic 1\",\"Description\":null,\"PageMardkown\":null,\"Content\":null,\"CustomSegments\":null,\"WikipediaURL\":null,\"DisableLearningFunctions\":false,\"Visibility\":0,\"ParentIds\":null,\"ChildIds\":[2],\"DeleteChangeId\":null,\"DeletedName\":null}',1,2,7,50,'2025-06-18 14:21:43'),(290,2,'{\"PageRelations\":null,\"ImageWasUpdated\":false,\"Name\":\"LearningUser Subtopic 1-1\",\"Description\":null,\"PageMardkown\":null,\"Content\":null,\"CustomSegments\":null,\"WikipediaURL\":null,\"DisableLearningFunctions\":false,\"Visibility\":0,\"ParentIds\":[1],\"ChildIds\":[3],\"DeleteChangeId\":null,\"DeletedName\":null}',1,2,7,50,'2025-06-18 14:21:43'),(291,3,'{\"PageRelations\":null,\"ImageWasUpdated\":false,\"Name\":\"LearningUser Subtopic 2-1\",\"Description\":null,\"PageMardkown\":null,\"Content\":null,\"CustomSegments\":null,\"WikipediaURL\":null,\"DisableLearningFunctions\":false,\"Visibility\":0,\"ParentIds\":[2],\"ChildIds\":null,\"DeleteChangeId\":null,\"DeletedName\":null}',1,2,7,50,'2025-06-18 14:21:43'),(292,4,'{\"PageRelations\":null,\"ImageWasUpdated\":false,\"Name\":\"ContentCreator Topic 1\",\"Description\":null,\"PageMardkown\":null,\"Content\":null,\"CustomSegments\":null,\"WikipediaURL\":null,\"DisableLearningFunctions\":false,\"Visibility\":0,\"ParentIds\":null,\"ChildIds\":[5,8,12],\"DeleteChangeId\":null,\"DeletedName\":null}',1,2,7,51,'2025-06-18 14:21:43'),(293,5,'{\"PageRelations\":null,\"ImageWasUpdated\":false,\"Name\":\"ContentCreator Subtopic 4-1\",\"Description\":null,\"PageMardkown\":null,\"Content\":null,\"CustomSegments\":null,\"WikipediaURL\":null,\"DisableLearningFunctions\":false,\"Visibility\":0,\"ParentIds\":[4],\"ChildIds\":[6,7],\"DeleteChangeId\":null,\"DeletedName\":null}',1,2,7,51,'2025-06-18 14:21:43'),(294,6,'{\"PageRelations\":null,\"ImageWasUpdated\":false,\"Name\":\"ContentCreator Subtopic 5-1\",\"Description\":null,\"PageMardkown\":null,\"Content\":null,\"CustomSegments\":null,\"WikipediaURL\":null,\"DisableLearningFunctions\":false,\"Visibility\":0,\"ParentIds\":[5],\"ChildIds\":null,\"DeleteChangeId\":null,\"DeletedName\":null}',1,2,7,51,'2025-06-18 14:21:43'),(295,7,'{\"PageRelations\":null,\"ImageWasUpdated\":false,\"Name\":\"ContentCreator Subtopic 5-2\",\"Description\":null,\"PageMardkown\":null,\"Content\":null,\"CustomSegments\":null,\"WikipediaURL\":null,\"DisableLearningFunctions\":false,\"Visibility\":0,\"ParentIds\":[5],\"ChildIds\":null,\"DeleteChangeId\":null,\"DeletedName\":null}',1,2,7,51,'2025-06-18 14:21:43'),(296,8,'{\"PageRelations\":null,\"ImageWasUpdated\":false,\"Name\":\"ContentCreator Subtopic 4-2\",\"Description\":null,\"PageMardkown\":null,\"Content\":null,\"CustomSegments\":null,\"WikipediaURL\":null,\"DisableLearningFunctions\":false,\"Visibility\":0,\"ParentIds\":[4],\"ChildIds\":[9,10,11],\"DeleteChangeId\":null,\"DeletedName\":null}',1,2,7,51,'2025-06-18 14:21:43'),(297,9,'{\"PageRelations\":null,\"ImageWasUpdated\":false,\"Name\":\"ContentCreator Subtopic 8-1\",\"Description\":null,\"PageMardkown\":null,\"Content\":null,\"CustomSegments\":null,\"WikipediaURL\":null,\"DisableLearningFunctions\":false,\"Visibility\":0,\"ParentIds\":[8],\"ChildIds\":null,\"DeleteChangeId\":null,\"DeletedName\":null}',1,2,7,51,'2025-06-18 14:21:43'),(298,10,'{\"PageRelations\":null,\"ImageWasUpdated\":false,\"Name\":\"ContentCreator Subtopic 8-2\",\"Description\":null,\"PageMardkown\":null,\"Content\":null,\"CustomSegments\":null,\"WikipediaURL\":null,\"DisableLearningFunctions\":false,\"Visibility\":0,\"ParentIds\":[8],\"ChildIds\":null,\"DeleteChangeId\":null,\"DeletedName\":null}',1,2,7,51,'2025-06-18 14:21:43'),(299,11,'{\"PageRelations\":null,\"ImageWasUpdated\":false,\"Name\":\"ContentCreator Subtopic 8-3\",\"Description\":null,\"PageMardkown\":null,\"Content\":null,\"CustomSegments\":null,\"WikipediaURL\":null,\"DisableLearningFunctions\":false,\"Visibility\":0,\"ParentIds\":[8],\"ChildIds\":null,\"DeleteChangeId\":null,\"DeletedName\":null}',1,2,7,51,'2025-06-18 14:21:43'),(300,12,'{\"PageRelations\":null,\"ImageWasUpdated\":false,\"Name\":\"ContentCreator Subtopic 4-3\",\"Description\":null,\"PageMardkown\":null,\"Content\":null,\"CustomSegments\":null,\"WikipediaURL\":null,\"DisableLearningFunctions\":false,\"Visibility\":0,\"ParentIds\":[4],\"ChildIds\":[13,14,15],\"DeleteChangeId\":null,\"DeletedName\":null}',1,2,7,51,'2025-06-18 14:21:43'),(301,13,'{\"PageRelations\":null,\"ImageWasUpdated\":false,\"Name\":\"ContentCreator Subtopic 12-1\",\"Description\":null,\"PageMardkown\":null,\"Content\":null,\"CustomSegments\":null,\"WikipediaURL\":null,\"DisableLearningFunctions\":false,\"Visibility\":0,\"ParentIds\":[12],\"ChildIds\":null,\"DeleteChangeId\":null,\"DeletedName\":null}',1,2,7,51,'2025-06-18 14:21:43'),(302,14,'{\"PageRelations\":null,\"ImageWasUpdated\":false,\"Name\":\"ContentCreator Subtopic 12-2\",\"Description\":null,\"PageMardkown\":null,\"Content\":null,\"CustomSegments\":null,\"WikipediaURL\":null,\"DisableLearningFunctions\":false,\"Visibility\":0,\"ParentIds\":[12],\"ChildIds\":null,\"DeleteChangeId\":null,\"DeletedName\":null}',1,2,7,51,'2025-06-18 14:21:43'),(303,15,'{\"PageRelations\":null,\"ImageWasUpdated\":false,\"Name\":\"ContentCreator Subtopic 12-3\",\"Description\":null,\"PageMardkown\":null,\"Content\":null,\"CustomSegments\":null,\"WikipediaURL\":null,\"DisableLearningFunctions\":false,\"Visibility\":0,\"ParentIds\":[12],\"ChildIds\":null,\"DeleteChangeId\":null,\"DeletedName\":null}',1,2,7,51,'2025-06-18 14:21:43'),(304,16,'{\"PageRelations\":null,\"ImageWasUpdated\":false,\"Name\":\"ContentCreator Topic 2\",\"Description\":null,\"PageMardkown\":null,\"Content\":null,\"CustomSegments\":null,\"WikipediaURL\":null,\"DisableLearningFunctions\":false,\"Visibility\":0,\"ParentIds\":null,\"ChildIds\":[17],\"DeleteChangeId\":null,\"DeletedName\":null}',1,2,7,51,'2025-06-18 14:21:44'),(305,17,'{\"PageRelations\":null,\"ImageWasUpdated\":false,\"Name\":\"ContentCreator Subtopic 16-1\",\"Description\":null,\"PageMardkown\":null,\"Content\":null,\"CustomSegments\":null,\"WikipediaURL\":null,\"DisableLearningFunctions\":false,\"Visibility\":0,\"ParentIds\":[16],\"ChildIds\":[18,19,20],\"DeleteChangeId\":null,\"DeletedName\":null}',1,2,7,51,'2025-06-18 14:21:44'),(306,18,'{\"PageRelations\":null,\"ImageWasUpdated\":false,\"Name\":\"ContentCreator Subtopic 17-1\",\"Description\":null,\"PageMardkown\":null,\"Content\":null,\"CustomSegments\":null,\"WikipediaURL\":null,\"DisableLearningFunctions\":false,\"Visibility\":0,\"ParentIds\":[17],\"ChildIds\":null,\"DeleteChangeId\":null,\"DeletedName\":null}',1,2,7,51,'2025-06-18 14:21:44'),(307,19,'{\"PageRelations\":null,\"ImageWasUpdated\":false,\"Name\":\"ContentCreator Subtopic 17-2\",\"Description\":null,\"PageMardkown\":null,\"Content\":null,\"CustomSegments\":null,\"WikipediaURL\":null,\"DisableLearningFunctions\":false,\"Visibility\":0,\"ParentIds\":[17],\"ChildIds\":null,\"DeleteChangeId\":null,\"DeletedName\":null}',1,2,7,51,'2025-06-18 14:21:44'),(308,20,'{\"PageRelations\":null,\"ImageWasUpdated\":false,\"Name\":\"ContentCreator Subtopic 17-3\",\"Description\":null,\"PageMardkown\":null,\"Content\":null,\"CustomSegments\":null,\"WikipediaURL\":null,\"DisableLearningFunctions\":false,\"Visibility\":0,\"ParentIds\":[17],\"ChildIds\":null,\"DeleteChangeId\":null,\"DeletedName\":null}',1,2,7,51,'2025-06-18 14:21:44'),(309,21,'{\"PageRelations\":null,\"ImageWasUpdated\":false,\"Name\":\"QuestionContributor Topic 1\",\"Description\":null,\"PageMardkown\":null,\"Content\":null,\"CustomSegments\":null,\"WikipediaURL\":null,\"DisableLearningFunctions\":false,\"Visibility\":0,\"ParentIds\":null,\"ChildIds\":null,\"DeleteChangeId\":null,\"DeletedName\":null}',1,2,7,52,'2025-06-18 14:21:44'),(310,22,'{\"PageRelations\":null,\"ImageWasUpdated\":false,\"Name\":\"QuestionContributor Subtopic 21-1\",\"Description\":null,\"PageMardkown\":null,\"Content\":null,\"CustomSegments\":null,\"WikipediaURL\":null,\"DisableLearningFunctions\":false,\"Visibility\":0,\"ParentIds\":null,\"ChildIds\":null,\"DeleteChangeId\":null,\"DeletedName\":null}',1,2,0,4,'2025-06-18 14:21:44'),(311,22,'{\"PageRelations\":null,\"ImageWasUpdated\":false,\"Name\":\"QuestionContributor Subtopic 21-1\",\"Description\":null,\"PageMardkown\":null,\"Content\":null,\"CustomSegments\":null,\"WikipediaURL\":null,\"DisableLearningFunctions\":false,\"Visibility\":0,\"ParentIds\":[21],\"ChildIds\":null,\"DeleteChangeId\":null,\"DeletedName\":null}',1,2,7,1,'2025-06-18 14:21:44'),(312,21,'{\"PageRelations\":null,\"ImageWasUpdated\":false,\"Name\":\"QuestionContributor Topic 1\",\"Description\":null,\"PageMardkown\":null,\"Content\":null,\"CustomSegments\":null,\"WikipediaURL\":null,\"DisableLearningFunctions\":false,\"Visibility\":0,\"ParentIds\":null,\"ChildIds\":[22],\"DeleteChangeId\":null,\"DeletedName\":null}',1,2,7,1,'2025-06-18 14:21:44'),(313,1,'{\"PageRelations\":null,\"ImageWasUpdated\":false,\"Name\":\"LearningUser Topic 1\",\"Description\":null,\"PageMardkown\":null,\"Content\":null,\"CustomSegments\":null,\"WikipediaURL\":null,\"DisableLearningFunctions\":false,\"Visibility\":0,\"ParentIds\":null,\"ChildIds\":[2],\"DeleteChangeId\":null,\"DeletedName\":null}',1,2,7,50,'2025-06-18 14:21:44'),(314,2,'{\"PageRelations\":null,\"ImageWasUpdated\":false,\"Name\":\"LearningUser Subtopic 1-1\",\"Description\":null,\"PageMardkown\":null,\"Content\":null,\"CustomSegments\":null,\"WikipediaURL\":null,\"DisableLearningFunctions\":false,\"Visibility\":0,\"ParentIds\":[1],\"ChildIds\":[3],\"DeleteChangeId\":null,\"DeletedName\":null}',1,2,7,50,'2025-06-18 14:21:44'),(315,3,'{\"PageRelations\":null,\"ImageWasUpdated\":false,\"Name\":\"LearningUser Subtopic 2-1\",\"Description\":null,\"PageMardkown\":null,\"Content\":null,\"CustomSegments\":null,\"WikipediaURL\":null,\"DisableLearningFunctions\":false,\"Visibility\":0,\"ParentIds\":[2],\"ChildIds\":null,\"DeleteChangeId\":null,\"DeletedName\":null}',1,2,7,50,'2025-06-18 14:21:44'),(316,4,'{\"PageRelations\":null,\"ImageWasUpdated\":false,\"Name\":\"ContentCreator Topic 1\",\"Description\":null,\"PageMardkown\":null,\"Content\":null,\"CustomSegments\":null,\"WikipediaURL\":null,\"DisableLearningFunctions\":false,\"Visibility\":0,\"ParentIds\":null,\"ChildIds\":[5,8,12],\"DeleteChangeId\":null,\"DeletedName\":null}',1,2,7,51,'2025-06-18 14:21:44'),(317,5,'{\"PageRelations\":null,\"ImageWasUpdated\":false,\"Name\":\"ContentCreator Subtopic 4-1\",\"Description\":null,\"PageMardkown\":null,\"Content\":null,\"CustomSegments\":null,\"WikipediaURL\":null,\"DisableLearningFunctions\":false,\"Visibility\":0,\"ParentIds\":[4],\"ChildIds\":[6,7],\"DeleteChangeId\":null,\"DeletedName\":null}',1,2,7,51,'2025-06-18 14:21:44'),(318,6,'{\"PageRelations\":null,\"ImageWasUpdated\":false,\"Name\":\"ContentCreator Subtopic 5-1\",\"Description\":null,\"PageMardkown\":null,\"Content\":null,\"CustomSegments\":null,\"WikipediaURL\":null,\"DisableLearningFunctions\":false,\"Visibility\":0,\"ParentIds\":[5],\"ChildIds\":null,\"DeleteChangeId\":null,\"DeletedName\":null}',1,2,7,51,'2025-06-18 14:21:44'),(319,7,'{\"PageRelations\":null,\"ImageWasUpdated\":false,\"Name\":\"ContentCreator Subtopic 5-2\",\"Description\":null,\"PageMardkown\":null,\"Content\":null,\"CustomSegments\":null,\"WikipediaURL\":null,\"DisableLearningFunctions\":false,\"Visibility\":0,\"ParentIds\":[5],\"ChildIds\":null,\"DeleteChangeId\":null,\"DeletedName\":null}',1,2,7,51,'2025-06-18 14:21:44'),(320,8,'{\"PageRelations\":null,\"ImageWasUpdated\":false,\"Name\":\"ContentCreator Subtopic 4-2\",\"Description\":null,\"PageMardkown\":null,\"Content\":null,\"CustomSegments\":null,\"WikipediaURL\":null,\"DisableLearningFunctions\":false,\"Visibility\":0,\"ParentIds\":[4],\"ChildIds\":[9,10,11],\"DeleteChangeId\":null,\"DeletedName\":null}',1,2,7,51,'2025-06-18 14:21:44'),(321,9,'{\"PageRelations\":null,\"ImageWasUpdated\":false,\"Name\":\"ContentCreator Subtopic 8-1\",\"Description\":null,\"PageMardkown\":null,\"Content\":null,\"CustomSegments\":null,\"WikipediaURL\":null,\"DisableLearningFunctions\":false,\"Visibility\":0,\"ParentIds\":[8],\"ChildIds\":null,\"DeleteChangeId\":null,\"DeletedName\":null}',1,2,7,51,'2025-06-18 14:21:44'),(322,10,'{\"PageRelations\":null,\"ImageWasUpdated\":false,\"Name\":\"ContentCreator Subtopic 8-2\",\"Description\":null,\"PageMardkown\":null,\"Content\":null,\"CustomSegments\":null,\"WikipediaURL\":null,\"DisableLearningFunctions\":false,\"Visibility\":0,\"ParentIds\":[8],\"ChildIds\":null,\"DeleteChangeId\":null,\"DeletedName\":null}',1,2,7,51,'2025-06-18 14:21:44'),(323,11,'{\"PageRelations\":null,\"ImageWasUpdated\":false,\"Name\":\"ContentCreator Subtopic 8-3\",\"Description\":null,\"PageMardkown\":null,\"Content\":null,\"CustomSegments\":null,\"WikipediaURL\":null,\"DisableLearningFunctions\":false,\"Visibility\":0,\"ParentIds\":[8],\"ChildIds\":null,\"DeleteChangeId\":null,\"DeletedName\":null}',1,2,7,51,'2025-06-18 14:21:44'),(324,12,'{\"PageRelations\":null,\"ImageWasUpdated\":false,\"Name\":\"ContentCreator Subtopic 4-3\",\"Description\":null,\"PageMardkown\":null,\"Content\":null,\"CustomSegments\":null,\"WikipediaURL\":null,\"DisableLearningFunctions\":false,\"Visibility\":0,\"ParentIds\":[4],\"ChildIds\":[13,14,15],\"DeleteChangeId\":null,\"DeletedName\":null}',1,2,7,51,'2025-06-18 14:21:44'),(325,13,'{\"PageRelations\":null,\"ImageWasUpdated\":false,\"Name\":\"ContentCreator Subtopic 12-1\",\"Description\":null,\"PageMardkown\":null,\"Content\":null,\"CustomSegments\":null,\"WikipediaURL\":null,\"DisableLearningFunctions\":false,\"Visibility\":0,\"ParentIds\":[12],\"ChildIds\":null,\"DeleteChangeId\":null,\"DeletedName\":null}',1,2,7,51,'2025-06-18 14:21:44'),(326,14,'{\"PageRelations\":null,\"ImageWasUpdated\":false,\"Name\":\"ContentCreator Subtopic 12-2\",\"Description\":null,\"PageMardkown\":null,\"Content\":null,\"CustomSegments\":null,\"WikipediaURL\":null,\"DisableLearningFunctions\":false,\"Visibility\":0,\"ParentIds\":[12],\"ChildIds\":null,\"DeleteChangeId\":null,\"DeletedName\":null}',1,2,7,51,'2025-06-18 14:21:44'),(327,15,'{\"PageRelations\":null,\"ImageWasUpdated\":false,\"Name\":\"ContentCreator Subtopic 12-3\",\"Description\":null,\"PageMardkown\":null,\"Content\":null,\"CustomSegments\":null,\"WikipediaURL\":null,\"DisableLearningFunctions\":false,\"Visibility\":0,\"ParentIds\":[12],\"ChildIds\":null,\"DeleteChangeId\":null,\"DeletedName\":null}',1,2,7,51,'2025-06-18 14:21:44'),(328,16,'{\"PageRelations\":null,\"ImageWasUpdated\":false,\"Name\":\"ContentCreator Topic 2\",\"Description\":null,\"PageMardkown\":null,\"Content\":null,\"CustomSegments\":null,\"WikipediaURL\":null,\"DisableLearningFunctions\":false,\"Visibility\":0,\"ParentIds\":null,\"ChildIds\":[17],\"DeleteChangeId\":null,\"DeletedName\":null}',1,2,7,51,'2025-06-18 14:21:44'),(329,17,'{\"PageRelations\":null,\"ImageWasUpdated\":false,\"Name\":\"ContentCreator Subtopic 16-1\",\"Description\":null,\"PageMardkown\":null,\"Content\":null,\"CustomSegments\":null,\"WikipediaURL\":null,\"DisableLearningFunctions\":false,\"Visibility\":0,\"ParentIds\":[16],\"ChildIds\":[18,19,20],\"DeleteChangeId\":null,\"DeletedName\":null}',1,2,7,51,'2025-06-18 14:21:44'),(330,18,'{\"PageRelations\":null,\"ImageWasUpdated\":false,\"Name\":\"ContentCreator Subtopic 17-1\",\"Description\":null,\"PageMardkown\":null,\"Content\":null,\"CustomSegments\":null,\"WikipediaURL\":null,\"DisableLearningFunctions\":false,\"Visibility\":0,\"ParentIds\":[17],\"ChildIds\":null,\"DeleteChangeId\":null,\"DeletedName\":null}',1,2,7,51,'2025-06-18 14:21:44'),(331,19,'{\"PageRelations\":null,\"ImageWasUpdated\":false,\"Name\":\"ContentCreator Subtopic 17-2\",\"Description\":null,\"PageMardkown\":null,\"Content\":null,\"CustomSegments\":null,\"WikipediaURL\":null,\"DisableLearningFunctions\":false,\"Visibility\":0,\"ParentIds\":[17],\"ChildIds\":null,\"DeleteChangeId\":null,\"DeletedName\":null}',1,2,7,51,'2025-06-18 14:21:44'),(332,20,'{\"PageRelations\":null,\"ImageWasUpdated\":false,\"Name\":\"ContentCreator Subtopic 17-3\",\"Description\":null,\"PageMardkown\":null,\"Content\":null,\"CustomSegments\":null,\"WikipediaURL\":null,\"DisableLearningFunctions\":false,\"Visibility\":0,\"ParentIds\":[17],\"ChildIds\":null,\"DeleteChangeId\":null,\"DeletedName\":null}',1,2,7,51,'2025-06-18 14:21:44'),(333,21,'{\"PageRelations\":null,\"ImageWasUpdated\":false,\"Name\":\"QuestionContributor Topic 1\",\"Description\":null,\"PageMardkown\":null,\"Content\":null,\"CustomSegments\":null,\"WikipediaURL\":null,\"DisableLearningFunctions\":false,\"Visibility\":0,\"ParentIds\":null,\"ChildIds\":[22],\"DeleteChangeId\":null,\"DeletedName\":null}',1,2,7,52,'2025-06-18 14:21:44'),(334,22,'{\"PageRelations\":null,\"ImageWasUpdated\":false,\"Name\":\"QuestionContributor Subtopic 21-1\",\"Description\":null,\"PageMardkown\":null,\"Content\":null,\"CustomSegments\":null,\"WikipediaURL\":null,\"DisableLearningFunctions\":false,\"Visibility\":0,\"ParentIds\":[21],\"ChildIds\":null,\"DeleteChangeId\":null,\"DeletedName\":null}',1,2,7,52,'2025-06-18 14:21:44'),(335,23,'{\"PageRelations\":null,\"ImageWasUpdated\":false,\"Name\":\"QuestionContributor Subtopic 22-1\",\"Description\":null,\"PageMardkown\":null,\"Content\":null,\"CustomSegments\":null,\"WikipediaURL\":null,\"DisableLearningFunctions\":false,\"Visibility\":0,\"ParentIds\":null,\"ChildIds\":null,\"DeleteChangeId\":null,\"DeletedName\":null}',1,2,0,4,'2025-06-18 14:21:44'),(336,23,'{\"PageRelations\":null,\"ImageWasUpdated\":false,\"Name\":\"QuestionContributor Subtopic 22-1\",\"Description\":null,\"PageMardkown\":null,\"Content\":null,\"CustomSegments\":null,\"WikipediaURL\":null,\"DisableLearningFunctions\":false,\"Visibility\":0,\"ParentIds\":[22],\"ChildIds\":null,\"DeleteChangeId\":null,\"DeletedName\":null}',1,2,7,1,'2025-06-18 14:21:44'),(337,22,'{\"PageRelations\":null,\"ImageWasUpdated\":false,\"Name\":\"QuestionContributor Subtopic 21-1\",\"Description\":null,\"PageMardkown\":null,\"Content\":null,\"CustomSegments\":null,\"WikipediaURL\":null,\"DisableLearningFunctions\":false,\"Visibility\":0,\"ParentIds\":[21],\"ChildIds\":[23],\"DeleteChangeId\":null,\"DeletedName\":null}',1,2,7,1,'2025-06-18 14:21:44'),(338,1,'{\"PageRelations\":null,\"ImageWasUpdated\":false,\"Name\":\"LearningUser Topic 1\",\"Description\":null,\"PageMardkown\":null,\"Content\":null,\"CustomSegments\":null,\"WikipediaURL\":null,\"DisableLearningFunctions\":false,\"Visibility\":0,\"ParentIds\":null,\"ChildIds\":[2],\"DeleteChangeId\":null,\"DeletedName\":null}',1,2,7,50,'2025-06-18 14:21:44'),(339,2,'{\"PageRelations\":null,\"ImageWasUpdated\":false,\"Name\":\"LearningUser Subtopic 1-1\",\"Description\":null,\"PageMardkown\":null,\"Content\":null,\"CustomSegments\":null,\"WikipediaURL\":null,\"DisableLearningFunctions\":false,\"Visibility\":0,\"ParentIds\":[1],\"ChildIds\":[3],\"DeleteChangeId\":null,\"DeletedName\":null}',1,2,7,50,'2025-06-18 14:21:44'),(340,3,'{\"PageRelations\":null,\"ImageWasUpdated\":false,\"Name\":\"LearningUser Subtopic 2-1\",\"Description\":null,\"PageMardkown\":null,\"Content\":null,\"CustomSegments\":null,\"WikipediaURL\":null,\"DisableLearningFunctions\":false,\"Visibility\":0,\"ParentIds\":[2],\"ChildIds\":null,\"DeleteChangeId\":null,\"DeletedName\":null}',1,2,7,50,'2025-06-18 14:21:44'),(341,4,'{\"PageRelations\":null,\"ImageWasUpdated\":false,\"Name\":\"ContentCreator Topic 1\",\"Description\":null,\"PageMardkown\":null,\"Content\":null,\"CustomSegments\":null,\"WikipediaURL\":null,\"DisableLearningFunctions\":false,\"Visibility\":0,\"ParentIds\":null,\"ChildIds\":[5,8,12],\"DeleteChangeId\":null,\"DeletedName\":null}',1,2,7,51,'2025-06-18 14:21:44'),(342,5,'{\"PageRelations\":null,\"ImageWasUpdated\":false,\"Name\":\"ContentCreator Subtopic 4-1\",\"Description\":null,\"PageMardkown\":null,\"Content\":null,\"CustomSegments\":null,\"WikipediaURL\":null,\"DisableLearningFunctions\":false,\"Visibility\":0,\"ParentIds\":[4],\"ChildIds\":[6,7],\"DeleteChangeId\":null,\"DeletedName\":null}',1,2,7,51,'2025-06-18 14:21:44'),(343,6,'{\"PageRelations\":null,\"ImageWasUpdated\":false,\"Name\":\"ContentCreator Subtopic 5-1\",\"Description\":null,\"PageMardkown\":null,\"Content\":null,\"CustomSegments\":null,\"WikipediaURL\":null,\"DisableLearningFunctions\":false,\"Visibility\":0,\"ParentIds\":[5],\"ChildIds\":null,\"DeleteChangeId\":null,\"DeletedName\":null}',1,2,7,51,'2025-06-18 14:21:44'),(344,7,'{\"PageRelations\":null,\"ImageWasUpdated\":false,\"Name\":\"ContentCreator Subtopic 5-2\",\"Description\":null,\"PageMardkown\":null,\"Content\":null,\"CustomSegments\":null,\"WikipediaURL\":null,\"DisableLearningFunctions\":false,\"Visibility\":0,\"ParentIds\":[5],\"ChildIds\":null,\"DeleteChangeId\":null,\"DeletedName\":null}',1,2,7,51,'2025-06-18 14:21:44'),(345,8,'{\"PageRelations\":null,\"ImageWasUpdated\":false,\"Name\":\"ContentCreator Subtopic 4-2\",\"Description\":null,\"PageMardkown\":null,\"Content\":null,\"CustomSegments\":null,\"WikipediaURL\":null,\"DisableLearningFunctions\":false,\"Visibility\":0,\"ParentIds\":[4],\"ChildIds\":[9,10,11],\"DeleteChangeId\":null,\"DeletedName\":null}',1,2,7,51,'2025-06-18 14:21:44'),(346,9,'{\"PageRelations\":null,\"ImageWasUpdated\":false,\"Name\":\"ContentCreator Subtopic 8-1\",\"Description\":null,\"PageMardkown\":null,\"Content\":null,\"CustomSegments\":null,\"WikipediaURL\":null,\"DisableLearningFunctions\":false,\"Visibility\":0,\"ParentIds\":[8],\"ChildIds\":null,\"DeleteChangeId\":null,\"DeletedName\":null}',1,2,7,51,'2025-06-18 14:21:44'),(347,10,'{\"PageRelations\":null,\"ImageWasUpdated\":false,\"Name\":\"ContentCreator Subtopic 8-2\",\"Description\":null,\"PageMardkown\":null,\"Content\":null,\"CustomSegments\":null,\"WikipediaURL\":null,\"DisableLearningFunctions\":false,\"Visibility\":0,\"ParentIds\":[8],\"ChildIds\":null,\"DeleteChangeId\":null,\"DeletedName\":null}',1,2,7,51,'2025-06-18 14:21:44'),(348,11,'{\"PageRelations\":null,\"ImageWasUpdated\":false,\"Name\":\"ContentCreator Subtopic 8-3\",\"Description\":null,\"PageMardkown\":null,\"Content\":null,\"CustomSegments\":null,\"WikipediaURL\":null,\"DisableLearningFunctions\":false,\"Visibility\":0,\"ParentIds\":[8],\"ChildIds\":null,\"DeleteChangeId\":null,\"DeletedName\":null}',1,2,7,51,'2025-06-18 14:21:45'),(349,12,'{\"PageRelations\":null,\"ImageWasUpdated\":false,\"Name\":\"ContentCreator Subtopic 4-3\",\"Description\":null,\"PageMardkown\":null,\"Content\":null,\"CustomSegments\":null,\"WikipediaURL\":null,\"DisableLearningFunctions\":false,\"Visibility\":0,\"ParentIds\":[4],\"ChildIds\":[13,14,15],\"DeleteChangeId\":null,\"DeletedName\":null}',1,2,7,51,'2025-06-18 14:21:45'),(350,13,'{\"PageRelations\":null,\"ImageWasUpdated\":false,\"Name\":\"ContentCreator Subtopic 12-1\",\"Description\":null,\"PageMardkown\":null,\"Content\":null,\"CustomSegments\":null,\"WikipediaURL\":null,\"DisableLearningFunctions\":false,\"Visibility\":0,\"ParentIds\":[12],\"ChildIds\":null,\"DeleteChangeId\":null,\"DeletedName\":null}',1,2,7,51,'2025-06-18 14:21:45'),(351,14,'{\"PageRelations\":null,\"ImageWasUpdated\":false,\"Name\":\"ContentCreator Subtopic 12-2\",\"Description\":null,\"PageMardkown\":null,\"Content\":null,\"CustomSegments\":null,\"WikipediaURL\":null,\"DisableLearningFunctions\":false,\"Visibility\":0,\"ParentIds\":[12],\"ChildIds\":null,\"DeleteChangeId\":null,\"DeletedName\":null}',1,2,7,51,'2025-06-18 14:21:45'),(352,15,'{\"PageRelations\":null,\"ImageWasUpdated\":false,\"Name\":\"ContentCreator Subtopic 12-3\",\"Description\":null,\"PageMardkown\":null,\"Content\":null,\"CustomSegments\":null,\"WikipediaURL\":null,\"DisableLearningFunctions\":false,\"Visibility\":0,\"ParentIds\":[12],\"ChildIds\":null,\"DeleteChangeId\":null,\"DeletedName\":null}',1,2,7,51,'2025-06-18 14:21:45'),(353,16,'{\"PageRelations\":null,\"ImageWasUpdated\":false,\"Name\":\"ContentCreator Topic 2\",\"Description\":null,\"PageMardkown\":null,\"Content\":null,\"CustomSegments\":null,\"WikipediaURL\":null,\"DisableLearningFunctions\":false,\"Visibility\":0,\"ParentIds\":null,\"ChildIds\":[17],\"DeleteChangeId\":null,\"DeletedName\":null}',1,2,7,51,'2025-06-18 14:21:45'),(354,17,'{\"PageRelations\":null,\"ImageWasUpdated\":false,\"Name\":\"ContentCreator Subtopic 16-1\",\"Description\":null,\"PageMardkown\":null,\"Content\":null,\"CustomSegments\":null,\"WikipediaURL\":null,\"DisableLearningFunctions\":false,\"Visibility\":0,\"ParentIds\":[16],\"ChildIds\":[18,19,20],\"DeleteChangeId\":null,\"DeletedName\":null}',1,2,7,51,'2025-06-18 14:21:45'),(355,18,'{\"PageRelations\":null,\"ImageWasUpdated\":false,\"Name\":\"ContentCreator Subtopic 17-1\",\"Description\":null,\"PageMardkown\":null,\"Content\":null,\"CustomSegments\":null,\"WikipediaURL\":null,\"DisableLearningFunctions\":false,\"Visibility\":0,\"ParentIds\":[17],\"ChildIds\":null,\"DeleteChangeId\":null,\"DeletedName\":null}',1,2,7,51,'2025-06-18 14:21:45'),(356,19,'{\"PageRelations\":null,\"ImageWasUpdated\":false,\"Name\":\"ContentCreator Subtopic 17-2\",\"Description\":null,\"PageMardkown\":null,\"Content\":null,\"CustomSegments\":null,\"WikipediaURL\":null,\"DisableLearningFunctions\":false,\"Visibility\":0,\"ParentIds\":[17],\"ChildIds\":null,\"DeleteChangeId\":null,\"DeletedName\":null}',1,2,7,51,'2025-06-18 14:21:45'),(357,20,'{\"PageRelations\":null,\"ImageWasUpdated\":false,\"Name\":\"ContentCreator Subtopic 17-3\",\"Description\":null,\"PageMardkown\":null,\"Content\":null,\"CustomSegments\":null,\"WikipediaURL\":null,\"DisableLearningFunctions\":false,\"Visibility\":0,\"ParentIds\":[17],\"ChildIds\":null,\"DeleteChangeId\":null,\"DeletedName\":null}',1,2,7,51,'2025-06-18 14:21:45'),(358,21,'{\"PageRelations\":null,\"ImageWasUpdated\":false,\"Name\":\"QuestionContributor Topic 1\",\"Description\":null,\"PageMardkown\":null,\"Content\":null,\"CustomSegments\":null,\"WikipediaURL\":null,\"DisableLearningFunctions\":false,\"Visibility\":0,\"ParentIds\":null,\"ChildIds\":[22],\"DeleteChangeId\":null,\"DeletedName\":null}',1,2,7,52,'2025-06-18 14:21:45'),(359,22,'{\"PageRelations\":null,\"ImageWasUpdated\":false,\"Name\":\"QuestionContributor Subtopic 21-1\",\"Description\":null,\"PageMardkown\":null,\"Content\":null,\"CustomSegments\":null,\"WikipediaURL\":null,\"DisableLearningFunctions\":false,\"Visibility\":0,\"ParentIds\":[21],\"ChildIds\":[23],\"DeleteChangeId\":null,\"DeletedName\":null}',1,2,7,52,'2025-06-18 14:21:45'),(360,23,'{\"PageRelations\":null,\"ImageWasUpdated\":false,\"Name\":\"QuestionContributor Subtopic 22-1\",\"Description\":null,\"PageMardkown\":null,\"Content\":null,\"CustomSegments\":null,\"WikipediaURL\":null,\"DisableLearningFunctions\":false,\"Visibility\":0,\"ParentIds\":[22],\"ChildIds\":null,\"DeleteChangeId\":null,\"DeletedName\":null}',1,2,7,52,'2025-06-18 14:21:45'),(361,24,'{\"PageRelations\":null,\"ImageWasUpdated\":false,\"Name\":\"QuestionContributor Subtopic 22-2\",\"Description\":null,\"PageMardkown\":null,\"Content\":null,\"CustomSegments\":null,\"WikipediaURL\":null,\"DisableLearningFunctions\":false,\"Visibility\":0,\"ParentIds\":null,\"ChildIds\":null,\"DeleteChangeId\":null,\"DeletedName\":null}',1,2,0,4,'2025-06-18 14:21:45'),(362,24,'{\"PageRelations\":null,\"ImageWasUpdated\":false,\"Name\":\"QuestionContributor Subtopic 22-2\",\"Description\":null,\"PageMardkown\":null,\"Content\":null,\"CustomSegments\":null,\"WikipediaURL\":null,\"DisableLearningFunctions\":false,\"Visibility\":0,\"ParentIds\":[22],\"ChildIds\":null,\"DeleteChangeId\":null,\"DeletedName\":null}',1,2,7,1,'2025-06-18 14:21:45'),(363,22,'{\"PageRelations\":null,\"ImageWasUpdated\":false,\"Name\":\"QuestionContributor Subtopic 21-1\",\"Description\":null,\"PageMardkown\":null,\"Content\":null,\"CustomSegments\":null,\"WikipediaURL\":null,\"DisableLearningFunctions\":false,\"Visibility\":0,\"ParentIds\":[21],\"ChildIds\":[23,24],\"DeleteChangeId\":null,\"DeletedName\":null}',1,2,7,1,'2025-06-18 14:21:45'),(364,1,'{\"PageRelations\":null,\"ImageWasUpdated\":false,\"Name\":\"LearningUser Topic 1\",\"Description\":null,\"PageMardkown\":null,\"Content\":null,\"CustomSegments\":null,\"WikipediaURL\":null,\"DisableLearningFunctions\":false,\"Visibility\":0,\"ParentIds\":null,\"ChildIds\":[2],\"DeleteChangeId\":null,\"DeletedName\":null}',1,2,7,50,'2025-06-18 14:21:45'),(365,2,'{\"PageRelations\":null,\"ImageWasUpdated\":false,\"Name\":\"LearningUser Subtopic 1-1\",\"Description\":null,\"PageMardkown\":null,\"Content\":null,\"CustomSegments\":null,\"WikipediaURL\":null,\"DisableLearningFunctions\":false,\"Visibility\":0,\"ParentIds\":[1],\"ChildIds\":[3],\"DeleteChangeId\":null,\"DeletedName\":null}',1,2,7,50,'2025-06-18 14:21:45'),(366,3,'{\"PageRelations\":null,\"ImageWasUpdated\":false,\"Name\":\"LearningUser Subtopic 2-1\",\"Description\":null,\"PageMardkown\":null,\"Content\":null,\"CustomSegments\":null,\"WikipediaURL\":null,\"DisableLearningFunctions\":false,\"Visibility\":0,\"ParentIds\":[2],\"ChildIds\":null,\"DeleteChangeId\":null,\"DeletedName\":null}',1,2,7,50,'2025-06-18 14:21:45'),(367,4,'{\"PageRelations\":null,\"ImageWasUpdated\":false,\"Name\":\"ContentCreator Topic 1\",\"Description\":null,\"PageMardkown\":null,\"Content\":null,\"CustomSegments\":null,\"WikipediaURL\":null,\"DisableLearningFunctions\":false,\"Visibility\":0,\"ParentIds\":null,\"ChildIds\":[5,8,12],\"DeleteChangeId\":null,\"DeletedName\":null}',1,2,7,51,'2025-06-18 14:21:45'),(368,5,'{\"PageRelations\":null,\"ImageWasUpdated\":false,\"Name\":\"ContentCreator Subtopic 4-1\",\"Description\":null,\"PageMardkown\":null,\"Content\":null,\"CustomSegments\":null,\"WikipediaURL\":null,\"DisableLearningFunctions\":false,\"Visibility\":0,\"ParentIds\":[4],\"ChildIds\":[6,7],\"DeleteChangeId\":null,\"DeletedName\":null}',1,2,7,51,'2025-06-18 14:21:45'),(369,6,'{\"PageRelations\":null,\"ImageWasUpdated\":false,\"Name\":\"ContentCreator Subtopic 5-1\",\"Description\":null,\"PageMardkown\":null,\"Content\":null,\"CustomSegments\":null,\"WikipediaURL\":null,\"DisableLearningFunctions\":false,\"Visibility\":0,\"ParentIds\":[5],\"ChildIds\":null,\"DeleteChangeId\":null,\"DeletedName\":null}',1,2,7,51,'2025-06-18 14:21:45'),(370,7,'{\"PageRelations\":null,\"ImageWasUpdated\":false,\"Name\":\"ContentCreator Subtopic 5-2\",\"Description\":null,\"PageMardkown\":null,\"Content\":null,\"CustomSegments\":null,\"WikipediaURL\":null,\"DisableLearningFunctions\":false,\"Visibility\":0,\"ParentIds\":[5],\"ChildIds\":null,\"DeleteChangeId\":null,\"DeletedName\":null}',1,2,7,51,'2025-06-18 14:21:45'),(371,8,'{\"PageRelations\":null,\"ImageWasUpdated\":false,\"Name\":\"ContentCreator Subtopic 4-2\",\"Description\":null,\"PageMardkown\":null,\"Content\":null,\"CustomSegments\":null,\"WikipediaURL\":null,\"DisableLearningFunctions\":false,\"Visibility\":0,\"ParentIds\":[4],\"ChildIds\":[9,10,11],\"DeleteChangeId\":null,\"DeletedName\":null}',1,2,7,51,'2025-06-18 14:21:45'),(372,9,'{\"PageRelations\":null,\"ImageWasUpdated\":false,\"Name\":\"ContentCreator Subtopic 8-1\",\"Description\":null,\"PageMardkown\":null,\"Content\":null,\"CustomSegments\":null,\"WikipediaURL\":null,\"DisableLearningFunctions\":false,\"Visibility\":0,\"ParentIds\":[8],\"ChildIds\":null,\"DeleteChangeId\":null,\"DeletedName\":null}',1,2,7,51,'2025-06-18 14:21:45'),(373,10,'{\"PageRelations\":null,\"ImageWasUpdated\":false,\"Name\":\"ContentCreator Subtopic 8-2\",\"Description\":null,\"PageMardkown\":null,\"Content\":null,\"CustomSegments\":null,\"WikipediaURL\":null,\"DisableLearningFunctions\":false,\"Visibility\":0,\"ParentIds\":[8],\"ChildIds\":null,\"DeleteChangeId\":null,\"DeletedName\":null}',1,2,7,51,'2025-06-18 14:21:45'),(374,11,'{\"PageRelations\":null,\"ImageWasUpdated\":false,\"Name\":\"ContentCreator Subtopic 8-3\",\"Description\":null,\"PageMardkown\":null,\"Content\":null,\"CustomSegments\":null,\"WikipediaURL\":null,\"DisableLearningFunctions\":false,\"Visibility\":0,\"ParentIds\":[8],\"ChildIds\":null,\"DeleteChangeId\":null,\"DeletedName\":null}',1,2,7,51,'2025-06-18 14:21:45'),(375,12,'{\"PageRelations\":null,\"ImageWasUpdated\":false,\"Name\":\"ContentCreator Subtopic 4-3\",\"Description\":null,\"PageMardkown\":null,\"Content\":null,\"CustomSegments\":null,\"WikipediaURL\":null,\"DisableLearningFunctions\":false,\"Visibility\":0,\"ParentIds\":[4],\"ChildIds\":[13,14,15],\"DeleteChangeId\":null,\"DeletedName\":null}',1,2,7,51,'2025-06-18 14:21:45'),(376,13,'{\"PageRelations\":null,\"ImageWasUpdated\":false,\"Name\":\"ContentCreator Subtopic 12-1\",\"Description\":null,\"PageMardkown\":null,\"Content\":null,\"CustomSegments\":null,\"WikipediaURL\":null,\"DisableLearningFunctions\":false,\"Visibility\":0,\"ParentIds\":[12],\"ChildIds\":null,\"DeleteChangeId\":null,\"DeletedName\":null}',1,2,7,51,'2025-06-18 14:21:45'),(377,14,'{\"PageRelations\":null,\"ImageWasUpdated\":false,\"Name\":\"ContentCreator Subtopic 12-2\",\"Description\":null,\"PageMardkown\":null,\"Content\":null,\"CustomSegments\":null,\"WikipediaURL\":null,\"DisableLearningFunctions\":false,\"Visibility\":0,\"ParentIds\":[12],\"ChildIds\":null,\"DeleteChangeId\":null,\"DeletedName\":null}',1,2,7,51,'2025-06-18 14:21:45'),(378,15,'{\"PageRelations\":null,\"ImageWasUpdated\":false,\"Name\":\"ContentCreator Subtopic 12-3\",\"Description\":null,\"PageMardkown\":null,\"Content\":null,\"CustomSegments\":null,\"WikipediaURL\":null,\"DisableLearningFunctions\":false,\"Visibility\":0,\"ParentIds\":[12],\"ChildIds\":null,\"DeleteChangeId\":null,\"DeletedName\":null}',1,2,7,51,'2025-06-18 14:21:45'),(379,16,'{\"PageRelations\":null,\"ImageWasUpdated\":false,\"Name\":\"ContentCreator Topic 2\",\"Description\":null,\"PageMardkown\":null,\"Content\":null,\"CustomSegments\":null,\"WikipediaURL\":null,\"DisableLearningFunctions\":false,\"Visibility\":0,\"ParentIds\":null,\"ChildIds\":[17],\"DeleteChangeId\":null,\"DeletedName\":null}',1,2,7,51,'2025-06-18 14:21:45'),(380,17,'{\"PageRelations\":null,\"ImageWasUpdated\":false,\"Name\":\"ContentCreator Subtopic 16-1\",\"Description\":null,\"PageMardkown\":null,\"Content\":null,\"CustomSegments\":null,\"WikipediaURL\":null,\"DisableLearningFunctions\":false,\"Visibility\":0,\"ParentIds\":[16],\"ChildIds\":[18,19,20],\"DeleteChangeId\":null,\"DeletedName\":null}',1,2,7,51,'2025-06-18 14:21:45'),(381,18,'{\"PageRelations\":null,\"ImageWasUpdated\":false,\"Name\":\"ContentCreator Subtopic 17-1\",\"Description\":null,\"PageMardkown\":null,\"Content\":null,\"CustomSegments\":null,\"WikipediaURL\":null,\"DisableLearningFunctions\":false,\"Visibility\":0,\"ParentIds\":[17],\"ChildIds\":null,\"DeleteChangeId\":null,\"DeletedName\":null}',1,2,7,51,'2025-06-18 14:21:45'),(382,19,'{\"PageRelations\":null,\"ImageWasUpdated\":false,\"Name\":\"ContentCreator Subtopic 17-2\",\"Description\":null,\"PageMardkown\":null,\"Content\":null,\"CustomSegments\":null,\"WikipediaURL\":null,\"DisableLearningFunctions\":false,\"Visibility\":0,\"ParentIds\":[17],\"ChildIds\":null,\"DeleteChangeId\":null,\"DeletedName\":null}',1,2,7,51,'2025-06-18 14:21:45'),(383,20,'{\"PageRelations\":null,\"ImageWasUpdated\":false,\"Name\":\"ContentCreator Subtopic 17-3\",\"Description\":null,\"PageMardkown\":null,\"Content\":null,\"CustomSegments\":null,\"WikipediaURL\":null,\"DisableLearningFunctions\":false,\"Visibility\":0,\"ParentIds\":[17],\"ChildIds\":null,\"DeleteChangeId\":null,\"DeletedName\":null}',1,2,7,51,'2025-06-18 14:21:45'),(384,21,'{\"PageRelations\":null,\"ImageWasUpdated\":false,\"Name\":\"QuestionContributor Topic 1\",\"Description\":null,\"PageMardkown\":null,\"Content\":null,\"CustomSegments\":null,\"WikipediaURL\":null,\"DisableLearningFunctions\":false,\"Visibility\":0,\"ParentIds\":null,\"ChildIds\":[22],\"DeleteChangeId\":null,\"DeletedName\":null}',1,2,7,52,'2025-06-18 14:21:45'),(385,22,'{\"PageRelations\":null,\"ImageWasUpdated\":false,\"Name\":\"QuestionContributor Subtopic 21-1\",\"Description\":null,\"PageMardkown\":null,\"Content\":null,\"CustomSegments\":null,\"WikipediaURL\":null,\"DisableLearningFunctions\":false,\"Visibility\":0,\"ParentIds\":[21],\"ChildIds\":[23,24],\"DeleteChangeId\":null,\"DeletedName\":null}',1,2,7,52,'2025-06-18 14:21:45'),(386,23,'{\"PageRelations\":null,\"ImageWasUpdated\":false,\"Name\":\"QuestionContributor Subtopic 22-1\",\"Description\":null,\"PageMardkown\":null,\"Content\":null,\"CustomSegments\":null,\"WikipediaURL\":null,\"DisableLearningFunctions\":false,\"Visibility\":0,\"ParentIds\":[22],\"ChildIds\":null,\"DeleteChangeId\":null,\"DeletedName\":null}',1,2,7,52,'2025-06-18 14:21:45'),(387,24,'{\"PageRelations\":null,\"ImageWasUpdated\":false,\"Name\":\"QuestionContributor Subtopic 22-2\",\"Description\":null,\"PageMardkown\":null,\"Content\":null,\"CustomSegments\":null,\"WikipediaURL\":null,\"DisableLearningFunctions\":false,\"Visibility\":0,\"ParentIds\":[22],\"ChildIds\":null,\"DeleteChangeId\":null,\"DeletedName\":null}',1,2,7,52,'2025-06-18 14:21:45'),(388,25,'{\"PageRelations\":null,\"ImageWasUpdated\":false,\"Name\":\"QuestionContributor Topic 2\",\"Description\":null,\"PageMardkown\":null,\"Content\":null,\"CustomSegments\":null,\"WikipediaURL\":null,\"DisableLearningFunctions\":false,\"Visibility\":0,\"ParentIds\":null,\"ChildIds\":null,\"DeleteChangeId\":null,\"DeletedName\":null}',1,2,0,4,'2025-06-18 14:21:45'),(389,1,'{\"PageRelations\":null,\"ImageWasUpdated\":false,\"Name\":\"LearningUser Topic 1\",\"Description\":null,\"PageMardkown\":null,\"Content\":null,\"CustomSegments\":null,\"WikipediaURL\":null,\"DisableLearningFunctions\":false,\"Visibility\":0,\"ParentIds\":null,\"ChildIds\":[2],\"DeleteChangeId\":null,\"DeletedName\":null}',1,2,7,50,'2025-06-18 14:21:45'),(390,2,'{\"PageRelations\":null,\"ImageWasUpdated\":false,\"Name\":\"LearningUser Subtopic 1-1\",\"Description\":null,\"PageMardkown\":null,\"Content\":null,\"CustomSegments\":null,\"WikipediaURL\":null,\"DisableLearningFunctions\":false,\"Visibility\":0,\"ParentIds\":[1],\"ChildIds\":[3],\"DeleteChangeId\":null,\"DeletedName\":null}',1,2,7,50,'2025-06-18 14:21:45'),(391,3,'{\"PageRelations\":null,\"ImageWasUpdated\":false,\"Name\":\"LearningUser Subtopic 2-1\",\"Description\":null,\"PageMardkown\":null,\"Content\":null,\"CustomSegments\":null,\"WikipediaURL\":null,\"DisableLearningFunctions\":false,\"Visibility\":0,\"ParentIds\":[2],\"ChildIds\":null,\"DeleteChangeId\":null,\"DeletedName\":null}',1,2,7,50,'2025-06-18 14:21:45'),(392,4,'{\"PageRelations\":null,\"ImageWasUpdated\":false,\"Name\":\"ContentCreator Topic 1\",\"Description\":null,\"PageMardkown\":null,\"Content\":null,\"CustomSegments\":null,\"WikipediaURL\":null,\"DisableLearningFunctions\":false,\"Visibility\":0,\"ParentIds\":null,\"ChildIds\":[5,8,12],\"DeleteChangeId\":null,\"DeletedName\":null}',1,2,7,51,'2025-06-18 14:21:46'),(393,5,'{\"PageRelations\":null,\"ImageWasUpdated\":false,\"Name\":\"ContentCreator Subtopic 4-1\",\"Description\":null,\"PageMardkown\":null,\"Content\":null,\"CustomSegments\":null,\"WikipediaURL\":null,\"DisableLearningFunctions\":false,\"Visibility\":0,\"ParentIds\":[4],\"ChildIds\":[6,7],\"DeleteChangeId\":null,\"DeletedName\":null}',1,2,7,51,'2025-06-18 14:21:46'),(394,6,'{\"PageRelations\":null,\"ImageWasUpdated\":false,\"Name\":\"ContentCreator Subtopic 5-1\",\"Description\":null,\"PageMardkown\":null,\"Content\":null,\"CustomSegments\":null,\"WikipediaURL\":null,\"DisableLearningFunctions\":false,\"Visibility\":0,\"ParentIds\":[5],\"ChildIds\":null,\"DeleteChangeId\":null,\"DeletedName\":null}',1,2,7,51,'2025-06-18 14:21:46'),(395,7,'{\"PageRelations\":null,\"ImageWasUpdated\":false,\"Name\":\"ContentCreator Subtopic 5-2\",\"Description\":null,\"PageMardkown\":null,\"Content\":null,\"CustomSegments\":null,\"WikipediaURL\":null,\"DisableLearningFunctions\":false,\"Visibility\":0,\"ParentIds\":[5],\"ChildIds\":null,\"DeleteChangeId\":null,\"DeletedName\":null}',1,2,7,51,'2025-06-18 14:21:46'),(396,8,'{\"PageRelations\":null,\"ImageWasUpdated\":false,\"Name\":\"ContentCreator Subtopic 4-2\",\"Description\":null,\"PageMardkown\":null,\"Content\":null,\"CustomSegments\":null,\"WikipediaURL\":null,\"DisableLearningFunctions\":false,\"Visibility\":0,\"ParentIds\":[4],\"ChildIds\":[9,10,11],\"DeleteChangeId\":null,\"DeletedName\":null}',1,2,7,51,'2025-06-18 14:21:46'),(397,9,'{\"PageRelations\":null,\"ImageWasUpdated\":false,\"Name\":\"ContentCreator Subtopic 8-1\",\"Description\":null,\"PageMardkown\":null,\"Content\":null,\"CustomSegments\":null,\"WikipediaURL\":null,\"DisableLearningFunctions\":false,\"Visibility\":0,\"ParentIds\":[8],\"ChildIds\":null,\"DeleteChangeId\":null,\"DeletedName\":null}',1,2,7,51,'2025-06-18 14:21:46'),(398,10,'{\"PageRelations\":null,\"ImageWasUpdated\":false,\"Name\":\"ContentCreator Subtopic 8-2\",\"Description\":null,\"PageMardkown\":null,\"Content\":null,\"CustomSegments\":null,\"WikipediaURL\":null,\"DisableLearningFunctions\":false,\"Visibility\":0,\"ParentIds\":[8],\"ChildIds\":null,\"DeleteChangeId\":null,\"DeletedName\":null}',1,2,7,51,'2025-06-18 14:21:46'),(399,11,'{\"PageRelations\":null,\"ImageWasUpdated\":false,\"Name\":\"ContentCreator Subtopic 8-3\",\"Description\":null,\"PageMardkown\":null,\"Content\":null,\"CustomSegments\":null,\"WikipediaURL\":null,\"DisableLearningFunctions\":false,\"Visibility\":0,\"ParentIds\":[8],\"ChildIds\":null,\"DeleteChangeId\":null,\"DeletedName\":null}',1,2,7,51,'2025-06-18 14:21:46'),(400,12,'{\"PageRelations\":null,\"ImageWasUpdated\":false,\"Name\":\"ContentCreator Subtopic 4-3\",\"Description\":null,\"PageMardkown\":null,\"Content\":null,\"CustomSegments\":null,\"WikipediaURL\":null,\"DisableLearningFunctions\":false,\"Visibility\":0,\"ParentIds\":[4],\"ChildIds\":[13,14,15],\"DeleteChangeId\":null,\"DeletedName\":null}',1,2,7,51,'2025-06-18 14:21:46'),(401,13,'{\"PageRelations\":null,\"ImageWasUpdated\":false,\"Name\":\"ContentCreator Subtopic 12-1\",\"Description\":null,\"PageMardkown\":null,\"Content\":null,\"CustomSegments\":null,\"WikipediaURL\":null,\"DisableLearningFunctions\":false,\"Visibility\":0,\"ParentIds\":[12],\"ChildIds\":null,\"DeleteChangeId\":null,\"DeletedName\":null}',1,2,7,51,'2025-06-18 14:21:46'),(402,14,'{\"PageRelations\":null,\"ImageWasUpdated\":false,\"Name\":\"ContentCreator Subtopic 12-2\",\"Description\":null,\"PageMardkown\":null,\"Content\":null,\"CustomSegments\":null,\"WikipediaURL\":null,\"DisableLearningFunctions\":false,\"Visibility\":0,\"ParentIds\":[12],\"ChildIds\":null,\"DeleteChangeId\":null,\"DeletedName\":null}',1,2,7,51,'2025-06-18 14:21:46'),(403,15,'{\"PageRelations\":null,\"ImageWasUpdated\":false,\"Name\":\"ContentCreator Subtopic 12-3\",\"Description\":null,\"PageMardkown\":null,\"Content\":null,\"CustomSegments\":null,\"WikipediaURL\":null,\"DisableLearningFunctions\":false,\"Visibility\":0,\"ParentIds\":[12],\"ChildIds\":null,\"DeleteChangeId\":null,\"DeletedName\":null}',1,2,7,51,'2025-06-18 14:21:46'),(404,16,'{\"PageRelations\":null,\"ImageWasUpdated\":false,\"Name\":\"ContentCreator Topic 2\",\"Description\":null,\"PageMardkown\":null,\"Content\":null,\"CustomSegments\":null,\"WikipediaURL\":null,\"DisableLearningFunctions\":false,\"Visibility\":0,\"ParentIds\":null,\"ChildIds\":[17],\"DeleteChangeId\":null,\"DeletedName\":null}',1,2,7,51,'2025-06-18 14:21:46'),(405,17,'{\"PageRelations\":null,\"ImageWasUpdated\":false,\"Name\":\"ContentCreator Subtopic 16-1\",\"Description\":null,\"PageMardkown\":null,\"Content\":null,\"CustomSegments\":null,\"WikipediaURL\":null,\"DisableLearningFunctions\":false,\"Visibility\":0,\"ParentIds\":[16],\"ChildIds\":[18,19,20],\"DeleteChangeId\":null,\"DeletedName\":null}',1,2,7,51,'2025-06-18 14:21:46'),(406,18,'{\"PageRelations\":null,\"ImageWasUpdated\":false,\"Name\":\"ContentCreator Subtopic 17-1\",\"Description\":null,\"PageMardkown\":null,\"Content\":null,\"CustomSegments\":null,\"WikipediaURL\":null,\"DisableLearningFunctions\":false,\"Visibility\":0,\"ParentIds\":[17],\"ChildIds\":null,\"DeleteChangeId\":null,\"DeletedName\":null}',1,2,7,51,'2025-06-18 14:21:46'),(407,19,'{\"PageRelations\":null,\"ImageWasUpdated\":false,\"Name\":\"ContentCreator Subtopic 17-2\",\"Description\":null,\"PageMardkown\":null,\"Content\":null,\"CustomSegments\":null,\"WikipediaURL\":null,\"DisableLearningFunctions\":false,\"Visibility\":0,\"ParentIds\":[17],\"ChildIds\":null,\"DeleteChangeId\":null,\"DeletedName\":null}',1,2,7,51,'2025-06-18 14:21:46'),(408,20,'{\"PageRelations\":null,\"ImageWasUpdated\":false,\"Name\":\"ContentCreator Subtopic 17-3\",\"Description\":null,\"PageMardkown\":null,\"Content\":null,\"CustomSegments\":null,\"WikipediaURL\":null,\"DisableLearningFunctions\":false,\"Visibility\":0,\"ParentIds\":[17],\"ChildIds\":null,\"DeleteChangeId\":null,\"DeletedName\":null}',1,2,7,51,'2025-06-18 14:21:46'),(409,21,'{\"PageRelations\":null,\"ImageWasUpdated\":false,\"Name\":\"QuestionContributor Topic 1\",\"Description\":null,\"PageMardkown\":null,\"Content\":null,\"CustomSegments\":null,\"WikipediaURL\":null,\"DisableLearningFunctions\":false,\"Visibility\":0,\"ParentIds\":null,\"ChildIds\":[22],\"DeleteChangeId\":null,\"DeletedName\":null}',1,2,7,52,'2025-06-18 14:21:46'),(410,22,'{\"PageRelations\":null,\"ImageWasUpdated\":false,\"Name\":\"QuestionContributor Subtopic 21-1\",\"Description\":null,\"PageMardkown\":null,\"Content\":null,\"CustomSegments\":null,\"WikipediaURL\":null,\"DisableLearningFunctions\":false,\"Visibility\":0,\"ParentIds\":[21],\"ChildIds\":[23,24],\"DeleteChangeId\":null,\"DeletedName\":null}',1,2,7,52,'2025-06-18 14:21:46'),(411,23,'{\"PageRelations\":null,\"ImageWasUpdated\":false,\"Name\":\"QuestionContributor Subtopic 22-1\",\"Description\":null,\"PageMardkown\":null,\"Content\":null,\"CustomSegments\":null,\"WikipediaURL\":null,\"DisableLearningFunctions\":false,\"Visibility\":0,\"ParentIds\":[22],\"ChildIds\":null,\"DeleteChangeId\":null,\"DeletedName\":null}',1,2,7,52,'2025-06-18 14:21:46'),(412,24,'{\"PageRelations\":null,\"ImageWasUpdated\":false,\"Name\":\"QuestionContributor Subtopic 22-2\",\"Description\":null,\"PageMardkown\":null,\"Content\":null,\"CustomSegments\":null,\"WikipediaURL\":null,\"DisableLearningFunctions\":false,\"Visibility\":0,\"ParentIds\":[22],\"ChildIds\":null,\"DeleteChangeId\":null,\"DeletedName\":null}',1,2,7,52,'2025-06-18 14:21:46'),(413,25,'{\"PageRelations\":null,\"ImageWasUpdated\":false,\"Name\":\"QuestionContributor Topic 2\",\"Description\":null,\"PageMardkown\":null,\"Content\":null,\"CustomSegments\":null,\"WikipediaURL\":null,\"DisableLearningFunctions\":false,\"Visibility\":0,\"ParentIds\":null,\"ChildIds\":null,\"DeleteChangeId\":null,\"DeletedName\":null}',1,2,7,52,'2025-06-18 14:21:46'),(414,26,'{\"PageRelations\":null,\"ImageWasUpdated\":false,\"Name\":\"QuestionContributor Subtopic 25-1\",\"Description\":null,\"PageMardkown\":null,\"Content\":null,\"CustomSegments\":null,\"WikipediaURL\":null,\"DisableLearningFunctions\":false,\"Visibility\":0,\"ParentIds\":null,\"ChildIds\":null,\"DeleteChangeId\":null,\"DeletedName\":null}',1,2,0,4,'2025-06-18 14:21:46'),(415,26,'{\"PageRelations\":null,\"ImageWasUpdated\":false,\"Name\":\"QuestionContributor Subtopic 25-1\",\"Description\":null,\"PageMardkown\":null,\"Content\":null,\"CustomSegments\":null,\"WikipediaURL\":null,\"DisableLearningFunctions\":false,\"Visibility\":0,\"ParentIds\":[25],\"ChildIds\":null,\"DeleteChangeId\":null,\"DeletedName\":null}',1,2,7,1,'2025-06-18 14:21:46'),(416,25,'{\"PageRelations\":null,\"ImageWasUpdated\":false,\"Name\":\"QuestionContributor Topic 2\",\"Description\":null,\"PageMardkown\":null,\"Content\":null,\"CustomSegments\":null,\"WikipediaURL\":null,\"DisableLearningFunctions\":false,\"Visibility\":0,\"ParentIds\":null,\"ChildIds\":[26],\"DeleteChangeId\":null,\"DeletedName\":null}',1,2,7,1,'2025-06-18 14:21:46'),(417,1,'{\"PageRelations\":null,\"ImageWasUpdated\":false,\"Name\":\"LearningUser Topic 1\",\"Description\":null,\"PageMardkown\":null,\"Content\":null,\"CustomSegments\":null,\"WikipediaURL\":null,\"DisableLearningFunctions\":false,\"Visibility\":0,\"ParentIds\":null,\"ChildIds\":[2],\"DeleteChangeId\":null,\"DeletedName\":null}',1,2,7,50,'2025-06-18 14:21:46'),(418,2,'{\"PageRelations\":null,\"ImageWasUpdated\":false,\"Name\":\"LearningUser Subtopic 1-1\",\"Description\":null,\"PageMardkown\":null,\"Content\":null,\"CustomSegments\":null,\"WikipediaURL\":null,\"DisableLearningFunctions\":false,\"Visibility\":0,\"ParentIds\":[1],\"ChildIds\":[3],\"DeleteChangeId\":null,\"DeletedName\":null}',1,2,7,50,'2025-06-18 14:21:46'),(419,3,'{\"PageRelations\":null,\"ImageWasUpdated\":false,\"Name\":\"LearningUser Subtopic 2-1\",\"Description\":null,\"PageMardkown\":null,\"Content\":null,\"CustomSegments\":null,\"WikipediaURL\":null,\"DisableLearningFunctions\":false,\"Visibility\":0,\"ParentIds\":[2],\"ChildIds\":null,\"DeleteChangeId\":null,\"DeletedName\":null}',1,2,7,50,'2025-06-18 14:21:46'),(420,4,'{\"PageRelations\":null,\"ImageWasUpdated\":false,\"Name\":\"ContentCreator Topic 1\",\"Description\":null,\"PageMardkown\":null,\"Content\":null,\"CustomSegments\":null,\"WikipediaURL\":null,\"DisableLearningFunctions\":false,\"Visibility\":0,\"ParentIds\":null,\"ChildIds\":[5,8,12],\"DeleteChangeId\":null,\"DeletedName\":null}',1,2,7,51,'2025-06-18 14:21:46'),(421,5,'{\"PageRelations\":null,\"ImageWasUpdated\":false,\"Name\":\"ContentCreator Subtopic 4-1\",\"Description\":null,\"PageMardkown\":null,\"Content\":null,\"CustomSegments\":null,\"WikipediaURL\":null,\"DisableLearningFunctions\":false,\"Visibility\":0,\"ParentIds\":[4],\"ChildIds\":[6,7],\"DeleteChangeId\":null,\"DeletedName\":null}',1,2,7,51,'2025-06-18 14:21:46'),(422,6,'{\"PageRelations\":null,\"ImageWasUpdated\":false,\"Name\":\"ContentCreator Subtopic 5-1\",\"Description\":null,\"PageMardkown\":null,\"Content\":null,\"CustomSegments\":null,\"WikipediaURL\":null,\"DisableLearningFunctions\":false,\"Visibility\":0,\"ParentIds\":[5],\"ChildIds\":null,\"DeleteChangeId\":null,\"DeletedName\":null}',1,2,7,51,'2025-06-18 14:21:46'),(423,7,'{\"PageRelations\":null,\"ImageWasUpdated\":false,\"Name\":\"ContentCreator Subtopic 5-2\",\"Description\":null,\"PageMardkown\":null,\"Content\":null,\"CustomSegments\":null,\"WikipediaURL\":null,\"DisableLearningFunctions\":false,\"Visibility\":0,\"ParentIds\":[5],\"ChildIds\":null,\"DeleteChangeId\":null,\"DeletedName\":null}',1,2,7,51,'2025-06-18 14:21:46'),(424,8,'{\"PageRelations\":null,\"ImageWasUpdated\":false,\"Name\":\"ContentCreator Subtopic 4-2\",\"Description\":null,\"PageMardkown\":null,\"Content\":null,\"CustomSegments\":null,\"WikipediaURL\":null,\"DisableLearningFunctions\":false,\"Visibility\":0,\"ParentIds\":[4],\"ChildIds\":[9,10,11],\"DeleteChangeId\":null,\"DeletedName\":null}',1,2,7,51,'2025-06-18 14:21:46'),(425,9,'{\"PageRelations\":null,\"ImageWasUpdated\":false,\"Name\":\"ContentCreator Subtopic 8-1\",\"Description\":null,\"PageMardkown\":null,\"Content\":null,\"CustomSegments\":null,\"WikipediaURL\":null,\"DisableLearningFunctions\":false,\"Visibility\":0,\"ParentIds\":[8],\"ChildIds\":null,\"DeleteChangeId\":null,\"DeletedName\":null}',1,2,7,51,'2025-06-18 14:21:46'),(426,10,'{\"PageRelations\":null,\"ImageWasUpdated\":false,\"Name\":\"ContentCreator Subtopic 8-2\",\"Description\":null,\"PageMardkown\":null,\"Content\":null,\"CustomSegments\":null,\"WikipediaURL\":null,\"DisableLearningFunctions\":false,\"Visibility\":0,\"ParentIds\":[8],\"ChildIds\":null,\"DeleteChangeId\":null,\"DeletedName\":null}',1,2,7,51,'2025-06-18 14:21:46'),(427,11,'{\"PageRelations\":null,\"ImageWasUpdated\":false,\"Name\":\"ContentCreator Subtopic 8-3\",\"Description\":null,\"PageMardkown\":null,\"Content\":null,\"CustomSegments\":null,\"WikipediaURL\":null,\"DisableLearningFunctions\":false,\"Visibility\":0,\"ParentIds\":[8],\"ChildIds\":null,\"DeleteChangeId\":null,\"DeletedName\":null}',1,2,7,51,'2025-06-18 14:21:46'),(428,12,'{\"PageRelations\":null,\"ImageWasUpdated\":false,\"Name\":\"ContentCreator Subtopic 4-3\",\"Description\":null,\"PageMardkown\":null,\"Content\":null,\"CustomSegments\":null,\"WikipediaURL\":null,\"DisableLearningFunctions\":false,\"Visibility\":0,\"ParentIds\":[4],\"ChildIds\":[13,14,15],\"DeleteChangeId\":null,\"DeletedName\":null}',1,2,7,51,'2025-06-18 14:21:46'),(429,13,'{\"PageRelations\":null,\"ImageWasUpdated\":false,\"Name\":\"ContentCreator Subtopic 12-1\",\"Description\":null,\"PageMardkown\":null,\"Content\":null,\"CustomSegments\":null,\"WikipediaURL\":null,\"DisableLearningFunctions\":false,\"Visibility\":0,\"ParentIds\":[12],\"ChildIds\":null,\"DeleteChangeId\":null,\"DeletedName\":null}',1,2,7,51,'2025-06-18 14:21:46'),(430,14,'{\"PageRelations\":null,\"ImageWasUpdated\":false,\"Name\":\"ContentCreator Subtopic 12-2\",\"Description\":null,\"PageMardkown\":null,\"Content\":null,\"CustomSegments\":null,\"WikipediaURL\":null,\"DisableLearningFunctions\":false,\"Visibility\":0,\"ParentIds\":[12],\"ChildIds\":null,\"DeleteChangeId\":null,\"DeletedName\":null}',1,2,7,51,'2025-06-18 14:21:46'),(431,15,'{\"PageRelations\":null,\"ImageWasUpdated\":false,\"Name\":\"ContentCreator Subtopic 12-3\",\"Description\":null,\"PageMardkown\":null,\"Content\":null,\"CustomSegments\":null,\"WikipediaURL\":null,\"DisableLearningFunctions\":false,\"Visibility\":0,\"ParentIds\":[12],\"ChildIds\":null,\"DeleteChangeId\":null,\"DeletedName\":null}',1,2,7,51,'2025-06-18 14:21:46'),(432,16,'{\"PageRelations\":null,\"ImageWasUpdated\":false,\"Name\":\"ContentCreator Topic 2\",\"Description\":null,\"PageMardkown\":null,\"Content\":null,\"CustomSegments\":null,\"WikipediaURL\":null,\"DisableLearningFunctions\":false,\"Visibility\":0,\"ParentIds\":null,\"ChildIds\":[17],\"DeleteChangeId\":null,\"DeletedName\":null}',1,2,7,51,'2025-06-18 14:21:46'),(433,17,'{\"PageRelations\":null,\"ImageWasUpdated\":false,\"Name\":\"ContentCreator Subtopic 16-1\",\"Description\":null,\"PageMardkown\":null,\"Content\":null,\"CustomSegments\":null,\"WikipediaURL\":null,\"DisableLearningFunctions\":false,\"Visibility\":0,\"ParentIds\":[16],\"ChildIds\":[18,19,20],\"DeleteChangeId\":null,\"DeletedName\":null}',1,2,7,51,'2025-06-18 14:21:46'),(434,18,'{\"PageRelations\":null,\"ImageWasUpdated\":false,\"Name\":\"ContentCreator Subtopic 17-1\",\"Description\":null,\"PageMardkown\":null,\"Content\":null,\"CustomSegments\":null,\"WikipediaURL\":null,\"DisableLearningFunctions\":false,\"Visibility\":0,\"ParentIds\":[17],\"ChildIds\":null,\"DeleteChangeId\":null,\"DeletedName\":null}',1,2,7,51,'2025-06-18 14:21:46'),(435,19,'{\"PageRelations\":null,\"ImageWasUpdated\":false,\"Name\":\"ContentCreator Subtopic 17-2\",\"Description\":null,\"PageMardkown\":null,\"Content\":null,\"CustomSegments\":null,\"WikipediaURL\":null,\"DisableLearningFunctions\":false,\"Visibility\":0,\"ParentIds\":[17],\"ChildIds\":null,\"DeleteChangeId\":null,\"DeletedName\":null}',1,2,7,51,'2025-06-18 14:21:46'),(436,20,'{\"PageRelations\":null,\"ImageWasUpdated\":false,\"Name\":\"ContentCreator Subtopic 17-3\",\"Description\":null,\"PageMardkown\":null,\"Content\":null,\"CustomSegments\":null,\"WikipediaURL\":null,\"DisableLearningFunctions\":false,\"Visibility\":0,\"ParentIds\":[17],\"ChildIds\":null,\"DeleteChangeId\":null,\"DeletedName\":null}',1,2,7,51,'2025-06-18 14:21:47'),(437,21,'{\"PageRelations\":null,\"ImageWasUpdated\":false,\"Name\":\"QuestionContributor Topic 1\",\"Description\":null,\"PageMardkown\":null,\"Content\":null,\"CustomSegments\":null,\"WikipediaURL\":null,\"DisableLearningFunctions\":false,\"Visibility\":0,\"ParentIds\":null,\"ChildIds\":[22],\"DeleteChangeId\":null,\"DeletedName\":null}',1,2,7,52,'2025-06-18 14:21:47'),(438,22,'{\"PageRelations\":null,\"ImageWasUpdated\":false,\"Name\":\"QuestionContributor Subtopic 21-1\",\"Description\":null,\"PageMardkown\":null,\"Content\":null,\"CustomSegments\":null,\"WikipediaURL\":null,\"DisableLearningFunctions\":false,\"Visibility\":0,\"ParentIds\":[21],\"ChildIds\":[23,24],\"DeleteChangeId\":null,\"DeletedName\":null}',1,2,7,52,'2025-06-18 14:21:47'),(439,23,'{\"PageRelations\":null,\"ImageWasUpdated\":false,\"Name\":\"QuestionContributor Subtopic 22-1\",\"Description\":null,\"PageMardkown\":null,\"Content\":null,\"CustomSegments\":null,\"WikipediaURL\":null,\"DisableLearningFunctions\":false,\"Visibility\":0,\"ParentIds\":[22],\"ChildIds\":null,\"DeleteChangeId\":null,\"DeletedName\":null}',1,2,7,52,'2025-06-18 14:21:47'),(440,24,'{\"PageRelations\":null,\"ImageWasUpdated\":false,\"Name\":\"QuestionContributor Subtopic 22-2\",\"Description\":null,\"PageMardkown\":null,\"Content\":null,\"CustomSegments\":null,\"WikipediaURL\":null,\"DisableLearningFunctions\":false,\"Visibility\":0,\"ParentIds\":[22],\"ChildIds\":null,\"DeleteChangeId\":null,\"DeletedName\":null}',1,2,7,52,'2025-06-18 14:21:47'),(441,25,'{\"PageRelations\":null,\"ImageWasUpdated\":false,\"Name\":\"QuestionContributor Topic 2\",\"Description\":null,\"PageMardkown\":null,\"Content\":null,\"CustomSegments\":null,\"WikipediaURL\":null,\"DisableLearningFunctions\":false,\"Visibility\":0,\"ParentIds\":null,\"ChildIds\":[26],\"DeleteChangeId\":null,\"DeletedName\":null}',1,2,7,52,'2025-06-18 14:21:47'),(442,26,'{\"PageRelations\":null,\"ImageWasUpdated\":false,\"Name\":\"QuestionContributor Subtopic 25-1\",\"Description\":null,\"PageMardkown\":null,\"Content\":null,\"CustomSegments\":null,\"WikipediaURL\":null,\"DisableLearningFunctions\":false,\"Visibility\":0,\"ParentIds\":[25],\"ChildIds\":null,\"DeleteChangeId\":null,\"DeletedName\":null}',1,2,7,52,'2025-06-18 14:21:47'),(443,27,'{\"PageRelations\":null,\"ImageWasUpdated\":false,\"Name\":\"QuestionContributor Subtopic 26-1\",\"Description\":null,\"PageMardkown\":null,\"Content\":null,\"CustomSegments\":null,\"WikipediaURL\":null,\"DisableLearningFunctions\":false,\"Visibility\":0,\"ParentIds\":null,\"ChildIds\":null,\"DeleteChangeId\":null,\"DeletedName\":null}',1,2,0,4,'2025-06-18 14:21:47'),(444,27,'{\"PageRelations\":null,\"ImageWasUpdated\":false,\"Name\":\"QuestionContributor Subtopic 26-1\",\"Description\":null,\"PageMardkown\":null,\"Content\":null,\"CustomSegments\":null,\"WikipediaURL\":null,\"DisableLearningFunctions\":false,\"Visibility\":0,\"ParentIds\":[26],\"ChildIds\":null,\"DeleteChangeId\":null,\"DeletedName\":null}',1,2,7,1,'2025-06-18 14:21:47'),(445,26,'{\"PageRelations\":null,\"ImageWasUpdated\":false,\"Name\":\"QuestionContributor Subtopic 25-1\",\"Description\":null,\"PageMardkown\":null,\"Content\":null,\"CustomSegments\":null,\"WikipediaURL\":null,\"DisableLearningFunctions\":false,\"Visibility\":0,\"ParentIds\":[25],\"ChildIds\":[27],\"DeleteChangeId\":null,\"DeletedName\":null}',1,2,7,1,'2025-06-18 14:21:47'),(446,1,'{\"PageRelations\":null,\"ImageWasUpdated\":false,\"Name\":\"LearningUser Topic 1\",\"Description\":null,\"PageMardkown\":null,\"Content\":null,\"CustomSegments\":null,\"WikipediaURL\":null,\"DisableLearningFunctions\":false,\"Visibility\":0,\"ParentIds\":null,\"ChildIds\":[2],\"DeleteChangeId\":null,\"DeletedName\":null}',1,2,7,50,'2025-06-18 14:21:47'),(447,2,'{\"PageRelations\":null,\"ImageWasUpdated\":false,\"Name\":\"LearningUser Subtopic 1-1\",\"Description\":null,\"PageMardkown\":null,\"Content\":null,\"CustomSegments\":null,\"WikipediaURL\":null,\"DisableLearningFunctions\":false,\"Visibility\":0,\"ParentIds\":[1],\"ChildIds\":[3],\"DeleteChangeId\":null,\"DeletedName\":null}',1,2,7,50,'2025-06-18 14:21:47'),(448,3,'{\"PageRelations\":null,\"ImageWasUpdated\":false,\"Name\":\"LearningUser Subtopic 2-1\",\"Description\":null,\"PageMardkown\":null,\"Content\":null,\"CustomSegments\":null,\"WikipediaURL\":null,\"DisableLearningFunctions\":false,\"Visibility\":0,\"ParentIds\":[2],\"ChildIds\":null,\"DeleteChangeId\":null,\"DeletedName\":null}',1,2,7,50,'2025-06-18 14:21:47'),(449,4,'{\"PageRelations\":null,\"ImageWasUpdated\":false,\"Name\":\"ContentCreator Topic 1\",\"Description\":null,\"PageMardkown\":null,\"Content\":null,\"CustomSegments\":null,\"WikipediaURL\":null,\"DisableLearningFunctions\":false,\"Visibility\":0,\"ParentIds\":null,\"ChildIds\":[5,8,12],\"DeleteChangeId\":null,\"DeletedName\":null}',1,2,7,51,'2025-06-18 14:21:47'),(450,5,'{\"PageRelations\":null,\"ImageWasUpdated\":false,\"Name\":\"ContentCreator Subtopic 4-1\",\"Description\":null,\"PageMardkown\":null,\"Content\":null,\"CustomSegments\":null,\"WikipediaURL\":null,\"DisableLearningFunctions\":false,\"Visibility\":0,\"ParentIds\":[4],\"ChildIds\":[6,7],\"DeleteChangeId\":null,\"DeletedName\":null}',1,2,7,51,'2025-06-18 14:21:47'),(451,6,'{\"PageRelations\":null,\"ImageWasUpdated\":false,\"Name\":\"ContentCreator Subtopic 5-1\",\"Description\":null,\"PageMardkown\":null,\"Content\":null,\"CustomSegments\":null,\"WikipediaURL\":null,\"DisableLearningFunctions\":false,\"Visibility\":0,\"ParentIds\":[5],\"ChildIds\":null,\"DeleteChangeId\":null,\"DeletedName\":null}',1,2,7,51,'2025-06-18 14:21:47'),(452,7,'{\"PageRelations\":null,\"ImageWasUpdated\":false,\"Name\":\"ContentCreator Subtopic 5-2\",\"Description\":null,\"PageMardkown\":null,\"Content\":null,\"CustomSegments\":null,\"WikipediaURL\":null,\"DisableLearningFunctions\":false,\"Visibility\":0,\"ParentIds\":[5],\"ChildIds\":null,\"DeleteChangeId\":null,\"DeletedName\":null}',1,2,7,51,'2025-06-18 14:21:47'),(453,8,'{\"PageRelations\":null,\"ImageWasUpdated\":false,\"Name\":\"ContentCreator Subtopic 4-2\",\"Description\":null,\"PageMardkown\":null,\"Content\":null,\"CustomSegments\":null,\"WikipediaURL\":null,\"DisableLearningFunctions\":false,\"Visibility\":0,\"ParentIds\":[4],\"ChildIds\":[9,10,11],\"DeleteChangeId\":null,\"DeletedName\":null}',1,2,7,51,'2025-06-18 14:21:47'),(454,9,'{\"PageRelations\":null,\"ImageWasUpdated\":false,\"Name\":\"ContentCreator Subtopic 8-1\",\"Description\":null,\"PageMardkown\":null,\"Content\":null,\"CustomSegments\":null,\"WikipediaURL\":null,\"DisableLearningFunctions\":false,\"Visibility\":0,\"ParentIds\":[8],\"ChildIds\":null,\"DeleteChangeId\":null,\"DeletedName\":null}',1,2,7,51,'2025-06-18 14:21:47'),(455,10,'{\"PageRelations\":null,\"ImageWasUpdated\":false,\"Name\":\"ContentCreator Subtopic 8-2\",\"Description\":null,\"PageMardkown\":null,\"Content\":null,\"CustomSegments\":null,\"WikipediaURL\":null,\"DisableLearningFunctions\":false,\"Visibility\":0,\"ParentIds\":[8],\"ChildIds\":null,\"DeleteChangeId\":null,\"DeletedName\":null}',1,2,7,51,'2025-06-18 14:21:47'),(456,11,'{\"PageRelations\":null,\"ImageWasUpdated\":false,\"Name\":\"ContentCreator Subtopic 8-3\",\"Description\":null,\"PageMardkown\":null,\"Content\":null,\"CustomSegments\":null,\"WikipediaURL\":null,\"DisableLearningFunctions\":false,\"Visibility\":0,\"ParentIds\":[8],\"ChildIds\":null,\"DeleteChangeId\":null,\"DeletedName\":null}',1,2,7,51,'2025-06-18 14:21:47'),(457,12,'{\"PageRelations\":null,\"ImageWasUpdated\":false,\"Name\":\"ContentCreator Subtopic 4-3\",\"Description\":null,\"PageMardkown\":null,\"Content\":null,\"CustomSegments\":null,\"WikipediaURL\":null,\"DisableLearningFunctions\":false,\"Visibility\":0,\"ParentIds\":[4],\"ChildIds\":[13,14,15],\"DeleteChangeId\":null,\"DeletedName\":null}',1,2,7,51,'2025-06-18 14:21:47'),(458,13,'{\"PageRelations\":null,\"ImageWasUpdated\":false,\"Name\":\"ContentCreator Subtopic 12-1\",\"Description\":null,\"PageMardkown\":null,\"Content\":null,\"CustomSegments\":null,\"WikipediaURL\":null,\"DisableLearningFunctions\":false,\"Visibility\":0,\"ParentIds\":[12],\"ChildIds\":null,\"DeleteChangeId\":null,\"DeletedName\":null}',1,2,7,51,'2025-06-18 14:21:47'),(459,14,'{\"PageRelations\":null,\"ImageWasUpdated\":false,\"Name\":\"ContentCreator Subtopic 12-2\",\"Description\":null,\"PageMardkown\":null,\"Content\":null,\"CustomSegments\":null,\"WikipediaURL\":null,\"DisableLearningFunctions\":false,\"Visibility\":0,\"ParentIds\":[12],\"ChildIds\":null,\"DeleteChangeId\":null,\"DeletedName\":null}',1,2,7,51,'2025-06-18 14:21:47'),(460,15,'{\"PageRelations\":null,\"ImageWasUpdated\":false,\"Name\":\"ContentCreator Subtopic 12-3\",\"Description\":null,\"PageMardkown\":null,\"Content\":null,\"CustomSegments\":null,\"WikipediaURL\":null,\"DisableLearningFunctions\":false,\"Visibility\":0,\"ParentIds\":[12],\"ChildIds\":null,\"DeleteChangeId\":null,\"DeletedName\":null}',1,2,7,51,'2025-06-18 14:21:47'),(461,16,'{\"PageRelations\":null,\"ImageWasUpdated\":false,\"Name\":\"ContentCreator Topic 2\",\"Description\":null,\"PageMardkown\":null,\"Content\":null,\"CustomSegments\":null,\"WikipediaURL\":null,\"DisableLearningFunctions\":false,\"Visibility\":0,\"ParentIds\":null,\"ChildIds\":[17],\"DeleteChangeId\":null,\"DeletedName\":null}',1,2,7,51,'2025-06-18 14:21:47'),(462,17,'{\"PageRelations\":null,\"ImageWasUpdated\":false,\"Name\":\"ContentCreator Subtopic 16-1\",\"Description\":null,\"PageMardkown\":null,\"Content\":null,\"CustomSegments\":null,\"WikipediaURL\":null,\"DisableLearningFunctions\":false,\"Visibility\":0,\"ParentIds\":[16],\"ChildIds\":[18,19,20],\"DeleteChangeId\":null,\"DeletedName\":null}',1,2,7,51,'2025-06-18 14:21:47'),(463,18,'{\"PageRelations\":null,\"ImageWasUpdated\":false,\"Name\":\"ContentCreator Subtopic 17-1\",\"Description\":null,\"PageMardkown\":null,\"Content\":null,\"CustomSegments\":null,\"WikipediaURL\":null,\"DisableLearningFunctions\":false,\"Visibility\":0,\"ParentIds\":[17],\"ChildIds\":null,\"DeleteChangeId\":null,\"DeletedName\":null}',1,2,7,51,'2025-06-18 14:21:47'),(464,19,'{\"PageRelations\":null,\"ImageWasUpdated\":false,\"Name\":\"ContentCreator Subtopic 17-2\",\"Description\":null,\"PageMardkown\":null,\"Content\":null,\"CustomSegments\":null,\"WikipediaURL\":null,\"DisableLearningFunctions\":false,\"Visibility\":0,\"ParentIds\":[17],\"ChildIds\":null,\"DeleteChangeId\":null,\"DeletedName\":null}',1,2,7,51,'2025-06-18 14:21:47'),(465,20,'{\"PageRelations\":null,\"ImageWasUpdated\":false,\"Name\":\"ContentCreator Subtopic 17-3\",\"Description\":null,\"PageMardkown\":null,\"Content\":null,\"CustomSegments\":null,\"WikipediaURL\":null,\"DisableLearningFunctions\":false,\"Visibility\":0,\"ParentIds\":[17],\"ChildIds\":null,\"DeleteChangeId\":null,\"DeletedName\":null}',1,2,7,51,'2025-06-18 14:21:47'),(466,21,'{\"PageRelations\":null,\"ImageWasUpdated\":false,\"Name\":\"QuestionContributor Topic 1\",\"Description\":null,\"PageMardkown\":null,\"Content\":null,\"CustomSegments\":null,\"WikipediaURL\":null,\"DisableLearningFunctions\":false,\"Visibility\":0,\"ParentIds\":null,\"ChildIds\":[22],\"DeleteChangeId\":null,\"DeletedName\":null}',1,2,7,52,'2025-06-18 14:21:47'),(467,22,'{\"PageRelations\":null,\"ImageWasUpdated\":false,\"Name\":\"QuestionContributor Subtopic 21-1\",\"Description\":null,\"PageMardkown\":null,\"Content\":null,\"CustomSegments\":null,\"WikipediaURL\":null,\"DisableLearningFunctions\":false,\"Visibility\":0,\"ParentIds\":[21],\"ChildIds\":[23,24],\"DeleteChangeId\":null,\"DeletedName\":null}',1,2,7,52,'2025-06-18 14:21:47'),(468,23,'{\"PageRelations\":null,\"ImageWasUpdated\":false,\"Name\":\"QuestionContributor Subtopic 22-1\",\"Description\":null,\"PageMardkown\":null,\"Content\":null,\"CustomSegments\":null,\"WikipediaURL\":null,\"DisableLearningFunctions\":false,\"Visibility\":0,\"ParentIds\":[22],\"ChildIds\":null,\"DeleteChangeId\":null,\"DeletedName\":null}',1,2,7,52,'2025-06-18 14:21:47'),(469,24,'{\"PageRelations\":null,\"ImageWasUpdated\":false,\"Name\":\"QuestionContributor Subtopic 22-2\",\"Description\":null,\"PageMardkown\":null,\"Content\":null,\"CustomSegments\":null,\"WikipediaURL\":null,\"DisableLearningFunctions\":false,\"Visibility\":0,\"ParentIds\":[22],\"ChildIds\":null,\"DeleteChangeId\":null,\"DeletedName\":null}',1,2,7,52,'2025-06-18 14:21:47'),(470,25,'{\"PageRelations\":null,\"ImageWasUpdated\":false,\"Name\":\"QuestionContributor Topic 2\",\"Description\":null,\"PageMardkown\":null,\"Content\":null,\"CustomSegments\":null,\"WikipediaURL\":null,\"DisableLearningFunctions\":false,\"Visibility\":0,\"ParentIds\":null,\"ChildIds\":[26],\"DeleteChangeId\":null,\"DeletedName\":null}',1,2,7,52,'2025-06-18 14:21:47'),(471,26,'{\"PageRelations\":null,\"ImageWasUpdated\":false,\"Name\":\"QuestionContributor Subtopic 25-1\",\"Description\":null,\"PageMardkown\":null,\"Content\":null,\"CustomSegments\":null,\"WikipediaURL\":null,\"DisableLearningFunctions\":false,\"Visibility\":0,\"ParentIds\":[25],\"ChildIds\":[27],\"DeleteChangeId\":null,\"DeletedName\":null}',1,2,7,52,'2025-06-18 14:21:47'),(472,27,'{\"PageRelations\":null,\"ImageWasUpdated\":false,\"Name\":\"QuestionContributor Subtopic 26-1\",\"Description\":null,\"PageMardkown\":null,\"Content\":null,\"CustomSegments\":null,\"WikipediaURL\":null,\"DisableLearningFunctions\":false,\"Visibility\":0,\"ParentIds\":[26],\"ChildIds\":null,\"DeleteChangeId\":null,\"DeletedName\":null}',1,2,7,52,'2025-06-18 14:21:47'),(473,28,'{\"PageRelations\":null,\"ImageWasUpdated\":false,\"Name\":\"QuestionContributor Subtopic 26-2\",\"Description\":null,\"PageMardkown\":null,\"Content\":null,\"CustomSegments\":null,\"WikipediaURL\":null,\"DisableLearningFunctions\":false,\"Visibility\":0,\"ParentIds\":null,\"ChildIds\":null,\"DeleteChangeId\":null,\"DeletedName\":null}',1,2,0,4,'2025-06-18 14:21:47'),(474,28,'{\"PageRelations\":null,\"ImageWasUpdated\":false,\"Name\":\"QuestionContributor Subtopic 26-2\",\"Description\":null,\"PageMardkown\":null,\"Content\":null,\"CustomSegments\":null,\"WikipediaURL\":null,\"DisableLearningFunctions\":false,\"Visibility\":0,\"ParentIds\":[26],\"ChildIds\":null,\"DeleteChangeId\":null,\"DeletedName\":null}',1,2,7,1,'2025-06-18 14:21:47'),(475,26,'{\"PageRelations\":null,\"ImageWasUpdated\":false,\"Name\":\"QuestionContributor Subtopic 25-1\",\"Description\":null,\"PageMardkown\":null,\"Content\":null,\"CustomSegments\":null,\"WikipediaURL\":null,\"DisableLearningFunctions\":false,\"Visibility\":0,\"ParentIds\":[25],\"ChildIds\":[27,28],\"DeleteChangeId\":null,\"DeletedName\":null}',1,2,7,1,'2025-06-18 14:21:47'),(476,1,'{\"PageRelations\":null,\"ImageWasUpdated\":false,\"Name\":\"LearningUser Topic 1\",\"Description\":null,\"PageMardkown\":null,\"Content\":null,\"CustomSegments\":null,\"WikipediaURL\":null,\"DisableLearningFunctions\":false,\"Visibility\":0,\"ParentIds\":null,\"ChildIds\":[2],\"DeleteChangeId\":null,\"DeletedName\":null}',1,2,7,50,'2025-06-18 14:21:48'),(477,2,'{\"PageRelations\":null,\"ImageWasUpdated\":false,\"Name\":\"LearningUser Subtopic 1-1\",\"Description\":null,\"PageMardkown\":null,\"Content\":null,\"CustomSegments\":null,\"WikipediaURL\":null,\"DisableLearningFunctions\":false,\"Visibility\":0,\"ParentIds\":[1],\"ChildIds\":[3],\"DeleteChangeId\":null,\"DeletedName\":null}',1,2,7,50,'2025-06-18 14:21:48'),(478,3,'{\"PageRelations\":null,\"ImageWasUpdated\":false,\"Name\":\"LearningUser Subtopic 2-1\",\"Description\":null,\"PageMardkown\":null,\"Content\":null,\"CustomSegments\":null,\"WikipediaURL\":null,\"DisableLearningFunctions\":false,\"Visibility\":0,\"ParentIds\":[2],\"ChildIds\":null,\"DeleteChangeId\":null,\"DeletedName\":null}',1,2,7,50,'2025-06-18 14:21:48'),(479,4,'{\"PageRelations\":null,\"ImageWasUpdated\":false,\"Name\":\"ContentCreator Topic 1\",\"Description\":null,\"PageMardkown\":null,\"Content\":null,\"CustomSegments\":null,\"WikipediaURL\":null,\"DisableLearningFunctions\":false,\"Visibility\":0,\"ParentIds\":null,\"ChildIds\":[5,8,12],\"DeleteChangeId\":null,\"DeletedName\":null}',1,2,7,51,'2025-06-18 14:21:48'),(480,5,'{\"PageRelations\":null,\"ImageWasUpdated\":false,\"Name\":\"ContentCreator Subtopic 4-1\",\"Description\":null,\"PageMardkown\":null,\"Content\":null,\"CustomSegments\":null,\"WikipediaURL\":null,\"DisableLearningFunctions\":false,\"Visibility\":0,\"ParentIds\":[4],\"ChildIds\":[6,7],\"DeleteChangeId\":null,\"DeletedName\":null}',1,2,7,51,'2025-06-18 14:21:48'),(481,6,'{\"PageRelations\":null,\"ImageWasUpdated\":false,\"Name\":\"ContentCreator Subtopic 5-1\",\"Description\":null,\"PageMardkown\":null,\"Content\":null,\"CustomSegments\":null,\"WikipediaURL\":null,\"DisableLearningFunctions\":false,\"Visibility\":0,\"ParentIds\":[5],\"ChildIds\":null,\"DeleteChangeId\":null,\"DeletedName\":null}',1,2,7,51,'2025-06-18 14:21:48'),(482,7,'{\"PageRelations\":null,\"ImageWasUpdated\":false,\"Name\":\"ContentCreator Subtopic 5-2\",\"Description\":null,\"PageMardkown\":null,\"Content\":null,\"CustomSegments\":null,\"WikipediaURL\":null,\"DisableLearningFunctions\":false,\"Visibility\":0,\"ParentIds\":[5],\"ChildIds\":null,\"DeleteChangeId\":null,\"DeletedName\":null}',1,2,7,51,'2025-06-18 14:21:48'),(483,8,'{\"PageRelations\":null,\"ImageWasUpdated\":false,\"Name\":\"ContentCreator Subtopic 4-2\",\"Description\":null,\"PageMardkown\":null,\"Content\":null,\"CustomSegments\":null,\"WikipediaURL\":null,\"DisableLearningFunctions\":false,\"Visibility\":0,\"ParentIds\":[4],\"ChildIds\":[9,10,11],\"DeleteChangeId\":null,\"DeletedName\":null}',1,2,7,51,'2025-06-18 14:21:48'),(484,9,'{\"PageRelations\":null,\"ImageWasUpdated\":false,\"Name\":\"ContentCreator Subtopic 8-1\",\"Description\":null,\"PageMardkown\":null,\"Content\":null,\"CustomSegments\":null,\"WikipediaURL\":null,\"DisableLearningFunctions\":false,\"Visibility\":0,\"ParentIds\":[8],\"ChildIds\":null,\"DeleteChangeId\":null,\"DeletedName\":null}',1,2,7,51,'2025-06-18 14:21:48'),(485,10,'{\"PageRelations\":null,\"ImageWasUpdated\":false,\"Name\":\"ContentCreator Subtopic 8-2\",\"Description\":null,\"PageMardkown\":null,\"Content\":null,\"CustomSegments\":null,\"WikipediaURL\":null,\"DisableLearningFunctions\":false,\"Visibility\":0,\"ParentIds\":[8],\"ChildIds\":null,\"DeleteChangeId\":null,\"DeletedName\":null}',1,2,7,51,'2025-06-18 14:21:48'),(486,11,'{\"PageRelations\":null,\"ImageWasUpdated\":false,\"Name\":\"ContentCreator Subtopic 8-3\",\"Description\":null,\"PageMardkown\":null,\"Content\":null,\"CustomSegments\":null,\"WikipediaURL\":null,\"DisableLearningFunctions\":false,\"Visibility\":0,\"ParentIds\":[8],\"ChildIds\":null,\"DeleteChangeId\":null,\"DeletedName\":null}',1,2,7,51,'2025-06-18 14:21:48'),(487,12,'{\"PageRelations\":null,\"ImageWasUpdated\":false,\"Name\":\"ContentCreator Subtopic 4-3\",\"Description\":null,\"PageMardkown\":null,\"Content\":null,\"CustomSegments\":null,\"WikipediaURL\":null,\"DisableLearningFunctions\":false,\"Visibility\":0,\"ParentIds\":[4],\"ChildIds\":[13,14,15],\"DeleteChangeId\":null,\"DeletedName\":null}',1,2,7,51,'2025-06-18 14:21:48'),(488,13,'{\"PageRelations\":null,\"ImageWasUpdated\":false,\"Name\":\"ContentCreator Subtopic 12-1\",\"Description\":null,\"PageMardkown\":null,\"Content\":null,\"CustomSegments\":null,\"WikipediaURL\":null,\"DisableLearningFunctions\":false,\"Visibility\":0,\"ParentIds\":[12],\"ChildIds\":null,\"DeleteChangeId\":null,\"DeletedName\":null}',1,2,7,51,'2025-06-18 14:21:48'),(489,14,'{\"PageRelations\":null,\"ImageWasUpdated\":false,\"Name\":\"ContentCreator Subtopic 12-2\",\"Description\":null,\"PageMardkown\":null,\"Content\":null,\"CustomSegments\":null,\"WikipediaURL\":null,\"DisableLearningFunctions\":false,\"Visibility\":0,\"ParentIds\":[12],\"ChildIds\":null,\"DeleteChangeId\":null,\"DeletedName\":null}',1,2,7,51,'2025-06-18 14:21:48'),(490,15,'{\"PageRelations\":null,\"ImageWasUpdated\":false,\"Name\":\"ContentCreator Subtopic 12-3\",\"Description\":null,\"PageMardkown\":null,\"Content\":null,\"CustomSegments\":null,\"WikipediaURL\":null,\"DisableLearningFunctions\":false,\"Visibility\":0,\"ParentIds\":[12],\"ChildIds\":null,\"DeleteChangeId\":null,\"DeletedName\":null}',1,2,7,51,'2025-06-18 14:21:48'),(491,16,'{\"PageRelations\":null,\"ImageWasUpdated\":false,\"Name\":\"ContentCreator Topic 2\",\"Description\":null,\"PageMardkown\":null,\"Content\":null,\"CustomSegments\":null,\"WikipediaURL\":null,\"DisableLearningFunctions\":false,\"Visibility\":0,\"ParentIds\":null,\"ChildIds\":[17],\"DeleteChangeId\":null,\"DeletedName\":null}',1,2,7,51,'2025-06-18 14:21:48'),(492,17,'{\"PageRelations\":null,\"ImageWasUpdated\":false,\"Name\":\"ContentCreator Subtopic 16-1\",\"Description\":null,\"PageMardkown\":null,\"Content\":null,\"CustomSegments\":null,\"WikipediaURL\":null,\"DisableLearningFunctions\":false,\"Visibility\":0,\"ParentIds\":[16],\"ChildIds\":[18,19,20],\"DeleteChangeId\":null,\"DeletedName\":null}',1,2,7,51,'2025-06-18 14:21:48'),(493,18,'{\"PageRelations\":null,\"ImageWasUpdated\":false,\"Name\":\"ContentCreator Subtopic 17-1\",\"Description\":null,\"PageMardkown\":null,\"Content\":null,\"CustomSegments\":null,\"WikipediaURL\":null,\"DisableLearningFunctions\":false,\"Visibility\":0,\"ParentIds\":[17],\"ChildIds\":null,\"DeleteChangeId\":null,\"DeletedName\":null}',1,2,7,51,'2025-06-18 14:21:48'),(494,19,'{\"PageRelations\":null,\"ImageWasUpdated\":false,\"Name\":\"ContentCreator Subtopic 17-2\",\"Description\":null,\"PageMardkown\":null,\"Content\":null,\"CustomSegments\":null,\"WikipediaURL\":null,\"DisableLearningFunctions\":false,\"Visibility\":0,\"ParentIds\":[17],\"ChildIds\":null,\"DeleteChangeId\":null,\"DeletedName\":null}',1,2,7,51,'2025-06-18 14:21:48'),(495,20,'{\"PageRelations\":null,\"ImageWasUpdated\":false,\"Name\":\"ContentCreator Subtopic 17-3\",\"Description\":null,\"PageMardkown\":null,\"Content\":null,\"CustomSegments\":null,\"WikipediaURL\":null,\"DisableLearningFunctions\":false,\"Visibility\":0,\"ParentIds\":[17],\"ChildIds\":null,\"DeleteChangeId\":null,\"DeletedName\":null}',1,2,7,51,'2025-06-18 14:21:48'),(496,21,'{\"PageRelations\":null,\"ImageWasUpdated\":false,\"Name\":\"QuestionContributor Topic 1\",\"Description\":null,\"PageMardkown\":null,\"Content\":null,\"CustomSegments\":null,\"WikipediaURL\":null,\"DisableLearningFunctions\":false,\"Visibility\":0,\"ParentIds\":null,\"ChildIds\":[22],\"DeleteChangeId\":null,\"DeletedName\":null}',1,2,7,52,'2025-06-18 14:21:48'),(497,22,'{\"PageRelations\":null,\"ImageWasUpdated\":false,\"Name\":\"QuestionContributor Subtopic 21-1\",\"Description\":null,\"PageMardkown\":null,\"Content\":null,\"CustomSegments\":null,\"WikipediaURL\":null,\"DisableLearningFunctions\":false,\"Visibility\":0,\"ParentIds\":[21],\"ChildIds\":[23,24],\"DeleteChangeId\":null,\"DeletedName\":null}',1,2,7,52,'2025-06-18 14:21:48'),(498,23,'{\"PageRelations\":null,\"ImageWasUpdated\":false,\"Name\":\"QuestionContributor Subtopic 22-1\",\"Description\":null,\"PageMardkown\":null,\"Content\":null,\"CustomSegments\":null,\"WikipediaURL\":null,\"DisableLearningFunctions\":false,\"Visibility\":0,\"ParentIds\":[22],\"ChildIds\":null,\"DeleteChangeId\":null,\"DeletedName\":null}',1,2,7,52,'2025-06-18 14:21:48'),(499,24,'{\"PageRelations\":null,\"ImageWasUpdated\":false,\"Name\":\"QuestionContributor Subtopic 22-2\",\"Description\":null,\"PageMardkown\":null,\"Content\":null,\"CustomSegments\":null,\"WikipediaURL\":null,\"DisableLearningFunctions\":false,\"Visibility\":0,\"ParentIds\":[22],\"ChildIds\":null,\"DeleteChangeId\":null,\"DeletedName\":null}',1,2,7,52,'2025-06-18 14:21:48'),(500,25,'{\"PageRelations\":null,\"ImageWasUpdated\":false,\"Name\":\"QuestionContributor Topic 2\",\"Description\":null,\"PageMardkown\":null,\"Content\":null,\"CustomSegments\":null,\"WikipediaURL\":null,\"DisableLearningFunctions\":false,\"Visibility\":0,\"ParentIds\":null,\"ChildIds\":[26],\"DeleteChangeId\":null,\"DeletedName\":null}',1,2,7,52,'2025-06-18 14:21:48'),(501,26,'{\"PageRelations\":null,\"ImageWasUpdated\":false,\"Name\":\"QuestionContributor Subtopic 25-1\",\"Description\":null,\"PageMardkown\":null,\"Content\":null,\"CustomSegments\":null,\"WikipediaURL\":null,\"DisableLearningFunctions\":false,\"Visibility\":0,\"ParentIds\":[25],\"ChildIds\":[27,28],\"DeleteChangeId\":null,\"DeletedName\":null}',1,2,7,52,'2025-06-18 14:21:48'),(502,27,'{\"PageRelations\":null,\"ImageWasUpdated\":false,\"Name\":\"QuestionContributor Subtopic 26-1\",\"Description\":null,\"PageMardkown\":null,\"Content\":null,\"CustomSegments\":null,\"WikipediaURL\":null,\"DisableLearningFunctions\":false,\"Visibility\":0,\"ParentIds\":[26],\"ChildIds\":null,\"DeleteChangeId\":null,\"DeletedName\":null}',1,2,7,52,'2025-06-18 14:21:48'),(503,28,'{\"PageRelations\":null,\"ImageWasUpdated\":false,\"Name\":\"QuestionContributor Subtopic 26-2\",\"Description\":null,\"PageMardkown\":null,\"Content\":null,\"CustomSegments\":null,\"WikipediaURL\":null,\"DisableLearningFunctions\":false,\"Visibility\":0,\"ParentIds\":[26],\"ChildIds\":null,\"DeleteChangeId\":null,\"DeletedName\":null}',1,2,7,52,'2025-06-18 14:21:48'),(504,29,'{\"PageRelations\":null,\"ImageWasUpdated\":false,\"Name\":\"QuestionContributor Topic 3\",\"Description\":null,\"PageMardkown\":null,\"Content\":null,\"CustomSegments\":null,\"WikipediaURL\":null,\"DisableLearningFunctions\":false,\"Visibility\":0,\"ParentIds\":null,\"ChildIds\":null,\"DeleteChangeId\":null,\"DeletedName\":null}',1,2,0,4,'2025-06-18 14:21:48'),(505,1,'{\"PageRelations\":null,\"ImageWasUpdated\":false,\"Name\":\"LearningUser Topic 1\",\"Description\":null,\"PageMardkown\":null,\"Content\":null,\"CustomSegments\":null,\"WikipediaURL\":null,\"DisableLearningFunctions\":false,\"Visibility\":0,\"ParentIds\":null,\"ChildIds\":[2],\"DeleteChangeId\":null,\"DeletedName\":null}',1,2,7,50,'2025-06-18 14:21:48'),(506,2,'{\"PageRelations\":null,\"ImageWasUpdated\":false,\"Name\":\"LearningUser Subtopic 1-1\",\"Description\":null,\"PageMardkown\":null,\"Content\":null,\"CustomSegments\":null,\"WikipediaURL\":null,\"DisableLearningFunctions\":false,\"Visibility\":0,\"ParentIds\":[1],\"ChildIds\":[3],\"DeleteChangeId\":null,\"DeletedName\":null}',1,2,7,50,'2025-06-18 14:21:48'),(507,3,'{\"PageRelations\":null,\"ImageWasUpdated\":false,\"Name\":\"LearningUser Subtopic 2-1\",\"Description\":null,\"PageMardkown\":null,\"Content\":null,\"CustomSegments\":null,\"WikipediaURL\":null,\"DisableLearningFunctions\":false,\"Visibility\":0,\"ParentIds\":[2],\"ChildIds\":null,\"DeleteChangeId\":null,\"DeletedName\":null}',1,2,7,50,'2025-06-18 14:21:48'),(508,4,'{\"PageRelations\":null,\"ImageWasUpdated\":false,\"Name\":\"ContentCreator Topic 1\",\"Description\":null,\"PageMardkown\":null,\"Content\":null,\"CustomSegments\":null,\"WikipediaURL\":null,\"DisableLearningFunctions\":false,\"Visibility\":0,\"ParentIds\":null,\"ChildIds\":[5,8,12],\"DeleteChangeId\":null,\"DeletedName\":null}',1,2,7,51,'2025-06-18 14:21:48'),(509,5,'{\"PageRelations\":null,\"ImageWasUpdated\":false,\"Name\":\"ContentCreator Subtopic 4-1\",\"Description\":null,\"PageMardkown\":null,\"Content\":null,\"CustomSegments\":null,\"WikipediaURL\":null,\"DisableLearningFunctions\":false,\"Visibility\":0,\"ParentIds\":[4],\"ChildIds\":[6,7],\"DeleteChangeId\":null,\"DeletedName\":null}',1,2,7,51,'2025-06-18 14:21:48'),(510,6,'{\"PageRelations\":null,\"ImageWasUpdated\":false,\"Name\":\"ContentCreator Subtopic 5-1\",\"Description\":null,\"PageMardkown\":null,\"Content\":null,\"CustomSegments\":null,\"WikipediaURL\":null,\"DisableLearningFunctions\":false,\"Visibility\":0,\"ParentIds\":[5],\"ChildIds\":null,\"DeleteChangeId\":null,\"DeletedName\":null}',1,2,7,51,'2025-06-18 14:21:48'),(511,7,'{\"PageRelations\":null,\"ImageWasUpdated\":false,\"Name\":\"ContentCreator Subtopic 5-2\",\"Description\":null,\"PageMardkown\":null,\"Content\":null,\"CustomSegments\":null,\"WikipediaURL\":null,\"DisableLearningFunctions\":false,\"Visibility\":0,\"ParentIds\":[5],\"ChildIds\":null,\"DeleteChangeId\":null,\"DeletedName\":null}',1,2,7,51,'2025-06-18 14:21:48'),(512,8,'{\"PageRelations\":null,\"ImageWasUpdated\":false,\"Name\":\"ContentCreator Subtopic 4-2\",\"Description\":null,\"PageMardkown\":null,\"Content\":null,\"CustomSegments\":null,\"WikipediaURL\":null,\"DisableLearningFunctions\":false,\"Visibility\":0,\"ParentIds\":[4],\"ChildIds\":[9,10,11],\"DeleteChangeId\":null,\"DeletedName\":null}',1,2,7,51,'2025-06-18 14:21:48'),(513,9,'{\"PageRelations\":null,\"ImageWasUpdated\":false,\"Name\":\"ContentCreator Subtopic 8-1\",\"Description\":null,\"PageMardkown\":null,\"Content\":null,\"CustomSegments\":null,\"WikipediaURL\":null,\"DisableLearningFunctions\":false,\"Visibility\":0,\"ParentIds\":[8],\"ChildIds\":null,\"DeleteChangeId\":null,\"DeletedName\":null}',1,2,7,51,'2025-06-18 14:21:48'),(514,10,'{\"PageRelations\":null,\"ImageWasUpdated\":false,\"Name\":\"ContentCreator Subtopic 8-2\",\"Description\":null,\"PageMardkown\":null,\"Content\":null,\"CustomSegments\":null,\"WikipediaURL\":null,\"DisableLearningFunctions\":false,\"Visibility\":0,\"ParentIds\":[8],\"ChildIds\":null,\"DeleteChangeId\":null,\"DeletedName\":null}',1,2,7,51,'2025-06-18 14:21:48'),(515,11,'{\"PageRelations\":null,\"ImageWasUpdated\":false,\"Name\":\"ContentCreator Subtopic 8-3\",\"Description\":null,\"PageMardkown\":null,\"Content\":null,\"CustomSegments\":null,\"WikipediaURL\":null,\"DisableLearningFunctions\":false,\"Visibility\":0,\"ParentIds\":[8],\"ChildIds\":null,\"DeleteChangeId\":null,\"DeletedName\":null}',1,2,7,51,'2025-06-18 14:21:48'),(516,12,'{\"PageRelations\":null,\"ImageWasUpdated\":false,\"Name\":\"ContentCreator Subtopic 4-3\",\"Description\":null,\"PageMardkown\":null,\"Content\":null,\"CustomSegments\":null,\"WikipediaURL\":null,\"DisableLearningFunctions\":false,\"Visibility\":0,\"ParentIds\":[4],\"ChildIds\":[13,14,15],\"DeleteChangeId\":null,\"DeletedName\":null}',1,2,7,51,'2025-06-18 14:21:48'),(517,13,'{\"PageRelations\":null,\"ImageWasUpdated\":false,\"Name\":\"ContentCreator Subtopic 12-1\",\"Description\":null,\"PageMardkown\":null,\"Content\":null,\"CustomSegments\":null,\"WikipediaURL\":null,\"DisableLearningFunctions\":false,\"Visibility\":0,\"ParentIds\":[12],\"ChildIds\":null,\"DeleteChangeId\":null,\"DeletedName\":null}',1,2,7,51,'2025-06-18 14:21:48'),(518,14,'{\"PageRelations\":null,\"ImageWasUpdated\":false,\"Name\":\"ContentCreator Subtopic 12-2\",\"Description\":null,\"PageMardkown\":null,\"Content\":null,\"CustomSegments\":null,\"WikipediaURL\":null,\"DisableLearningFunctions\":false,\"Visibility\":0,\"ParentIds\":[12],\"ChildIds\":null,\"DeleteChangeId\":null,\"DeletedName\":null}',1,2,7,51,'2025-06-18 14:21:48'),(519,15,'{\"PageRelations\":null,\"ImageWasUpdated\":false,\"Name\":\"ContentCreator Subtopic 12-3\",\"Description\":null,\"PageMardkown\":null,\"Content\":null,\"CustomSegments\":null,\"WikipediaURL\":null,\"DisableLearningFunctions\":false,\"Visibility\":0,\"ParentIds\":[12],\"ChildIds\":null,\"DeleteChangeId\":null,\"DeletedName\":null}',1,2,7,51,'2025-06-18 14:21:48'),(520,16,'{\"PageRelations\":null,\"ImageWasUpdated\":false,\"Name\":\"ContentCreator Topic 2\",\"Description\":null,\"PageMardkown\":null,\"Content\":null,\"CustomSegments\":null,\"WikipediaURL\":null,\"DisableLearningFunctions\":false,\"Visibility\":0,\"ParentIds\":null,\"ChildIds\":[17],\"DeleteChangeId\":null,\"DeletedName\":null}',1,2,7,51,'2025-06-18 14:21:48'),(521,17,'{\"PageRelations\":null,\"ImageWasUpdated\":false,\"Name\":\"ContentCreator Subtopic 16-1\",\"Description\":null,\"PageMardkown\":null,\"Content\":null,\"CustomSegments\":null,\"WikipediaURL\":null,\"DisableLearningFunctions\":false,\"Visibility\":0,\"ParentIds\":[16],\"ChildIds\":[18,19,20],\"DeleteChangeId\":null,\"DeletedName\":null}',1,2,7,51,'2025-06-18 14:21:48'),(522,18,'{\"PageRelations\":null,\"ImageWasUpdated\":false,\"Name\":\"ContentCreator Subtopic 17-1\",\"Description\":null,\"PageMardkown\":null,\"Content\":null,\"CustomSegments\":null,\"WikipediaURL\":null,\"DisableLearningFunctions\":false,\"Visibility\":0,\"ParentIds\":[17],\"ChildIds\":null,\"DeleteChangeId\":null,\"DeletedName\":null}',1,2,7,51,'2025-06-18 14:21:49'),(523,19,'{\"PageRelations\":null,\"ImageWasUpdated\":false,\"Name\":\"ContentCreator Subtopic 17-2\",\"Description\":null,\"PageMardkown\":null,\"Content\":null,\"CustomSegments\":null,\"WikipediaURL\":null,\"DisableLearningFunctions\":false,\"Visibility\":0,\"ParentIds\":[17],\"ChildIds\":null,\"DeleteChangeId\":null,\"DeletedName\":null}',1,2,7,51,'2025-06-18 14:21:49'),(524,20,'{\"PageRelations\":null,\"ImageWasUpdated\":false,\"Name\":\"ContentCreator Subtopic 17-3\",\"Description\":null,\"PageMardkown\":null,\"Content\":null,\"CustomSegments\":null,\"WikipediaURL\":null,\"DisableLearningFunctions\":false,\"Visibility\":0,\"ParentIds\":[17],\"ChildIds\":null,\"DeleteChangeId\":null,\"DeletedName\":null}',1,2,7,51,'2025-06-18 14:21:49'),(525,21,'{\"PageRelations\":null,\"ImageWasUpdated\":false,\"Name\":\"QuestionContributor Topic 1\",\"Description\":null,\"PageMardkown\":null,\"Content\":null,\"CustomSegments\":null,\"WikipediaURL\":null,\"DisableLearningFunctions\":false,\"Visibility\":0,\"ParentIds\":null,\"ChildIds\":[22],\"DeleteChangeId\":null,\"DeletedName\":null}',1,2,7,52,'2025-06-18 14:21:49'),(526,22,'{\"PageRelations\":null,\"ImageWasUpdated\":false,\"Name\":\"QuestionContributor Subtopic 21-1\",\"Description\":null,\"PageMardkown\":null,\"Content\":null,\"CustomSegments\":null,\"WikipediaURL\":null,\"DisableLearningFunctions\":false,\"Visibility\":0,\"ParentIds\":[21],\"ChildIds\":[23,24],\"DeleteChangeId\":null,\"DeletedName\":null}',1,2,7,52,'2025-06-18 14:21:49'),(527,23,'{\"PageRelations\":null,\"ImageWasUpdated\":false,\"Name\":\"QuestionContributor Subtopic 22-1\",\"Description\":null,\"PageMardkown\":null,\"Content\":null,\"CustomSegments\":null,\"WikipediaURL\":null,\"DisableLearningFunctions\":false,\"Visibility\":0,\"ParentIds\":[22],\"ChildIds\":null,\"DeleteChangeId\":null,\"DeletedName\":null}',1,2,7,52,'2025-06-18 14:21:49'),(528,24,'{\"PageRelations\":null,\"ImageWasUpdated\":false,\"Name\":\"QuestionContributor Subtopic 22-2\",\"Description\":null,\"PageMardkown\":null,\"Content\":null,\"CustomSegments\":null,\"WikipediaURL\":null,\"DisableLearningFunctions\":false,\"Visibility\":0,\"ParentIds\":[22],\"ChildIds\":null,\"DeleteChangeId\":null,\"DeletedName\":null}',1,2,7,52,'2025-06-18 14:21:49'),(529,25,'{\"PageRelations\":null,\"ImageWasUpdated\":false,\"Name\":\"QuestionContributor Topic 2\",\"Description\":null,\"PageMardkown\":null,\"Content\":null,\"CustomSegments\":null,\"WikipediaURL\":null,\"DisableLearningFunctions\":false,\"Visibility\":0,\"ParentIds\":null,\"ChildIds\":[26],\"DeleteChangeId\":null,\"DeletedName\":null}',1,2,7,52,'2025-06-18 14:21:49'),(530,26,'{\"PageRelations\":null,\"ImageWasUpdated\":false,\"Name\":\"QuestionContributor Subtopic 25-1\",\"Description\":null,\"PageMardkown\":null,\"Content\":null,\"CustomSegments\":null,\"WikipediaURL\":null,\"DisableLearningFunctions\":false,\"Visibility\":0,\"ParentIds\":[25],\"ChildIds\":[27,28],\"DeleteChangeId\":null,\"DeletedName\":null}',1,2,7,52,'2025-06-18 14:21:49'),(531,27,'{\"PageRelations\":null,\"ImageWasUpdated\":false,\"Name\":\"QuestionContributor Subtopic 26-1\",\"Description\":null,\"PageMardkown\":null,\"Content\":null,\"CustomSegments\":null,\"WikipediaURL\":null,\"DisableLearningFunctions\":false,\"Visibility\":0,\"ParentIds\":[26],\"ChildIds\":null,\"DeleteChangeId\":null,\"DeletedName\":null}',1,2,7,52,'2025-06-18 14:21:49'),(532,28,'{\"PageRelations\":null,\"ImageWasUpdated\":false,\"Name\":\"QuestionContributor Subtopic 26-2\",\"Description\":null,\"PageMardkown\":null,\"Content\":null,\"CustomSegments\":null,\"WikipediaURL\":null,\"DisableLearningFunctions\":false,\"Visibility\":0,\"ParentIds\":[26],\"ChildIds\":null,\"DeleteChangeId\":null,\"DeletedName\":null}',1,2,7,52,'2025-06-18 14:21:49'),(533,29,'{\"PageRelations\":null,\"ImageWasUpdated\":false,\"Name\":\"QuestionContributor Topic 3\",\"Description\":null,\"PageMardkown\":null,\"Content\":null,\"CustomSegments\":null,\"WikipediaURL\":null,\"DisableLearningFunctions\":false,\"Visibility\":0,\"ParentIds\":null,\"ChildIds\":null,\"DeleteChangeId\":null,\"DeletedName\":null}',1,2,7,52,'2025-06-18 14:21:49'),(534,30,'{\"PageRelations\":null,\"ImageWasUpdated\":false,\"Name\":\"QuestionContributor Subtopic 29-1\",\"Description\":null,\"PageMardkown\":null,\"Content\":null,\"CustomSegments\":null,\"WikipediaURL\":null,\"DisableLearningFunctions\":false,\"Visibility\":0,\"ParentIds\":null,\"ChildIds\":null,\"DeleteChangeId\":null,\"DeletedName\":null}',1,2,0,4,'2025-06-18 14:21:49'),(535,30,'{\"PageRelations\":null,\"ImageWasUpdated\":false,\"Name\":\"QuestionContributor Subtopic 29-1\",\"Description\":null,\"PageMardkown\":null,\"Content\":null,\"CustomSegments\":null,\"WikipediaURL\":null,\"DisableLearningFunctions\":false,\"Visibility\":0,\"ParentIds\":[29],\"ChildIds\":null,\"DeleteChangeId\":null,\"DeletedName\":null}',1,2,7,1,'2025-06-18 14:21:49'),(536,29,'{\"PageRelations\":null,\"ImageWasUpdated\":false,\"Name\":\"QuestionContributor Topic 3\",\"Description\":null,\"PageMardkown\":null,\"Content\":null,\"CustomSegments\":null,\"WikipediaURL\":null,\"DisableLearningFunctions\":false,\"Visibility\":0,\"ParentIds\":null,\"ChildIds\":[30],\"DeleteChangeId\":null,\"DeletedName\":null}',1,2,7,1,'2025-06-18 14:21:49'),(537,1,'{\"PageRelations\":null,\"ImageWasUpdated\":false,\"Name\":\"LearningUser Topic 1\",\"Description\":null,\"PageMardkown\":null,\"Content\":null,\"CustomSegments\":null,\"WikipediaURL\":null,\"DisableLearningFunctions\":false,\"Visibility\":0,\"ParentIds\":null,\"ChildIds\":[2],\"DeleteChangeId\":null,\"DeletedName\":null}',1,2,7,50,'2025-06-18 14:21:49'),(538,2,'{\"PageRelations\":null,\"ImageWasUpdated\":false,\"Name\":\"LearningUser Subtopic 1-1\",\"Description\":null,\"PageMardkown\":null,\"Content\":null,\"CustomSegments\":null,\"WikipediaURL\":null,\"DisableLearningFunctions\":false,\"Visibility\":0,\"ParentIds\":[1],\"ChildIds\":[3],\"DeleteChangeId\":null,\"DeletedName\":null}',1,2,7,50,'2025-06-18 14:21:49'),(539,3,'{\"PageRelations\":null,\"ImageWasUpdated\":false,\"Name\":\"LearningUser Subtopic 2-1\",\"Description\":null,\"PageMardkown\":null,\"Content\":null,\"CustomSegments\":null,\"WikipediaURL\":null,\"DisableLearningFunctions\":false,\"Visibility\":0,\"ParentIds\":[2],\"ChildIds\":null,\"DeleteChangeId\":null,\"DeletedName\":null}',1,2,7,50,'2025-06-18 14:21:49'),(540,4,'{\"PageRelations\":null,\"ImageWasUpdated\":false,\"Name\":\"ContentCreator Topic 1\",\"Description\":null,\"PageMardkown\":null,\"Content\":null,\"CustomSegments\":null,\"WikipediaURL\":null,\"DisableLearningFunctions\":false,\"Visibility\":0,\"ParentIds\":null,\"ChildIds\":[5,8,12],\"DeleteChangeId\":null,\"DeletedName\":null}',1,2,7,51,'2025-06-18 14:21:49'),(541,5,'{\"PageRelations\":null,\"ImageWasUpdated\":false,\"Name\":\"ContentCreator Subtopic 4-1\",\"Description\":null,\"PageMardkown\":null,\"Content\":null,\"CustomSegments\":null,\"WikipediaURL\":null,\"DisableLearningFunctions\":false,\"Visibility\":0,\"ParentIds\":[4],\"ChildIds\":[6,7],\"DeleteChangeId\":null,\"DeletedName\":null}',1,2,7,51,'2025-06-18 14:21:49'),(542,6,'{\"PageRelations\":null,\"ImageWasUpdated\":false,\"Name\":\"ContentCreator Subtopic 5-1\",\"Description\":null,\"PageMardkown\":null,\"Content\":null,\"CustomSegments\":null,\"WikipediaURL\":null,\"DisableLearningFunctions\":false,\"Visibility\":0,\"ParentIds\":[5],\"ChildIds\":null,\"DeleteChangeId\":null,\"DeletedName\":null}',1,2,7,51,'2025-06-18 14:21:49'),(543,7,'{\"PageRelations\":null,\"ImageWasUpdated\":false,\"Name\":\"ContentCreator Subtopic 5-2\",\"Description\":null,\"PageMardkown\":null,\"Content\":null,\"CustomSegments\":null,\"WikipediaURL\":null,\"DisableLearningFunctions\":false,\"Visibility\":0,\"ParentIds\":[5],\"ChildIds\":null,\"DeleteChangeId\":null,\"DeletedName\":null}',1,2,7,51,'2025-06-18 14:21:49'),(544,8,'{\"PageRelations\":null,\"ImageWasUpdated\":false,\"Name\":\"ContentCreator Subtopic 4-2\",\"Description\":null,\"PageMardkown\":null,\"Content\":null,\"CustomSegments\":null,\"WikipediaURL\":null,\"DisableLearningFunctions\":false,\"Visibility\":0,\"ParentIds\":[4],\"ChildIds\":[9,10,11],\"DeleteChangeId\":null,\"DeletedName\":null}',1,2,7,51,'2025-06-18 14:21:49'),(545,9,'{\"PageRelations\":null,\"ImageWasUpdated\":false,\"Name\":\"ContentCreator Subtopic 8-1\",\"Description\":null,\"PageMardkown\":null,\"Content\":null,\"CustomSegments\":null,\"WikipediaURL\":null,\"DisableLearningFunctions\":false,\"Visibility\":0,\"ParentIds\":[8],\"ChildIds\":null,\"DeleteChangeId\":null,\"DeletedName\":null}',1,2,7,51,'2025-06-18 14:21:49'),(546,10,'{\"PageRelations\":null,\"ImageWasUpdated\":false,\"Name\":\"ContentCreator Subtopic 8-2\",\"Description\":null,\"PageMardkown\":null,\"Content\":null,\"CustomSegments\":null,\"WikipediaURL\":null,\"DisableLearningFunctions\":false,\"Visibility\":0,\"ParentIds\":[8],\"ChildIds\":null,\"DeleteChangeId\":null,\"DeletedName\":null}',1,2,7,51,'2025-06-18 14:21:49'),(547,11,'{\"PageRelations\":null,\"ImageWasUpdated\":false,\"Name\":\"ContentCreator Subtopic 8-3\",\"Description\":null,\"PageMardkown\":null,\"Content\":null,\"CustomSegments\":null,\"WikipediaURL\":null,\"DisableLearningFunctions\":false,\"Visibility\":0,\"ParentIds\":[8],\"ChildIds\":null,\"DeleteChangeId\":null,\"DeletedName\":null}',1,2,7,51,'2025-06-18 14:21:49'),(548,12,'{\"PageRelations\":null,\"ImageWasUpdated\":false,\"Name\":\"ContentCreator Subtopic 4-3\",\"Description\":null,\"PageMardkown\":null,\"Content\":null,\"CustomSegments\":null,\"WikipediaURL\":null,\"DisableLearningFunctions\":false,\"Visibility\":0,\"ParentIds\":[4],\"ChildIds\":[13,14,15],\"DeleteChangeId\":null,\"DeletedName\":null}',1,2,7,51,'2025-06-18 14:21:49'),(549,13,'{\"PageRelations\":null,\"ImageWasUpdated\":false,\"Name\":\"ContentCreator Subtopic 12-1\",\"Description\":null,\"PageMardkown\":null,\"Content\":null,\"CustomSegments\":null,\"WikipediaURL\":null,\"DisableLearningFunctions\":false,\"Visibility\":0,\"ParentIds\":[12],\"ChildIds\":null,\"DeleteChangeId\":null,\"DeletedName\":null}',1,2,7,51,'2025-06-18 14:21:49'),(550,14,'{\"PageRelations\":null,\"ImageWasUpdated\":false,\"Name\":\"ContentCreator Subtopic 12-2\",\"Description\":null,\"PageMardkown\":null,\"Content\":null,\"CustomSegments\":null,\"WikipediaURL\":null,\"DisableLearningFunctions\":false,\"Visibility\":0,\"ParentIds\":[12],\"ChildIds\":null,\"DeleteChangeId\":null,\"DeletedName\":null}',1,2,7,51,'2025-06-18 14:21:49'),(551,15,'{\"PageRelations\":null,\"ImageWasUpdated\":false,\"Name\":\"ContentCreator Subtopic 12-3\",\"Description\":null,\"PageMardkown\":null,\"Content\":null,\"CustomSegments\":null,\"WikipediaURL\":null,\"DisableLearningFunctions\":false,\"Visibility\":0,\"ParentIds\":[12],\"ChildIds\":null,\"DeleteChangeId\":null,\"DeletedName\":null}',1,2,7,51,'2025-06-18 14:21:49'),(552,16,'{\"PageRelations\":null,\"ImageWasUpdated\":false,\"Name\":\"ContentCreator Topic 2\",\"Description\":null,\"PageMardkown\":null,\"Content\":null,\"CustomSegments\":null,\"WikipediaURL\":null,\"DisableLearningFunctions\":false,\"Visibility\":0,\"ParentIds\":null,\"ChildIds\":[17],\"DeleteChangeId\":null,\"DeletedName\":null}',1,2,7,51,'2025-06-18 14:21:49'),(553,17,'{\"PageRelations\":null,\"ImageWasUpdated\":false,\"Name\":\"ContentCreator Subtopic 16-1\",\"Description\":null,\"PageMardkown\":null,\"Content\":null,\"CustomSegments\":null,\"WikipediaURL\":null,\"DisableLearningFunctions\":false,\"Visibility\":0,\"ParentIds\":[16],\"ChildIds\":[18,19,20],\"DeleteChangeId\":null,\"DeletedName\":null}',1,2,7,51,'2025-06-18 14:21:49'),(554,18,'{\"PageRelations\":null,\"ImageWasUpdated\":false,\"Name\":\"ContentCreator Subtopic 17-1\",\"Description\":null,\"PageMardkown\":null,\"Content\":null,\"CustomSegments\":null,\"WikipediaURL\":null,\"DisableLearningFunctions\":false,\"Visibility\":0,\"ParentIds\":[17],\"ChildIds\":null,\"DeleteChangeId\":null,\"DeletedName\":null}',1,2,7,51,'2025-06-18 14:21:49'),(555,19,'{\"PageRelations\":null,\"ImageWasUpdated\":false,\"Name\":\"ContentCreator Subtopic 17-2\",\"Description\":null,\"PageMardkown\":null,\"Content\":null,\"CustomSegments\":null,\"WikipediaURL\":null,\"DisableLearningFunctions\":false,\"Visibility\":0,\"ParentIds\":[17],\"ChildIds\":null,\"DeleteChangeId\":null,\"DeletedName\":null}',1,2,7,51,'2025-06-18 14:21:49'),(556,20,'{\"PageRelations\":null,\"ImageWasUpdated\":false,\"Name\":\"ContentCreator Subtopic 17-3\",\"Description\":null,\"PageMardkown\":null,\"Content\":null,\"CustomSegments\":null,\"WikipediaURL\":null,\"DisableLearningFunctions\":false,\"Visibility\":0,\"ParentIds\":[17],\"ChildIds\":null,\"DeleteChangeId\":null,\"DeletedName\":null}',1,2,7,51,'2025-06-18 14:21:49'),(557,21,'{\"PageRelations\":null,\"ImageWasUpdated\":false,\"Name\":\"QuestionContributor Topic 1\",\"Description\":null,\"PageMardkown\":null,\"Content\":null,\"CustomSegments\":null,\"WikipediaURL\":null,\"DisableLearningFunctions\":false,\"Visibility\":0,\"ParentIds\":null,\"ChildIds\":[22],\"DeleteChangeId\":null,\"DeletedName\":null}',1,2,7,52,'2025-06-18 14:21:49'),(558,22,'{\"PageRelations\":null,\"ImageWasUpdated\":false,\"Name\":\"QuestionContributor Subtopic 21-1\",\"Description\":null,\"PageMardkown\":null,\"Content\":null,\"CustomSegments\":null,\"WikipediaURL\":null,\"DisableLearningFunctions\":false,\"Visibility\":0,\"ParentIds\":[21],\"ChildIds\":[23,24],\"DeleteChangeId\":null,\"DeletedName\":null}',1,2,7,52,'2025-06-18 14:21:49'),(559,23,'{\"PageRelations\":null,\"ImageWasUpdated\":false,\"Name\":\"QuestionContributor Subtopic 22-1\",\"Description\":null,\"PageMardkown\":null,\"Content\":null,\"CustomSegments\":null,\"WikipediaURL\":null,\"DisableLearningFunctions\":false,\"Visibility\":0,\"ParentIds\":[22],\"ChildIds\":null,\"DeleteChangeId\":null,\"DeletedName\":null}',1,2,7,52,'2025-06-18 14:21:49'),(560,24,'{\"PageRelations\":null,\"ImageWasUpdated\":false,\"Name\":\"QuestionContributor Subtopic 22-2\",\"Description\":null,\"PageMardkown\":null,\"Content\":null,\"CustomSegments\":null,\"WikipediaURL\":null,\"DisableLearningFunctions\":false,\"Visibility\":0,\"ParentIds\":[22],\"ChildIds\":null,\"DeleteChangeId\":null,\"DeletedName\":null}',1,2,7,52,'2025-06-18 14:21:49'),(561,25,'{\"PageRelations\":null,\"ImageWasUpdated\":false,\"Name\":\"QuestionContributor Topic 2\",\"Description\":null,\"PageMardkown\":null,\"Content\":null,\"CustomSegments\":null,\"WikipediaURL\":null,\"DisableLearningFunctions\":false,\"Visibility\":0,\"ParentIds\":null,\"ChildIds\":[26],\"DeleteChangeId\":null,\"DeletedName\":null}',1,2,7,52,'2025-06-18 14:21:49'),(562,26,'{\"PageRelations\":null,\"ImageWasUpdated\":false,\"Name\":\"QuestionContributor Subtopic 25-1\",\"Description\":null,\"PageMardkown\":null,\"Content\":null,\"CustomSegments\":null,\"WikipediaURL\":null,\"DisableLearningFunctions\":false,\"Visibility\":0,\"ParentIds\":[25],\"ChildIds\":[27,28],\"DeleteChangeId\":null,\"DeletedName\":null}',1,2,7,52,'2025-06-18 14:21:49'),(563,27,'{\"PageRelations\":null,\"ImageWasUpdated\":false,\"Name\":\"QuestionContributor Subtopic 26-1\",\"Description\":null,\"PageMardkown\":null,\"Content\":null,\"CustomSegments\":null,\"WikipediaURL\":null,\"DisableLearningFunctions\":false,\"Visibility\":0,\"ParentIds\":[26],\"ChildIds\":null,\"DeleteChangeId\":null,\"DeletedName\":null}',1,2,7,52,'2025-06-18 14:21:49'),(564,28,'{\"PageRelations\":null,\"ImageWasUpdated\":false,\"Name\":\"QuestionContributor Subtopic 26-2\",\"Description\":null,\"PageMardkown\":null,\"Content\":null,\"CustomSegments\":null,\"WikipediaURL\":null,\"DisableLearningFunctions\":false,\"Visibility\":0,\"ParentIds\":[26],\"ChildIds\":null,\"DeleteChangeId\":null,\"DeletedName\":null}',1,2,7,52,'2025-06-18 14:21:49'),(565,29,'{\"PageRelations\":null,\"ImageWasUpdated\":false,\"Name\":\"QuestionContributor Topic 3\",\"Description\":null,\"PageMardkown\":null,\"Content\":null,\"CustomSegments\":null,\"WikipediaURL\":null,\"DisableLearningFunctions\":false,\"Visibility\":0,\"ParentIds\":null,\"ChildIds\":[30],\"DeleteChangeId\":null,\"DeletedName\":null}',1,2,7,52,'2025-06-18 14:21:50'),(566,30,'{\"PageRelations\":null,\"ImageWasUpdated\":false,\"Name\":\"QuestionContributor Subtopic 29-1\",\"Description\":null,\"PageMardkown\":null,\"Content\":null,\"CustomSegments\":null,\"WikipediaURL\":null,\"DisableLearningFunctions\":false,\"Visibility\":0,\"ParentIds\":[29],\"ChildIds\":null,\"DeleteChangeId\":null,\"DeletedName\":null}',1,2,7,52,'2025-06-18 14:21:50'),(567,31,'{\"PageRelations\":null,\"ImageWasUpdated\":false,\"Name\":\"QuestionContributor Subtopic 30-1\",\"Description\":null,\"PageMardkown\":null,\"Content\":null,\"CustomSegments\":null,\"WikipediaURL\":null,\"DisableLearningFunctions\":false,\"Visibility\":0,\"ParentIds\":null,\"ChildIds\":null,\"DeleteChangeId\":null,\"DeletedName\":null}',1,2,0,4,'2025-06-18 14:21:50'),(568,31,'{\"PageRelations\":null,\"ImageWasUpdated\":false,\"Name\":\"QuestionContributor Subtopic 30-1\",\"Description\":null,\"PageMardkown\":null,\"Content\":null,\"CustomSegments\":null,\"WikipediaURL\":null,\"DisableLearningFunctions\":false,\"Visibility\":0,\"ParentIds\":[30],\"ChildIds\":null,\"DeleteChangeId\":null,\"DeletedName\":null}',1,2,7,1,'2025-06-18 14:21:50'),(569,30,'{\"PageRelations\":null,\"ImageWasUpdated\":false,\"Name\":\"QuestionContributor Subtopic 29-1\",\"Description\":null,\"PageMardkown\":null,\"Content\":null,\"CustomSegments\":null,\"WikipediaURL\":null,\"DisableLearningFunctions\":false,\"Visibility\":0,\"ParentIds\":[29],\"ChildIds\":[31],\"DeleteChangeId\":null,\"DeletedName\":null}',1,2,7,1,'2025-06-18 14:21:50'),(570,1,'{\"PageRelations\":null,\"ImageWasUpdated\":false,\"Name\":\"LearningUser Topic 1\",\"Description\":null,\"PageMardkown\":null,\"Content\":null,\"CustomSegments\":null,\"WikipediaURL\":null,\"DisableLearningFunctions\":false,\"Visibility\":0,\"ParentIds\":null,\"ChildIds\":[2],\"DeleteChangeId\":null,\"DeletedName\":null}',1,2,7,50,'2025-06-18 14:21:50'),(571,2,'{\"PageRelations\":null,\"ImageWasUpdated\":false,\"Name\":\"LearningUser Subtopic 1-1\",\"Description\":null,\"PageMardkown\":null,\"Content\":null,\"CustomSegments\":null,\"WikipediaURL\":null,\"DisableLearningFunctions\":false,\"Visibility\":0,\"ParentIds\":[1],\"ChildIds\":[3],\"DeleteChangeId\":null,\"DeletedName\":null}',1,2,7,50,'2025-06-18 14:21:50'),(572,3,'{\"PageRelations\":null,\"ImageWasUpdated\":false,\"Name\":\"LearningUser Subtopic 2-1\",\"Description\":null,\"PageMardkown\":null,\"Content\":null,\"CustomSegments\":null,\"WikipediaURL\":null,\"DisableLearningFunctions\":false,\"Visibility\":0,\"ParentIds\":[2],\"ChildIds\":null,\"DeleteChangeId\":null,\"DeletedName\":null}',1,2,7,50,'2025-06-18 14:21:50'),(573,4,'{\"PageRelations\":null,\"ImageWasUpdated\":false,\"Name\":\"ContentCreator Topic 1\",\"Description\":null,\"PageMardkown\":null,\"Content\":null,\"CustomSegments\":null,\"WikipediaURL\":null,\"DisableLearningFunctions\":false,\"Visibility\":0,\"ParentIds\":null,\"ChildIds\":[5,8,12],\"DeleteChangeId\":null,\"DeletedName\":null}',1,2,7,51,'2025-06-18 14:21:50'),(574,5,'{\"PageRelations\":null,\"ImageWasUpdated\":false,\"Name\":\"ContentCreator Subtopic 4-1\",\"Description\":null,\"PageMardkown\":null,\"Content\":null,\"CustomSegments\":null,\"WikipediaURL\":null,\"DisableLearningFunctions\":false,\"Visibility\":0,\"ParentIds\":[4],\"ChildIds\":[6,7],\"DeleteChangeId\":null,\"DeletedName\":null}',1,2,7,51,'2025-06-18 14:21:50'),(575,6,'{\"PageRelations\":null,\"ImageWasUpdated\":false,\"Name\":\"ContentCreator Subtopic 5-1\",\"Description\":null,\"PageMardkown\":null,\"Content\":null,\"CustomSegments\":null,\"WikipediaURL\":null,\"DisableLearningFunctions\":false,\"Visibility\":0,\"ParentIds\":[5],\"ChildIds\":null,\"DeleteChangeId\":null,\"DeletedName\":null}',1,2,7,51,'2025-06-18 14:21:50'),(576,7,'{\"PageRelations\":null,\"ImageWasUpdated\":false,\"Name\":\"ContentCreator Subtopic 5-2\",\"Description\":null,\"PageMardkown\":null,\"Content\":null,\"CustomSegments\":null,\"WikipediaURL\":null,\"DisableLearningFunctions\":false,\"Visibility\":0,\"ParentIds\":[5],\"ChildIds\":null,\"DeleteChangeId\":null,\"DeletedName\":null}',1,2,7,51,'2025-06-18 14:21:50'),(577,8,'{\"PageRelations\":null,\"ImageWasUpdated\":false,\"Name\":\"ContentCreator Subtopic 4-2\",\"Description\":null,\"PageMardkown\":null,\"Content\":null,\"CustomSegments\":null,\"WikipediaURL\":null,\"DisableLearningFunctions\":false,\"Visibility\":0,\"ParentIds\":[4],\"ChildIds\":[9,10,11],\"DeleteChangeId\":null,\"DeletedName\":null}',1,2,7,51,'2025-06-18 14:21:50'),(578,9,'{\"PageRelations\":null,\"ImageWasUpdated\":false,\"Name\":\"ContentCreator Subtopic 8-1\",\"Description\":null,\"PageMardkown\":null,\"Content\":null,\"CustomSegments\":null,\"WikipediaURL\":null,\"DisableLearningFunctions\":false,\"Visibility\":0,\"ParentIds\":[8],\"ChildIds\":null,\"DeleteChangeId\":null,\"DeletedName\":null}',1,2,7,51,'2025-06-18 14:21:50'),(579,10,'{\"PageRelations\":null,\"ImageWasUpdated\":false,\"Name\":\"ContentCreator Subtopic 8-2\",\"Description\":null,\"PageMardkown\":null,\"Content\":null,\"CustomSegments\":null,\"WikipediaURL\":null,\"DisableLearningFunctions\":false,\"Visibility\":0,\"ParentIds\":[8],\"ChildIds\":null,\"DeleteChangeId\":null,\"DeletedName\":null}',1,2,7,51,'2025-06-18 14:21:50'),(580,11,'{\"PageRelations\":null,\"ImageWasUpdated\":false,\"Name\":\"ContentCreator Subtopic 8-3\",\"Description\":null,\"PageMardkown\":null,\"Content\":null,\"CustomSegments\":null,\"WikipediaURL\":null,\"DisableLearningFunctions\":false,\"Visibility\":0,\"ParentIds\":[8],\"ChildIds\":null,\"DeleteChangeId\":null,\"DeletedName\":null}',1,2,7,51,'2025-06-18 14:21:50'),(581,12,'{\"PageRelations\":null,\"ImageWasUpdated\":false,\"Name\":\"ContentCreator Subtopic 4-3\",\"Description\":null,\"PageMardkown\":null,\"Content\":null,\"CustomSegments\":null,\"WikipediaURL\":null,\"DisableLearningFunctions\":false,\"Visibility\":0,\"ParentIds\":[4],\"ChildIds\":[13,14,15],\"DeleteChangeId\":null,\"DeletedName\":null}',1,2,7,51,'2025-06-18 14:21:50'),(582,13,'{\"PageRelations\":null,\"ImageWasUpdated\":false,\"Name\":\"ContentCreator Subtopic 12-1\",\"Description\":null,\"PageMardkown\":null,\"Content\":null,\"CustomSegments\":null,\"WikipediaURL\":null,\"DisableLearningFunctions\":false,\"Visibility\":0,\"ParentIds\":[12],\"ChildIds\":null,\"DeleteChangeId\":null,\"DeletedName\":null}',1,2,7,51,'2025-06-18 14:21:50'),(583,14,'{\"PageRelations\":null,\"ImageWasUpdated\":false,\"Name\":\"ContentCreator Subtopic 12-2\",\"Description\":null,\"PageMardkown\":null,\"Content\":null,\"CustomSegments\":null,\"WikipediaURL\":null,\"DisableLearningFunctions\":false,\"Visibility\":0,\"ParentIds\":[12],\"ChildIds\":null,\"DeleteChangeId\":null,\"DeletedName\":null}',1,2,7,51,'2025-06-18 14:21:50'),(584,15,'{\"PageRelations\":null,\"ImageWasUpdated\":false,\"Name\":\"ContentCreator Subtopic 12-3\",\"Description\":null,\"PageMardkown\":null,\"Content\":null,\"CustomSegments\":null,\"WikipediaURL\":null,\"DisableLearningFunctions\":false,\"Visibility\":0,\"ParentIds\":[12],\"ChildIds\":null,\"DeleteChangeId\":null,\"DeletedName\":null}',1,2,7,51,'2025-06-18 14:21:50'),(585,16,'{\"PageRelations\":null,\"ImageWasUpdated\":false,\"Name\":\"ContentCreator Topic 2\",\"Description\":null,\"PageMardkown\":null,\"Content\":null,\"CustomSegments\":null,\"WikipediaURL\":null,\"DisableLearningFunctions\":false,\"Visibility\":0,\"ParentIds\":null,\"ChildIds\":[17],\"DeleteChangeId\":null,\"DeletedName\":null}',1,2,7,51,'2025-06-18 14:21:50'),(586,17,'{\"PageRelations\":null,\"ImageWasUpdated\":false,\"Name\":\"ContentCreator Subtopic 16-1\",\"Description\":null,\"PageMardkown\":null,\"Content\":null,\"CustomSegments\":null,\"WikipediaURL\":null,\"DisableLearningFunctions\":false,\"Visibility\":0,\"ParentIds\":[16],\"ChildIds\":[18,19,20],\"DeleteChangeId\":null,\"DeletedName\":null}',1,2,7,51,'2025-06-18 14:21:50'),(587,18,'{\"PageRelations\":null,\"ImageWasUpdated\":false,\"Name\":\"ContentCreator Subtopic 17-1\",\"Description\":null,\"PageMardkown\":null,\"Content\":null,\"CustomSegments\":null,\"WikipediaURL\":null,\"DisableLearningFunctions\":false,\"Visibility\":0,\"ParentIds\":[17],\"ChildIds\":null,\"DeleteChangeId\":null,\"DeletedName\":null}',1,2,7,51,'2025-06-18 14:21:50'),(588,19,'{\"PageRelations\":null,\"ImageWasUpdated\":false,\"Name\":\"ContentCreator Subtopic 17-2\",\"Description\":null,\"PageMardkown\":null,\"Content\":null,\"CustomSegments\":null,\"WikipediaURL\":null,\"DisableLearningFunctions\":false,\"Visibility\":0,\"ParentIds\":[17],\"ChildIds\":null,\"DeleteChangeId\":null,\"DeletedName\":null}',1,2,7,51,'2025-06-18 14:21:50'),(589,20,'{\"PageRelations\":null,\"ImageWasUpdated\":false,\"Name\":\"ContentCreator Subtopic 17-3\",\"Description\":null,\"PageMardkown\":null,\"Content\":null,\"CustomSegments\":null,\"WikipediaURL\":null,\"DisableLearningFunctions\":false,\"Visibility\":0,\"ParentIds\":[17],\"ChildIds\":null,\"DeleteChangeId\":null,\"DeletedName\":null}',1,2,7,51,'2025-06-18 14:21:50'),(590,21,'{\"PageRelations\":null,\"ImageWasUpdated\":false,\"Name\":\"QuestionContributor Topic 1\",\"Description\":null,\"PageMardkown\":null,\"Content\":null,\"CustomSegments\":null,\"WikipediaURL\":null,\"DisableLearningFunctions\":false,\"Visibility\":0,\"ParentIds\":null,\"ChildIds\":[22],\"DeleteChangeId\":null,\"DeletedName\":null}',1,2,7,52,'2025-06-18 14:21:50'),(591,22,'{\"PageRelations\":null,\"ImageWasUpdated\":false,\"Name\":\"QuestionContributor Subtopic 21-1\",\"Description\":null,\"PageMardkown\":null,\"Content\":null,\"CustomSegments\":null,\"WikipediaURL\":null,\"DisableLearningFunctions\":false,\"Visibility\":0,\"ParentIds\":[21],\"ChildIds\":[23,24],\"DeleteChangeId\":null,\"DeletedName\":null}',1,2,7,52,'2025-06-18 14:21:50'),(592,23,'{\"PageRelations\":null,\"ImageWasUpdated\":false,\"Name\":\"QuestionContributor Subtopic 22-1\",\"Description\":null,\"PageMardkown\":null,\"Content\":null,\"CustomSegments\":null,\"WikipediaURL\":null,\"DisableLearningFunctions\":false,\"Visibility\":0,\"ParentIds\":[22],\"ChildIds\":null,\"DeleteChangeId\":null,\"DeletedName\":null}',1,2,7,52,'2025-06-18 14:21:50'),(593,24,'{\"PageRelations\":null,\"ImageWasUpdated\":false,\"Name\":\"QuestionContributor Subtopic 22-2\",\"Description\":null,\"PageMardkown\":null,\"Content\":null,\"CustomSegments\":null,\"WikipediaURL\":null,\"DisableLearningFunctions\":false,\"Visibility\":0,\"ParentIds\":[22],\"ChildIds\":null,\"DeleteChangeId\":null,\"DeletedName\":null}',1,2,7,52,'2025-06-18 14:21:50'),(594,25,'{\"PageRelations\":null,\"ImageWasUpdated\":false,\"Name\":\"QuestionContributor Topic 2\",\"Description\":null,\"PageMardkown\":null,\"Content\":null,\"CustomSegments\":null,\"WikipediaURL\":null,\"DisableLearningFunctions\":false,\"Visibility\":0,\"ParentIds\":null,\"ChildIds\":[26],\"DeleteChangeId\":null,\"DeletedName\":null}',1,2,7,52,'2025-06-18 14:21:50'),(595,26,'{\"PageRelations\":null,\"ImageWasUpdated\":false,\"Name\":\"QuestionContributor Subtopic 25-1\",\"Description\":null,\"PageMardkown\":null,\"Content\":null,\"CustomSegments\":null,\"WikipediaURL\":null,\"DisableLearningFunctions\":false,\"Visibility\":0,\"ParentIds\":[25],\"ChildIds\":[27,28],\"DeleteChangeId\":null,\"DeletedName\":null}',1,2,7,52,'2025-06-18 14:21:50'),(596,27,'{\"PageRelations\":null,\"ImageWasUpdated\":false,\"Name\":\"QuestionContributor Subtopic 26-1\",\"Description\":null,\"PageMardkown\":null,\"Content\":null,\"CustomSegments\":null,\"WikipediaURL\":null,\"DisableLearningFunctions\":false,\"Visibility\":0,\"ParentIds\":[26],\"ChildIds\":null,\"DeleteChangeId\":null,\"DeletedName\":null}',1,2,7,52,'2025-06-18 14:21:50'),(597,28,'{\"PageRelations\":null,\"ImageWasUpdated\":false,\"Name\":\"QuestionContributor Subtopic 26-2\",\"Description\":null,\"PageMardkown\":null,\"Content\":null,\"CustomSegments\":null,\"WikipediaURL\":null,\"DisableLearningFunctions\":false,\"Visibility\":0,\"ParentIds\":[26],\"ChildIds\":null,\"DeleteChangeId\":null,\"DeletedName\":null}',1,2,7,52,'2025-06-18 14:21:50'),(598,29,'{\"PageRelations\":null,\"ImageWasUpdated\":false,\"Name\":\"QuestionContributor Topic 3\",\"Description\":null,\"PageMardkown\":null,\"Content\":null,\"CustomSegments\":null,\"WikipediaURL\":null,\"DisableLearningFunctions\":false,\"Visibility\":0,\"ParentIds\":null,\"ChildIds\":[30],\"DeleteChangeId\":null,\"DeletedName\":null}',1,2,7,52,'2025-06-18 14:21:50'),(599,30,'{\"PageRelations\":null,\"ImageWasUpdated\":false,\"Name\":\"QuestionContributor Subtopic 29-1\",\"Description\":null,\"PageMardkown\":null,\"Content\":null,\"CustomSegments\":null,\"WikipediaURL\":null,\"DisableLearningFunctions\":false,\"Visibility\":0,\"ParentIds\":[29],\"ChildIds\":[31],\"DeleteChangeId\":null,\"DeletedName\":null}',1,2,7,52,'2025-06-18 14:21:50'),(600,31,'{\"PageRelations\":null,\"ImageWasUpdated\":false,\"Name\":\"QuestionContributor Subtopic 30-1\",\"Description\":null,\"PageMardkown\":null,\"Content\":null,\"CustomSegments\":null,\"WikipediaURL\":null,\"DisableLearningFunctions\":false,\"Visibility\":0,\"ParentIds\":[30],\"ChildIds\":null,\"DeleteChangeId\":null,\"DeletedName\":null}',1,2,7,52,'2025-06-18 14:21:50');
/*!40000 ALTER TABLE `pagechange` ENABLE KEYS */;
UNLOCK TABLES;

--
-- Table structure for table `pagerelation`
--

DROP TABLE IF EXISTS `pagerelation`;
/*!40101 SET @saved_cs_client     = @@character_set_client */;
/*!50503 SET character_set_client = utf8mb4 */;
CREATE TABLE `pagerelation` (
  `Id` int NOT NULL AUTO_INCREMENT,
  `Page_id` int DEFAULT NULL,
  `Related_id` int DEFAULT NULL,
  `Previous_id` int DEFAULT NULL,
  `Next_id` int DEFAULT NULL,
  PRIMARY KEY (`Id`),
  KEY `Page_id` (`Page_id`),
  KEY `Related_id` (`Related_id`),
  CONSTRAINT `FK_2EA216B` FOREIGN KEY (`Related_id`) REFERENCES `page` (`Id`),
  CONSTRAINT `FK_5E3C647C` FOREIGN KEY (`Page_id`) REFERENCES `page` (`Id`)
) ENGINE=InnoDB AUTO_INCREMENT=26 DEFAULT CHARSET=utf8mb4 COLLATE=utf8mb4_0900_ai_ci;
/*!40101 SET character_set_client = @saved_cs_client */;

--
-- Dumping data for table `pagerelation`
--

LOCK TABLES `pagerelation` WRITE;
/*!40000 ALTER TABLE `pagerelation` DISABLE KEYS */;
INSERT INTO `pagerelation` VALUES (1,2,1,NULL,NULL),(2,3,2,NULL,NULL),(3,5,4,NULL,8),(4,6,5,NULL,7),(5,7,5,6,NULL),(6,8,4,5,12),(7,9,8,NULL,10),(8,10,8,9,11),(9,11,8,10,NULL),(10,12,4,8,NULL),(11,13,12,NULL,14),(12,14,12,13,15),(13,15,12,14,NULL),(14,17,16,NULL,NULL),(15,18,17,NULL,19),(16,19,17,18,20),(17,20,17,19,NULL),(18,22,21,NULL,NULL),(19,23,22,NULL,24),(20,24,22,23,NULL),(21,26,25,NULL,NULL),(22,27,26,NULL,28),(23,28,26,27,NULL),(24,30,29,NULL,NULL),(25,31,30,NULL,NULL);
/*!40000 ALTER TABLE `pagerelation` ENABLE KEYS */;
UNLOCK TABLES;

--
-- Table structure for table `pages_to_questions`
--

DROP TABLE IF EXISTS `pages_to_questions`;
/*!40101 SET @saved_cs_client     = @@character_set_client */;
/*!50503 SET character_set_client = utf8mb4 */;
CREATE TABLE `pages_to_questions` (
  `Question_id` int NOT NULL,
  `Page_id` int NOT NULL,
  KEY `Page_id` (`Page_id`),
  KEY `Question_id` (`Question_id`),
  CONSTRAINT `FK_3DD43A7C` FOREIGN KEY (`Page_id`) REFERENCES `page` (`Id`),
  CONSTRAINT `FK_B7E93C59` FOREIGN KEY (`Question_id`) REFERENCES `question` (`Id`)
) ENGINE=InnoDB DEFAULT CHARSET=utf8mb4 COLLATE=utf8mb4_0900_ai_ci;
/*!40101 SET character_set_client = @saved_cs_client */;

--
-- Dumping data for table `pages_to_questions`
--

LOCK TABLES `pages_to_questions` WRITE;
/*!40000 ALTER TABLE `pages_to_questions` DISABLE KEYS */;
INSERT INTO `pages_to_questions` VALUES (1,1),(2,1),(3,2),(4,2),(5,3),(6,3),(7,4),(8,4),(9,5),(10,5),(11,6),(12,6),(13,7),(14,7),(15,8),(16,8),(17,9),(18,9),(19,10),(20,10),(21,11),(22,11),(23,12),(24,12),(25,13),(26,13),(27,14),(28,14),(29,15),(30,15),(31,16),(32,16),(33,17),(34,17),(35,18),(36,18),(37,19),(38,19),(39,20),(40,20),(41,21),(42,21),(43,22),(44,22),(45,23),(46,23),(47,24),(48,24),(49,25),(50,25),(51,26),(52,26),(53,27),(54,27),(55,28),(56,28),(57,29),(58,29),(59,30),(60,30),(61,31),(62,31);
/*!40000 ALTER TABLE `pages_to_questions` ENABLE KEYS */;
UNLOCK TABLES;

--
-- Table structure for table `pagevaluation`
--

DROP TABLE IF EXISTS `pagevaluation`;
/*!40101 SET @saved_cs_client     = @@character_set_client */;
/*!50503 SET character_set_client = utf8mb4 */;
CREATE TABLE `pagevaluation` (
  `Id` int NOT NULL AUTO_INCREMENT,
  `UserId` int DEFAULT NULL,
  `PageId` int DEFAULT NULL,
  `RelevancePersonal` int DEFAULT NULL,
  `CountNotLearned` int DEFAULT NULL,
  `CountNeedsLearning` int DEFAULT NULL,
  `CountNeedsConsolidation` int DEFAULT NULL,
  `CountSolid` int DEFAULT NULL,
  `DateCreated` datetime DEFAULT NULL,
  `DateModified` datetime DEFAULT NULL,
  PRIMARY KEY (`Id`)
) ENGINE=InnoDB DEFAULT CHARSET=utf8mb4 COLLATE=utf8mb4_0900_ai_ci;
/*!40101 SET character_set_client = @saved_cs_client */;

--
-- Dumping data for table `pagevaluation`
--

LOCK TABLES `pagevaluation` WRITE;
/*!40000 ALTER TABLE `pagevaluation` DISABLE KEYS */;
/*!40000 ALTER TABLE `pagevaluation` ENABLE KEYS */;
UNLOCK TABLES;

--
-- Table structure for table `pageview`
--

DROP TABLE IF EXISTS `pageview`;
/*!40101 SET @saved_cs_client     = @@character_set_client */;
/*!50503 SET character_set_client = utf8mb4 */;
CREATE TABLE `pageview` (
  `Id` int NOT NULL AUTO_INCREMENT,
  `Page_id` int DEFAULT NULL,
  `User_id` int DEFAULT NULL,
  `UserAgent` varchar(255) DEFAULT NULL,
  `DateCreated` datetime DEFAULT NULL,
  `DateOnly` datetime DEFAULT NULL,
  PRIMARY KEY (`Id`),
  KEY `Page_id` (`Page_id`),
  KEY `User_id` (`User_id`),
  CONSTRAINT `FK_1ABE64FC` FOREIGN KEY (`Page_id`) REFERENCES `page` (`Id`),
  CONSTRAINT `FK_F7F3F28F` FOREIGN KEY (`User_id`) REFERENCES `user` (`Id`)
) ENGINE=InnoDB DEFAULT CHARSET=utf8mb4 COLLATE=utf8mb4_0900_ai_ci;
/*!40101 SET character_set_client = @saved_cs_client */;

--
-- Dumping data for table `pageview`
--

LOCK TABLES `pageview` WRITE;
/*!40000 ALTER TABLE `pageview` DISABLE KEYS */;
/*!40000 ALTER TABLE `pageview` ENABLE KEYS */;
UNLOCK TABLES;

--
-- Table structure for table `passwordrecoverytoken`
--

DROP TABLE IF EXISTS `passwordrecoverytoken`;
/*!40101 SET @saved_cs_client     = @@character_set_client */;
/*!50503 SET character_set_client = utf8mb4 */;
CREATE TABLE `passwordrecoverytoken` (
  `Id` int NOT NULL AUTO_INCREMENT,
  `Token` varchar(255) DEFAULT NULL,
  `Email` varchar(255) DEFAULT NULL,
  `DateModified` datetime DEFAULT NULL,
  `DateCreated` datetime DEFAULT NULL,
  PRIMARY KEY (`Id`)
) ENGINE=InnoDB DEFAULT CHARSET=utf8mb4 COLLATE=utf8mb4_0900_ai_ci;
/*!40101 SET character_set_client = @saved_cs_client */;

--
-- Dumping data for table `passwordrecoverytoken`
--

LOCK TABLES `passwordrecoverytoken` WRITE;
/*!40000 ALTER TABLE `passwordrecoverytoken` DISABLE KEYS */;
/*!40000 ALTER TABLE `passwordrecoverytoken` ENABLE KEYS */;
UNLOCK TABLES;

--
-- Table structure for table `persistentlogin`
--

DROP TABLE IF EXISTS `persistentlogin`;
/*!40101 SET @saved_cs_client     = @@character_set_client */;
/*!50503 SET character_set_client = utf8mb4 */;
CREATE TABLE `persistentlogin` (
  `Id` int NOT NULL AUTO_INCREMENT,
  `UserId` int DEFAULT NULL,
  `LoginGuid` varchar(255) DEFAULT NULL,
  `Created` datetime DEFAULT NULL,
  PRIMARY KEY (`Id`)
) ENGINE=InnoDB DEFAULT CHARSET=utf8mb4 COLLATE=utf8mb4_0900_ai_ci;
/*!40101 SET character_set_client = @saved_cs_client */;

--
-- Dumping data for table `persistentlogin`
--

LOCK TABLES `persistentlogin` WRITE;
/*!40000 ALTER TABLE `persistentlogin` DISABLE KEYS */;
/*!40000 ALTER TABLE `persistentlogin` ENABLE KEYS */;
UNLOCK TABLES;

--
-- Table structure for table `question`
--

DROP TABLE IF EXISTS `question`;
/*!40101 SET @saved_cs_client     = @@character_set_client */;
/*!50503 SET character_set_client = utf8mb4 */;
CREATE TABLE `question` (
  `Id` int NOT NULL AUTO_INCREMENT,
  `Text` varchar(3000) DEFAULT NULL,
  `TextHtml` mediumtext,
  `TextExtended` text,
  `TextExtendedHtml` text,
  `Description` text,
  `DescriptionHtml` text,
  `License` int DEFAULT NULL,
  `Visibility` int DEFAULT NULL,
  `Creator_id` int DEFAULT NULL,
  `TotalTrueAnswers` int DEFAULT NULL,
  `TotalFalseAnswers` int DEFAULT NULL,
  `TotalQualityAvg` int DEFAULT NULL,
  `TotalQualityEntries` int DEFAULT NULL,
  `TotalRelevanceForAllAvg` int DEFAULT NULL,
  `TotalRelevanceForAllEntries` int DEFAULT NULL,
  `TotalRelevancePersonalAvg` int DEFAULT NULL,
  `TotalRelevancePersonalEntries` int DEFAULT NULL,
  `CorrectnessProbability` int DEFAULT NULL,
  `CorrectnessProbabilityAnswerCount` int DEFAULT NULL,
  `Solution` mediumtext,
  `SolutionType` int DEFAULT NULL,
  `SolutionMetadataJson` varchar(7000) DEFAULT NULL,
  `DateCreated` datetime DEFAULT NULL,
  `DateModified` datetime DEFAULT NULL,
  `SkipMigration` tinyint(1) DEFAULT NULL,
  PRIMARY KEY (`Id`),
  KEY `Creator_id` (`Creator_id`),
  CONSTRAINT `FK_A42E80A6` FOREIGN KEY (`Creator_id`) REFERENCES `user` (`Id`)
) ENGINE=InnoDB AUTO_INCREMENT=63 DEFAULT CHARSET=utf8mb4 COLLATE=utf8mb4_0900_ai_ci;
/*!40101 SET character_set_client = @saved_cs_client */;

--
-- Dumping data for table `question`
--

LOCK TABLES `question` WRITE;
/*!40000 ALTER TABLE `question` DISABLE KEYS */;
INSERT INTO `question` VALUES (1,'Question 1 for page LearningUser Topic 1?',NULL,NULL,NULL,NULL,NULL,0,0,2,0,0,0,0,0,0,0,0,38,0,'Answer 1 for page LearningUser Topic 1',1,'{\"IsCaseSensitive\":false,\"IsExtracInput\":false,\"IsDate\":false,\"IsNumber\":false,\"IsText\":true}','2025-06-18 14:21:50','2025-06-18 14:21:50',0),(2,'Question 2 for page LearningUser Topic 1?',NULL,NULL,NULL,NULL,NULL,0,0,2,0,0,0,0,0,0,0,0,75,0,'Answer 2 for page LearningUser Topic 1',1,'{\"IsCaseSensitive\":false,\"IsExtracInput\":false,\"IsDate\":false,\"IsNumber\":false,\"IsText\":true}','2025-06-18 14:21:51','2025-06-18 14:21:51',0),(3,'Question 1 for page LearningUser Subtopic 1-1?',NULL,NULL,NULL,NULL,NULL,0,0,2,0,0,0,0,0,0,0,0,41,0,'Answer 1 for page LearningUser Subtopic 1-1',1,'{\"IsCaseSensitive\":false,\"IsExtracInput\":false,\"IsDate\":false,\"IsNumber\":false,\"IsText\":true}','2025-06-18 14:21:51','2025-06-18 14:21:51',0),(4,'Question 2 for page LearningUser Subtopic 1-1?',NULL,NULL,NULL,NULL,NULL,0,0,2,0,0,0,0,0,0,0,0,84,0,'Answer 2 for page LearningUser Subtopic 1-1',1,'{\"IsCaseSensitive\":false,\"IsExtracInput\":false,\"IsDate\":false,\"IsNumber\":false,\"IsText\":true}','2025-06-18 14:21:51','2025-06-18 14:21:51',0),(5,'Question 1 for page LearningUser Subtopic 2-1?',NULL,NULL,NULL,NULL,NULL,0,0,2,0,0,0,0,0,0,0,0,82,0,'Answer 1 for page LearningUser Subtopic 2-1',1,'{\"IsCaseSensitive\":false,\"IsExtracInput\":false,\"IsDate\":false,\"IsNumber\":false,\"IsText\":true}','2025-06-18 14:21:51','2025-06-18 14:21:51',0),(6,'Question 2 for page LearningUser Subtopic 2-1?',NULL,NULL,NULL,NULL,NULL,0,0,2,0,0,0,0,0,0,0,0,51,0,'Answer 2 for page LearningUser Subtopic 2-1',1,'{\"IsCaseSensitive\":false,\"IsExtracInput\":false,\"IsDate\":false,\"IsNumber\":false,\"IsText\":true}','2025-06-18 14:21:51','2025-06-18 14:21:51',0),(7,'Question 1 for page ContentCreator Topic 1?',NULL,NULL,NULL,NULL,NULL,0,0,3,0,0,0,0,0,0,0,0,36,0,'Answer 1 for page ContentCreator Topic 1',1,'{\"IsCaseSensitive\":false,\"IsExtracInput\":false,\"IsDate\":false,\"IsNumber\":false,\"IsText\":true}','2025-06-18 14:21:51','2025-06-18 14:21:51',0),(8,'Question 2 for page ContentCreator Topic 1?',NULL,NULL,NULL,NULL,NULL,0,0,3,0,0,0,0,0,0,0,0,62,0,'Answer 2 for page ContentCreator Topic 1',1,'{\"IsCaseSensitive\":false,\"IsExtracInput\":false,\"IsDate\":false,\"IsNumber\":false,\"IsText\":true}','2025-06-18 14:21:51','2025-06-18 14:21:51',0),(9,'Question 1 for page ContentCreator Subtopic 4-1?',NULL,NULL,NULL,NULL,NULL,0,0,3,0,0,0,0,0,0,0,0,51,0,'Answer 1 for page ContentCreator Subtopic 4-1',1,'{\"IsCaseSensitive\":false,\"IsExtracInput\":false,\"IsDate\":false,\"IsNumber\":false,\"IsText\":true}','2025-06-18 14:21:51','2025-06-18 14:21:51',0),(10,'Question 2 for page ContentCreator Subtopic 4-1?',NULL,NULL,NULL,NULL,NULL,0,0,3,0,0,0,0,0,0,0,0,73,0,'Answer 2 for page ContentCreator Subtopic 4-1',1,'{\"IsCaseSensitive\":false,\"IsExtracInput\":false,\"IsDate\":false,\"IsNumber\":false,\"IsText\":true}','2025-06-18 14:21:51','2025-06-18 14:21:51',0),(11,'Question 1 for page ContentCreator Subtopic 5-1?',NULL,NULL,NULL,NULL,NULL,0,0,3,0,0,0,0,0,0,0,0,65,0,'Answer 1 for page ContentCreator Subtopic 5-1',1,'{\"IsCaseSensitive\":false,\"IsExtracInput\":false,\"IsDate\":false,\"IsNumber\":false,\"IsText\":true}','2025-06-18 14:21:51','2025-06-18 14:21:51',0),(12,'Question 2 for page ContentCreator Subtopic 5-1?',NULL,NULL,NULL,NULL,NULL,0,0,3,0,0,0,0,0,0,0,0,67,0,'Answer 2 for page ContentCreator Subtopic 5-1',1,'{\"IsCaseSensitive\":false,\"IsExtracInput\":false,\"IsDate\":false,\"IsNumber\":false,\"IsText\":true}','2025-06-18 14:21:51','2025-06-18 14:21:51',0),(13,'Question 1 for page ContentCreator Subtopic 5-2?',NULL,NULL,NULL,NULL,NULL,0,0,3,0,0,0,0,0,0,0,0,74,0,'Answer 1 for page ContentCreator Subtopic 5-2',1,'{\"IsCaseSensitive\":false,\"IsExtracInput\":false,\"IsDate\":false,\"IsNumber\":false,\"IsText\":true}','2025-06-18 14:21:51','2025-06-18 14:21:51',0),(14,'Question 2 for page ContentCreator Subtopic 5-2?',NULL,NULL,NULL,NULL,NULL,0,0,3,0,0,0,0,0,0,0,0,75,0,'Answer 2 for page ContentCreator Subtopic 5-2',1,'{\"IsCaseSensitive\":false,\"IsExtracInput\":false,\"IsDate\":false,\"IsNumber\":false,\"IsText\":true}','2025-06-18 14:21:51','2025-06-18 14:21:51',0),(15,'Question 1 for page ContentCreator Subtopic 4-2?',NULL,NULL,NULL,NULL,NULL,0,0,3,0,0,0,0,0,0,0,0,54,0,'Answer 1 for page ContentCreator Subtopic 4-2',1,'{\"IsCaseSensitive\":false,\"IsExtracInput\":false,\"IsDate\":false,\"IsNumber\":false,\"IsText\":true}','2025-06-18 14:21:52','2025-06-18 14:21:52',0),(16,'Question 2 for page ContentCreator Subtopic 4-2?',NULL,NULL,NULL,NULL,NULL,0,0,3,0,0,0,0,0,0,0,0,44,0,'Answer 2 for page ContentCreator Subtopic 4-2',1,'{\"IsCaseSensitive\":false,\"IsExtracInput\":false,\"IsDate\":false,\"IsNumber\":false,\"IsText\":true}','2025-06-18 14:21:52','2025-06-18 14:21:52',0),(17,'Question 1 for page ContentCreator Subtopic 8-1?',NULL,NULL,NULL,NULL,NULL,0,0,3,0,0,0,0,0,0,0,0,71,0,'Answer 1 for page ContentCreator Subtopic 8-1',1,'{\"IsCaseSensitive\":false,\"IsExtracInput\":false,\"IsDate\":false,\"IsNumber\":false,\"IsText\":true}','2025-06-18 14:21:52','2025-06-18 14:21:52',0),(18,'Question 2 for page ContentCreator Subtopic 8-1?',NULL,NULL,NULL,NULL,NULL,0,0,3,0,0,0,0,0,0,0,0,42,0,'Answer 2 for page ContentCreator Subtopic 8-1',1,'{\"IsCaseSensitive\":false,\"IsExtracInput\":false,\"IsDate\":false,\"IsNumber\":false,\"IsText\":true}','2025-06-18 14:21:52','2025-06-18 14:21:52',0),(19,'Question 1 for page ContentCreator Subtopic 8-2?',NULL,NULL,NULL,NULL,NULL,0,0,3,0,0,0,0,0,0,0,0,61,0,'Answer 1 for page ContentCreator Subtopic 8-2',1,'{\"IsCaseSensitive\":false,\"IsExtracInput\":false,\"IsDate\":false,\"IsNumber\":false,\"IsText\":true}','2025-06-18 14:21:52','2025-06-18 14:21:52',0),(20,'Question 2 for page ContentCreator Subtopic 8-2?',NULL,NULL,NULL,NULL,NULL,0,0,3,0,0,0,0,0,0,0,0,59,0,'Answer 2 for page ContentCreator Subtopic 8-2',1,'{\"IsCaseSensitive\":false,\"IsExtracInput\":false,\"IsDate\":false,\"IsNumber\":false,\"IsText\":true}','2025-06-18 14:21:52','2025-06-18 14:21:52',0),(21,'Question 1 for page ContentCreator Subtopic 8-3?',NULL,NULL,NULL,NULL,NULL,0,0,3,0,0,0,0,0,0,0,0,45,0,'Answer 1 for page ContentCreator Subtopic 8-3',1,'{\"IsCaseSensitive\":false,\"IsExtracInput\":false,\"IsDate\":false,\"IsNumber\":false,\"IsText\":true}','2025-06-18 14:21:52','2025-06-18 14:21:52',0),(22,'Question 2 for page ContentCreator Subtopic 8-3?',NULL,NULL,NULL,NULL,NULL,0,0,3,0,0,0,0,0,0,0,0,77,0,'Answer 2 for page ContentCreator Subtopic 8-3',1,'{\"IsCaseSensitive\":false,\"IsExtracInput\":false,\"IsDate\":false,\"IsNumber\":false,\"IsText\":true}','2025-06-18 14:21:52','2025-06-18 14:21:52',0),(23,'Question 1 for page ContentCreator Subtopic 4-3?',NULL,NULL,NULL,NULL,NULL,0,0,3,0,0,0,0,0,0,0,0,30,0,'Answer 1 for page ContentCreator Subtopic 4-3',1,'{\"IsCaseSensitive\":false,\"IsExtracInput\":false,\"IsDate\":false,\"IsNumber\":false,\"IsText\":true}','2025-06-18 14:21:52','2025-06-18 14:21:52',0),(24,'Question 2 for page ContentCreator Subtopic 4-3?',NULL,NULL,NULL,NULL,NULL,0,0,3,0,0,0,0,0,0,0,0,59,0,'Answer 2 for page ContentCreator Subtopic 4-3',1,'{\"IsCaseSensitive\":false,\"IsExtracInput\":false,\"IsDate\":false,\"IsNumber\":false,\"IsText\":true}','2025-06-18 14:21:52','2025-06-18 14:21:52',0),(25,'Question 1 for page ContentCreator Subtopic 12-1?',NULL,NULL,NULL,NULL,NULL,0,0,3,0,0,0,0,0,0,0,0,57,0,'Answer 1 for page ContentCreator Subtopic 12-1',1,'{\"IsCaseSensitive\":false,\"IsExtracInput\":false,\"IsDate\":false,\"IsNumber\":false,\"IsText\":true}','2025-06-18 14:21:52','2025-06-18 14:21:52',0),(26,'Question 2 for page ContentCreator Subtopic 12-1?',NULL,NULL,NULL,NULL,NULL,0,0,3,0,0,0,0,0,0,0,0,59,0,'Answer 2 for page ContentCreator Subtopic 12-1',1,'{\"IsCaseSensitive\":false,\"IsExtracInput\":false,\"IsDate\":false,\"IsNumber\":false,\"IsText\":true}','2025-06-18 14:21:52','2025-06-18 14:21:52',0),(27,'Question 1 for page ContentCreator Subtopic 12-2?',NULL,NULL,NULL,NULL,NULL,0,0,3,0,0,0,0,0,0,0,0,73,0,'Answer 1 for page ContentCreator Subtopic 12-2',1,'{\"IsCaseSensitive\":false,\"IsExtracInput\":false,\"IsDate\":false,\"IsNumber\":false,\"IsText\":true}','2025-06-18 14:21:52','2025-06-18 14:21:52',0),(28,'Question 2 for page ContentCreator Subtopic 12-2?',NULL,NULL,NULL,NULL,NULL,0,0,3,0,0,0,0,0,0,0,0,57,0,'Answer 2 for page ContentCreator Subtopic 12-2',1,'{\"IsCaseSensitive\":false,\"IsExtracInput\":false,\"IsDate\":false,\"IsNumber\":false,\"IsText\":true}','2025-06-18 14:21:52','2025-06-18 14:21:52',0),(29,'Question 1 for page ContentCreator Subtopic 12-3?',NULL,NULL,NULL,NULL,NULL,0,0,3,0,0,0,0,0,0,0,0,46,0,'Answer 1 for page ContentCreator Subtopic 12-3',1,'{\"IsCaseSensitive\":false,\"IsExtracInput\":false,\"IsDate\":false,\"IsNumber\":false,\"IsText\":true}','2025-06-18 14:21:53','2025-06-18 14:21:53',0),(30,'Question 2 for page ContentCreator Subtopic 12-3?',NULL,NULL,NULL,NULL,NULL,0,0,3,0,0,0,0,0,0,0,0,47,0,'Answer 2 for page ContentCreator Subtopic 12-3',1,'{\"IsCaseSensitive\":false,\"IsExtracInput\":false,\"IsDate\":false,\"IsNumber\":false,\"IsText\":true}','2025-06-18 14:21:53','2025-06-18 14:21:53',0),(31,'Question 1 for page ContentCreator Topic 2?',NULL,NULL,NULL,NULL,NULL,0,0,3,0,0,0,0,0,0,0,0,68,0,'Answer 1 for page ContentCreator Topic 2',1,'{\"IsCaseSensitive\":false,\"IsExtracInput\":false,\"IsDate\":false,\"IsNumber\":false,\"IsText\":true}','2025-06-18 14:21:53','2025-06-18 14:21:53',0),(32,'Question 2 for page ContentCreator Topic 2?',NULL,NULL,NULL,NULL,NULL,0,0,3,0,0,0,0,0,0,0,0,47,0,'Answer 2 for page ContentCreator Topic 2',1,'{\"IsCaseSensitive\":false,\"IsExtracInput\":false,\"IsDate\":false,\"IsNumber\":false,\"IsText\":true}','2025-06-18 14:21:53','2025-06-18 14:21:53',0),(33,'Question 1 for page ContentCreator Subtopic 16-1?',NULL,NULL,NULL,NULL,NULL,0,0,3,0,0,0,0,0,0,0,0,52,0,'Answer 1 for page ContentCreator Subtopic 16-1',1,'{\"IsCaseSensitive\":false,\"IsExtracInput\":false,\"IsDate\":false,\"IsNumber\":false,\"IsText\":true}','2025-06-18 14:21:53','2025-06-18 14:21:53',0),(34,'Question 2 for page ContentCreator Subtopic 16-1?',NULL,NULL,NULL,NULL,NULL,0,0,3,0,0,0,0,0,0,0,0,82,0,'Answer 2 for page ContentCreator Subtopic 16-1',1,'{\"IsCaseSensitive\":false,\"IsExtracInput\":false,\"IsDate\":false,\"IsNumber\":false,\"IsText\":true}','2025-06-18 14:21:53','2025-06-18 14:21:53',0),(35,'Question 1 for page ContentCreator Subtopic 17-1?',NULL,NULL,NULL,NULL,NULL,0,0,3,0,0,0,0,0,0,0,0,40,0,'Answer 1 for page ContentCreator Subtopic 17-1',1,'{\"IsCaseSensitive\":false,\"IsExtracInput\":false,\"IsDate\":false,\"IsNumber\":false,\"IsText\":true}','2025-06-18 14:21:53','2025-06-18 14:21:53',0),(36,'Question 2 for page ContentCreator Subtopic 17-1?',NULL,NULL,NULL,NULL,NULL,0,0,3,0,0,0,0,0,0,0,0,81,0,'Answer 2 for page ContentCreator Subtopic 17-1',1,'{\"IsCaseSensitive\":false,\"IsExtracInput\":false,\"IsDate\":false,\"IsNumber\":false,\"IsText\":true}','2025-06-18 14:21:53','2025-06-18 14:21:53',0),(37,'Question 1 for page ContentCreator Subtopic 17-2?',NULL,NULL,NULL,NULL,NULL,0,0,3,0,0,0,0,0,0,0,0,69,0,'Answer 1 for page ContentCreator Subtopic 17-2',1,'{\"IsCaseSensitive\":false,\"IsExtracInput\":false,\"IsDate\":false,\"IsNumber\":false,\"IsText\":true}','2025-06-18 14:21:53','2025-06-18 14:21:53',0),(38,'Question 2 for page ContentCreator Subtopic 17-2?',NULL,NULL,NULL,NULL,NULL,0,0,3,0,0,0,0,0,0,0,0,67,0,'Answer 2 for page ContentCreator Subtopic 17-2',1,'{\"IsCaseSensitive\":false,\"IsExtracInput\":false,\"IsDate\":false,\"IsNumber\":false,\"IsText\":true}','2025-06-18 14:21:53','2025-06-18 14:21:53',0),(39,'Question 1 for page ContentCreator Subtopic 17-3?',NULL,NULL,NULL,NULL,NULL,0,0,3,0,0,0,0,0,0,0,0,56,0,'Answer 1 for page ContentCreator Subtopic 17-3',1,'{\"IsCaseSensitive\":false,\"IsExtracInput\":false,\"IsDate\":false,\"IsNumber\":false,\"IsText\":true}','2025-06-18 14:21:53','2025-06-18 14:21:53',0),(40,'Question 2 for page ContentCreator Subtopic 17-3?',NULL,NULL,NULL,NULL,NULL,0,0,3,0,0,0,0,0,0,0,0,60,0,'Answer 2 for page ContentCreator Subtopic 17-3',1,'{\"IsCaseSensitive\":false,\"IsExtracInput\":false,\"IsDate\":false,\"IsNumber\":false,\"IsText\":true}','2025-06-18 14:21:53','2025-06-18 14:21:53',0),(41,'Question 1 for page QuestionContributor Topic 1?',NULL,NULL,NULL,NULL,NULL,0,0,4,0,0,0,0,0,0,0,0,31,0,'Answer 1 for page QuestionContributor Topic 1',1,'{\"IsCaseSensitive\":false,\"IsExtracInput\":false,\"IsDate\":false,\"IsNumber\":false,\"IsText\":true}','2025-06-18 14:21:53','2025-06-18 14:21:53',0),(42,'Question 2 for page QuestionContributor Topic 1?',NULL,NULL,NULL,NULL,NULL,0,0,4,0,0,0,0,0,0,0,0,62,0,'Answer 2 for page QuestionContributor Topic 1',1,'{\"IsCaseSensitive\":false,\"IsExtracInput\":false,\"IsDate\":false,\"IsNumber\":false,\"IsText\":true}','2025-06-18 14:21:54','2025-06-18 14:21:54',0),(43,'Question 1 for page QuestionContributor Subtopic 21-1?',NULL,NULL,NULL,NULL,NULL,0,0,4,0,0,0,0,0,0,0,0,73,0,'Answer 1 for page QuestionContributor Subtopic 21-1',1,'{\"IsCaseSensitive\":false,\"IsExtracInput\":false,\"IsDate\":false,\"IsNumber\":false,\"IsText\":true}','2025-06-18 14:21:54','2025-06-18 14:21:54',0),(44,'Question 2 for page QuestionContributor Subtopic 21-1?',NULL,NULL,NULL,NULL,NULL,0,0,4,0,0,0,0,0,0,0,0,34,0,'Answer 2 for page QuestionContributor Subtopic 21-1',1,'{\"IsCaseSensitive\":false,\"IsExtracInput\":false,\"IsDate\":false,\"IsNumber\":false,\"IsText\":true}','2025-06-18 14:21:54','2025-06-18 14:21:54',0),(45,'Question 1 for page QuestionContributor Subtopic 22-1?',NULL,NULL,NULL,NULL,NULL,0,0,4,0,0,0,0,0,0,0,0,86,0,'Answer 1 for page QuestionContributor Subtopic 22-1',1,'{\"IsCaseSensitive\":false,\"IsExtracInput\":false,\"IsDate\":false,\"IsNumber\":false,\"IsText\":true}','2025-06-18 14:21:54','2025-06-18 14:21:54',0),(46,'Question 2 for page QuestionContributor Subtopic 22-1?',NULL,NULL,NULL,NULL,NULL,0,0,4,0,0,0,0,0,0,0,0,40,0,'Answer 2 for page QuestionContributor Subtopic 22-1',1,'{\"IsCaseSensitive\":false,\"IsExtracInput\":false,\"IsDate\":false,\"IsNumber\":false,\"IsText\":true}','2025-06-18 14:21:54','2025-06-18 14:21:54',0),(47,'Question 1 for page QuestionContributor Subtopic 22-2?',NULL,NULL,NULL,NULL,NULL,0,0,4,0,0,0,0,0,0,0,0,35,0,'Answer 1 for page QuestionContributor Subtopic 22-2',1,'{\"IsCaseSensitive\":false,\"IsExtracInput\":false,\"IsDate\":false,\"IsNumber\":false,\"IsText\":true}','2025-06-18 14:21:54','2025-06-18 14:21:54',0),(48,'Question 2 for page QuestionContributor Subtopic 22-2?',NULL,NULL,NULL,NULL,NULL,0,0,4,0,0,0,0,0,0,0,0,55,0,'Answer 2 for page QuestionContributor Subtopic 22-2',1,'{\"IsCaseSensitive\":false,\"IsExtracInput\":false,\"IsDate\":false,\"IsNumber\":false,\"IsText\":true}','2025-06-18 14:21:54','2025-06-18 14:21:54',0),(49,'Question 1 for page QuestionContributor Topic 2?',NULL,NULL,NULL,NULL,NULL,0,0,4,0,0,0,0,0,0,0,0,50,0,'Answer 1 for page QuestionContributor Topic 2',1,'{\"IsCaseSensitive\":false,\"IsExtracInput\":false,\"IsDate\":false,\"IsNumber\":false,\"IsText\":true}','2025-06-18 14:21:54','2025-06-18 14:21:54',0),(50,'Question 2 for page QuestionContributor Topic 2?',NULL,NULL,NULL,NULL,NULL,0,0,4,0,0,0,0,0,0,0,0,30,0,'Answer 2 for page QuestionContributor Topic 2',1,'{\"IsCaseSensitive\":false,\"IsExtracInput\":false,\"IsDate\":false,\"IsNumber\":false,\"IsText\":true}','2025-06-18 14:21:54','2025-06-18 14:21:54',0),(51,'Question 1 for page QuestionContributor Subtopic 25-1?',NULL,NULL,NULL,NULL,NULL,0,0,4,0,0,0,0,0,0,0,0,79,0,'Answer 1 for page QuestionContributor Subtopic 25-1',1,'{\"IsCaseSensitive\":false,\"IsExtracInput\":false,\"IsDate\":false,\"IsNumber\":false,\"IsText\":true}','2025-06-18 14:21:54','2025-06-18 14:21:54',0),(52,'Question 2 for page QuestionContributor Subtopic 25-1?',NULL,NULL,NULL,NULL,NULL,0,0,4,0,0,0,0,0,0,0,0,31,0,'Answer 2 for page QuestionContributor Subtopic 25-1',1,'{\"IsCaseSensitive\":false,\"IsExtracInput\":false,\"IsDate\":false,\"IsNumber\":false,\"IsText\":true}','2025-06-18 14:21:54','2025-06-18 14:21:54',0),(53,'Question 1 for page QuestionContributor Subtopic 26-1?',NULL,NULL,NULL,NULL,NULL,0,0,4,0,0,0,0,0,0,0,0,83,0,'Answer 1 for page QuestionContributor Subtopic 26-1',1,'{\"IsCaseSensitive\":false,\"IsExtracInput\":false,\"IsDate\":false,\"IsNumber\":false,\"IsText\":true}','2025-06-18 14:21:54','2025-06-18 14:21:54',0),(54,'Question 2 for page QuestionContributor Subtopic 26-1?',NULL,NULL,NULL,NULL,NULL,0,0,4,0,0,0,0,0,0,0,0,74,0,'Answer 2 for page QuestionContributor Subtopic 26-1',1,'{\"IsCaseSensitive\":false,\"IsExtracInput\":false,\"IsDate\":false,\"IsNumber\":false,\"IsText\":true}','2025-06-18 14:21:54','2025-06-18 14:21:54',0),(55,'Question 1 for page QuestionContributor Subtopic 26-2?',NULL,NULL,NULL,NULL,NULL,0,0,4,0,0,0,0,0,0,0,0,76,0,'Answer 1 for page QuestionContributor Subtopic 26-2',1,'{\"IsCaseSensitive\":false,\"IsExtracInput\":false,\"IsDate\":false,\"IsNumber\":false,\"IsText\":true}','2025-06-18 14:21:55','2025-06-18 14:21:55',0),(56,'Question 2 for page QuestionContributor Subtopic 26-2?',NULL,NULL,NULL,NULL,NULL,0,0,4,0,0,0,0,0,0,0,0,52,0,'Answer 2 for page QuestionContributor Subtopic 26-2',1,'{\"IsCaseSensitive\":false,\"IsExtracInput\":false,\"IsDate\":false,\"IsNumber\":false,\"IsText\":true}','2025-06-18 14:21:55','2025-06-18 14:21:55',0),(57,'Question 1 for page QuestionContributor Topic 3?',NULL,NULL,NULL,NULL,NULL,0,0,4,0,0,0,0,0,0,0,0,75,0,'Answer 1 for page QuestionContributor Topic 3',1,'{\"IsCaseSensitive\":false,\"IsExtracInput\":false,\"IsDate\":false,\"IsNumber\":false,\"IsText\":true}','2025-06-18 14:21:55','2025-06-18 14:21:55',0),(58,'Question 2 for page QuestionContributor Topic 3?',NULL,NULL,NULL,NULL,NULL,0,0,4,0,0,0,0,0,0,0,0,73,0,'Answer 2 for page QuestionContributor Topic 3',1,'{\"IsCaseSensitive\":false,\"IsExtracInput\":false,\"IsDate\":false,\"IsNumber\":false,\"IsText\":true}','2025-06-18 14:21:55','2025-06-18 14:21:55',0),(59,'Question 1 for page QuestionContributor Subtopic 29-1?',NULL,NULL,NULL,NULL,NULL,0,0,4,0,0,0,0,0,0,0,0,56,0,'Answer 1 for page QuestionContributor Subtopic 29-1',1,'{\"IsCaseSensitive\":false,\"IsExtracInput\":false,\"IsDate\":false,\"IsNumber\":false,\"IsText\":true}','2025-06-18 14:21:55','2025-06-18 14:21:55',0),(60,'Question 2 for page QuestionContributor Subtopic 29-1?',NULL,NULL,NULL,NULL,NULL,0,0,4,0,0,0,0,0,0,0,0,52,0,'Answer 2 for page QuestionContributor Subtopic 29-1',1,'{\"IsCaseSensitive\":false,\"IsExtracInput\":false,\"IsDate\":false,\"IsNumber\":false,\"IsText\":true}','2025-06-18 14:21:55','2025-06-18 14:21:55',0),(61,'Question 1 for page QuestionContributor Subtopic 30-1?',NULL,NULL,NULL,NULL,NULL,0,0,4,0,0,0,0,0,0,0,0,69,0,'Answer 1 for page QuestionContributor Subtopic 30-1',1,'{\"IsCaseSensitive\":false,\"IsExtracInput\":false,\"IsDate\":false,\"IsNumber\":false,\"IsText\":true}','2025-06-18 14:21:55','2025-06-18 14:21:55',0),(62,'Question 2 for page QuestionContributor Subtopic 30-1?',NULL,NULL,NULL,NULL,NULL,0,0,4,0,0,0,0,0,0,0,0,69,0,'Answer 2 for page QuestionContributor Subtopic 30-1',1,'{\"IsCaseSensitive\":false,\"IsExtracInput\":false,\"IsDate\":false,\"IsNumber\":false,\"IsText\":true}','2025-06-18 14:21:55','2025-06-18 14:21:55',0);
/*!40000 ALTER TABLE `question` ENABLE KEYS */;
UNLOCK TABLES;

--
-- Table structure for table `questionchange`
--

DROP TABLE IF EXISTS `questionchange`;
/*!40101 SET @saved_cs_client     = @@character_set_client */;
/*!50503 SET character_set_client = utf8mb4 */;
CREATE TABLE `questionchange` (
  `Id` int NOT NULL AUTO_INCREMENT,
  `Question_id` int DEFAULT NULL,
  `Data` text,
  `ShowInSidebar` tinyint(1) DEFAULT NULL,
  `Type` int DEFAULT NULL,
  `DataVersion` int DEFAULT NULL,
  `DateCreated` datetime DEFAULT NULL,
  `Author_Id` int DEFAULT NULL,
  PRIMARY KEY (`Id`),
  KEY `Question_id` (`Question_id`),
  CONSTRAINT `FK_4947E040` FOREIGN KEY (`Question_id`) REFERENCES `question` (`Id`)
) ENGINE=InnoDB AUTO_INCREMENT=63 DEFAULT CHARSET=utf8mb4 COLLATE=utf8mb4_0900_ai_ci;
/*!40101 SET character_set_client = @saved_cs_client */;

--
-- Dumping data for table `questionchange`
--

LOCK TABLES `questionchange` WRITE;
/*!40000 ALTER TABLE `questionchange` DISABLE KEYS */;
INSERT INTO `questionchange` VALUES (1,1,'{\"QuestionText\":\"Question 1 for page LearningUser Topic 1?\",\"TextHtml\":null,\"QuestionTextExtended\":null,\"TextExtendedHtml\":null,\"Description\":null,\"DescriptionHtml\":null,\"ImageWasChanged\":true,\"License\":null,\"Visibility\":0,\"Solution\":\"Answer 1 for page LearningUser Topic 1\",\"SolutionDescription\":null,\"SolutionMetadataJson\":\"{\\\"IsCaseSensitive\\\":false,\\\"IsExtracInput\\\":false,\\\"IsDate\\\":false,\\\"IsNumber\\\":false,\\\"IsText\\\":true}\",\"CommentIds\":null}',1,0,1,'2025-06-18 14:21:51',2),(2,2,'{\"QuestionText\":\"Question 2 for page LearningUser Topic 1?\",\"TextHtml\":null,\"QuestionTextExtended\":null,\"TextExtendedHtml\":null,\"Description\":null,\"DescriptionHtml\":null,\"ImageWasChanged\":true,\"License\":null,\"Visibility\":0,\"Solution\":\"Answer 2 for page LearningUser Topic 1\",\"SolutionDescription\":null,\"SolutionMetadataJson\":\"{\\\"IsCaseSensitive\\\":false,\\\"IsExtracInput\\\":false,\\\"IsDate\\\":false,\\\"IsNumber\\\":false,\\\"IsText\\\":true}\",\"CommentIds\":null}',1,0,1,'2025-06-18 14:21:51',2),(3,3,'{\"QuestionText\":\"Question 1 for page LearningUser Subtopic 1-1?\",\"TextHtml\":null,\"QuestionTextExtended\":null,\"TextExtendedHtml\":null,\"Description\":null,\"DescriptionHtml\":null,\"ImageWasChanged\":true,\"License\":null,\"Visibility\":0,\"Solution\":\"Answer 1 for page LearningUser Subtopic 1-1\",\"SolutionDescription\":null,\"SolutionMetadataJson\":\"{\\\"IsCaseSensitive\\\":false,\\\"IsExtracInput\\\":false,\\\"IsDate\\\":false,\\\"IsNumber\\\":false,\\\"IsText\\\":true}\",\"CommentIds\":null}',1,0,1,'2025-06-18 14:21:51',2),(4,4,'{\"QuestionText\":\"Question 2 for page LearningUser Subtopic 1-1?\",\"TextHtml\":null,\"QuestionTextExtended\":null,\"TextExtendedHtml\":null,\"Description\":null,\"DescriptionHtml\":null,\"ImageWasChanged\":true,\"License\":null,\"Visibility\":0,\"Solution\":\"Answer 2 for page LearningUser Subtopic 1-1\",\"SolutionDescription\":null,\"SolutionMetadataJson\":\"{\\\"IsCaseSensitive\\\":false,\\\"IsExtracInput\\\":false,\\\"IsDate\\\":false,\\\"IsNumber\\\":false,\\\"IsText\\\":true}\",\"CommentIds\":null}',1,0,1,'2025-06-18 14:21:51',2),(5,5,'{\"QuestionText\":\"Question 1 for page LearningUser Subtopic 2-1?\",\"TextHtml\":null,\"QuestionTextExtended\":null,\"TextExtendedHtml\":null,\"Description\":null,\"DescriptionHtml\":null,\"ImageWasChanged\":true,\"License\":null,\"Visibility\":0,\"Solution\":\"Answer 1 for page LearningUser Subtopic 2-1\",\"SolutionDescription\":null,\"SolutionMetadataJson\":\"{\\\"IsCaseSensitive\\\":false,\\\"IsExtracInput\\\":false,\\\"IsDate\\\":false,\\\"IsNumber\\\":false,\\\"IsText\\\":true}\",\"CommentIds\":null}',1,0,1,'2025-06-18 14:21:51',2),(6,6,'{\"QuestionText\":\"Question 2 for page LearningUser Subtopic 2-1?\",\"TextHtml\":null,\"QuestionTextExtended\":null,\"TextExtendedHtml\":null,\"Description\":null,\"DescriptionHtml\":null,\"ImageWasChanged\":true,\"License\":null,\"Visibility\":0,\"Solution\":\"Answer 2 for page LearningUser Subtopic 2-1\",\"SolutionDescription\":null,\"SolutionMetadataJson\":\"{\\\"IsCaseSensitive\\\":false,\\\"IsExtracInput\\\":false,\\\"IsDate\\\":false,\\\"IsNumber\\\":false,\\\"IsText\\\":true}\",\"CommentIds\":null}',1,0,1,'2025-06-18 14:21:51',2),(7,7,'{\"QuestionText\":\"Question 1 for page ContentCreator Topic 1?\",\"TextHtml\":null,\"QuestionTextExtended\":null,\"TextExtendedHtml\":null,\"Description\":null,\"DescriptionHtml\":null,\"ImageWasChanged\":true,\"License\":null,\"Visibility\":0,\"Solution\":\"Answer 1 for page ContentCreator Topic 1\",\"SolutionDescription\":null,\"SolutionMetadataJson\":\"{\\\"IsCaseSensitive\\\":false,\\\"IsExtracInput\\\":false,\\\"IsDate\\\":false,\\\"IsNumber\\\":false,\\\"IsText\\\":true}\",\"CommentIds\":null}',1,0,1,'2025-06-18 14:21:51',3),(8,8,'{\"QuestionText\":\"Question 2 for page ContentCreator Topic 1?\",\"TextHtml\":null,\"QuestionTextExtended\":null,\"TextExtendedHtml\":null,\"Description\":null,\"DescriptionHtml\":null,\"ImageWasChanged\":true,\"License\":null,\"Visibility\":0,\"Solution\":\"Answer 2 for page ContentCreator Topic 1\",\"SolutionDescription\":null,\"SolutionMetadataJson\":\"{\\\"IsCaseSensitive\\\":false,\\\"IsExtracInput\\\":false,\\\"IsDate\\\":false,\\\"IsNumber\\\":false,\\\"IsText\\\":true}\",\"CommentIds\":null}',1,0,1,'2025-06-18 14:21:51',3),(9,9,'{\"QuestionText\":\"Question 1 for page ContentCreator Subtopic 4-1?\",\"TextHtml\":null,\"QuestionTextExtended\":null,\"TextExtendedHtml\":null,\"Description\":null,\"DescriptionHtml\":null,\"ImageWasChanged\":true,\"License\":null,\"Visibility\":0,\"Solution\":\"Answer 1 for page ContentCreator Subtopic 4-1\",\"SolutionDescription\":null,\"SolutionMetadataJson\":\"{\\\"IsCaseSensitive\\\":false,\\\"IsExtracInput\\\":false,\\\"IsDate\\\":false,\\\"IsNumber\\\":false,\\\"IsText\\\":true}\",\"CommentIds\":null}',1,0,1,'2025-06-18 14:21:51',3),(10,10,'{\"QuestionText\":\"Question 2 for page ContentCreator Subtopic 4-1?\",\"TextHtml\":null,\"QuestionTextExtended\":null,\"TextExtendedHtml\":null,\"Description\":null,\"DescriptionHtml\":null,\"ImageWasChanged\":true,\"License\":null,\"Visibility\":0,\"Solution\":\"Answer 2 for page ContentCreator Subtopic 4-1\",\"SolutionDescription\":null,\"SolutionMetadataJson\":\"{\\\"IsCaseSensitive\\\":false,\\\"IsExtracInput\\\":false,\\\"IsDate\\\":false,\\\"IsNumber\\\":false,\\\"IsText\\\":true}\",\"CommentIds\":null}',1,0,1,'2025-06-18 14:21:51',3),(11,11,'{\"QuestionText\":\"Question 1 for page ContentCreator Subtopic 5-1?\",\"TextHtml\":null,\"QuestionTextExtended\":null,\"TextExtendedHtml\":null,\"Description\":null,\"DescriptionHtml\":null,\"ImageWasChanged\":true,\"License\":null,\"Visibility\":0,\"Solution\":\"Answer 1 for page ContentCreator Subtopic 5-1\",\"SolutionDescription\":null,\"SolutionMetadataJson\":\"{\\\"IsCaseSensitive\\\":false,\\\"IsExtracInput\\\":false,\\\"IsDate\\\":false,\\\"IsNumber\\\":false,\\\"IsText\\\":true}\",\"CommentIds\":null}',1,0,1,'2025-06-18 14:21:51',3),(12,12,'{\"QuestionText\":\"Question 2 for page ContentCreator Subtopic 5-1?\",\"TextHtml\":null,\"QuestionTextExtended\":null,\"TextExtendedHtml\":null,\"Description\":null,\"DescriptionHtml\":null,\"ImageWasChanged\":true,\"License\":null,\"Visibility\":0,\"Solution\":\"Answer 2 for page ContentCreator Subtopic 5-1\",\"SolutionDescription\":null,\"SolutionMetadataJson\":\"{\\\"IsCaseSensitive\\\":false,\\\"IsExtracInput\\\":false,\\\"IsDate\\\":false,\\\"IsNumber\\\":false,\\\"IsText\\\":true}\",\"CommentIds\":null}',1,0,1,'2025-06-18 14:21:51',3),(13,13,'{\"QuestionText\":\"Question 1 for page ContentCreator Subtopic 5-2?\",\"TextHtml\":null,\"QuestionTextExtended\":null,\"TextExtendedHtml\":null,\"Description\":null,\"DescriptionHtml\":null,\"ImageWasChanged\":true,\"License\":null,\"Visibility\":0,\"Solution\":\"Answer 1 for page ContentCreator Subtopic 5-2\",\"SolutionDescription\":null,\"SolutionMetadataJson\":\"{\\\"IsCaseSensitive\\\":false,\\\"IsExtracInput\\\":false,\\\"IsDate\\\":false,\\\"IsNumber\\\":false,\\\"IsText\\\":true}\",\"CommentIds\":null}',1,0,1,'2025-06-18 14:21:51',3),(14,14,'{\"QuestionText\":\"Question 2 for page ContentCreator Subtopic 5-2?\",\"TextHtml\":null,\"QuestionTextExtended\":null,\"TextExtendedHtml\":null,\"Description\":null,\"DescriptionHtml\":null,\"ImageWasChanged\":true,\"License\":null,\"Visibility\":0,\"Solution\":\"Answer 2 for page ContentCreator Subtopic 5-2\",\"SolutionDescription\":null,\"SolutionMetadataJson\":\"{\\\"IsCaseSensitive\\\":false,\\\"IsExtracInput\\\":false,\\\"IsDate\\\":false,\\\"IsNumber\\\":false,\\\"IsText\\\":true}\",\"CommentIds\":null}',1,0,1,'2025-06-18 14:21:52',3),(15,15,'{\"QuestionText\":\"Question 1 for page ContentCreator Subtopic 4-2?\",\"TextHtml\":null,\"QuestionTextExtended\":null,\"TextExtendedHtml\":null,\"Description\":null,\"DescriptionHtml\":null,\"ImageWasChanged\":true,\"License\":null,\"Visibility\":0,\"Solution\":\"Answer 1 for page ContentCreator Subtopic 4-2\",\"SolutionDescription\":null,\"SolutionMetadataJson\":\"{\\\"IsCaseSensitive\\\":false,\\\"IsExtracInput\\\":false,\\\"IsDate\\\":false,\\\"IsNumber\\\":false,\\\"IsText\\\":true}\",\"CommentIds\":null}',1,0,1,'2025-06-18 14:21:52',3),(16,16,'{\"QuestionText\":\"Question 2 for page ContentCreator Subtopic 4-2?\",\"TextHtml\":null,\"QuestionTextExtended\":null,\"TextExtendedHtml\":null,\"Description\":null,\"DescriptionHtml\":null,\"ImageWasChanged\":true,\"License\":null,\"Visibility\":0,\"Solution\":\"Answer 2 for page ContentCreator Subtopic 4-2\",\"SolutionDescription\":null,\"SolutionMetadataJson\":\"{\\\"IsCaseSensitive\\\":false,\\\"IsExtracInput\\\":false,\\\"IsDate\\\":false,\\\"IsNumber\\\":false,\\\"IsText\\\":true}\",\"CommentIds\":null}',1,0,1,'2025-06-18 14:21:52',3),(17,17,'{\"QuestionText\":\"Question 1 for page ContentCreator Subtopic 8-1?\",\"TextHtml\":null,\"QuestionTextExtended\":null,\"TextExtendedHtml\":null,\"Description\":null,\"DescriptionHtml\":null,\"ImageWasChanged\":true,\"License\":null,\"Visibility\":0,\"Solution\":\"Answer 1 for page ContentCreator Subtopic 8-1\",\"SolutionDescription\":null,\"SolutionMetadataJson\":\"{\\\"IsCaseSensitive\\\":false,\\\"IsExtracInput\\\":false,\\\"IsDate\\\":false,\\\"IsNumber\\\":false,\\\"IsText\\\":true}\",\"CommentIds\":null}',1,0,1,'2025-06-18 14:21:52',3),(18,18,'{\"QuestionText\":\"Question 2 for page ContentCreator Subtopic 8-1?\",\"TextHtml\":null,\"QuestionTextExtended\":null,\"TextExtendedHtml\":null,\"Description\":null,\"DescriptionHtml\":null,\"ImageWasChanged\":true,\"License\":null,\"Visibility\":0,\"Solution\":\"Answer 2 for page ContentCreator Subtopic 8-1\",\"SolutionDescription\":null,\"SolutionMetadataJson\":\"{\\\"IsCaseSensitive\\\":false,\\\"IsExtracInput\\\":false,\\\"IsDate\\\":false,\\\"IsNumber\\\":false,\\\"IsText\\\":true}\",\"CommentIds\":null}',1,0,1,'2025-06-18 14:21:52',3),(19,19,'{\"QuestionText\":\"Question 1 for page ContentCreator Subtopic 8-2?\",\"TextHtml\":null,\"QuestionTextExtended\":null,\"TextExtendedHtml\":null,\"Description\":null,\"DescriptionHtml\":null,\"ImageWasChanged\":true,\"License\":null,\"Visibility\":0,\"Solution\":\"Answer 1 for page ContentCreator Subtopic 8-2\",\"SolutionDescription\":null,\"SolutionMetadataJson\":\"{\\\"IsCaseSensitive\\\":false,\\\"IsExtracInput\\\":false,\\\"IsDate\\\":false,\\\"IsNumber\\\":false,\\\"IsText\\\":true}\",\"CommentIds\":null}',1,0,1,'2025-06-18 14:21:52',3),(20,20,'{\"QuestionText\":\"Question 2 for page ContentCreator Subtopic 8-2?\",\"TextHtml\":null,\"QuestionTextExtended\":null,\"TextExtendedHtml\":null,\"Description\":null,\"DescriptionHtml\":null,\"ImageWasChanged\":true,\"License\":null,\"Visibility\":0,\"Solution\":\"Answer 2 for page ContentCreator Subtopic 8-2\",\"SolutionDescription\":null,\"SolutionMetadataJson\":\"{\\\"IsCaseSensitive\\\":false,\\\"IsExtracInput\\\":false,\\\"IsDate\\\":false,\\\"IsNumber\\\":false,\\\"IsText\\\":true}\",\"CommentIds\":null}',1,0,1,'2025-06-18 14:21:52',3),(21,21,'{\"QuestionText\":\"Question 1 for page ContentCreator Subtopic 8-3?\",\"TextHtml\":null,\"QuestionTextExtended\":null,\"TextExtendedHtml\":null,\"Description\":null,\"DescriptionHtml\":null,\"ImageWasChanged\":true,\"License\":null,\"Visibility\":0,\"Solution\":\"Answer 1 for page ContentCreator Subtopic 8-3\",\"SolutionDescription\":null,\"SolutionMetadataJson\":\"{\\\"IsCaseSensitive\\\":false,\\\"IsExtracInput\\\":false,\\\"IsDate\\\":false,\\\"IsNumber\\\":false,\\\"IsText\\\":true}\",\"CommentIds\":null}',1,0,1,'2025-06-18 14:21:52',3),(22,22,'{\"QuestionText\":\"Question 2 for page ContentCreator Subtopic 8-3?\",\"TextHtml\":null,\"QuestionTextExtended\":null,\"TextExtendedHtml\":null,\"Description\":null,\"DescriptionHtml\":null,\"ImageWasChanged\":true,\"License\":null,\"Visibility\":0,\"Solution\":\"Answer 2 for page ContentCreator Subtopic 8-3\",\"SolutionDescription\":null,\"SolutionMetadataJson\":\"{\\\"IsCaseSensitive\\\":false,\\\"IsExtracInput\\\":false,\\\"IsDate\\\":false,\\\"IsNumber\\\":false,\\\"IsText\\\":true}\",\"CommentIds\":null}',1,0,1,'2025-06-18 14:21:52',3),(23,23,'{\"QuestionText\":\"Question 1 for page ContentCreator Subtopic 4-3?\",\"TextHtml\":null,\"QuestionTextExtended\":null,\"TextExtendedHtml\":null,\"Description\":null,\"DescriptionHtml\":null,\"ImageWasChanged\":true,\"License\":null,\"Visibility\":0,\"Solution\":\"Answer 1 for page ContentCreator Subtopic 4-3\",\"SolutionDescription\":null,\"SolutionMetadataJson\":\"{\\\"IsCaseSensitive\\\":false,\\\"IsExtracInput\\\":false,\\\"IsDate\\\":false,\\\"IsNumber\\\":false,\\\"IsText\\\":true}\",\"CommentIds\":null}',1,0,1,'2025-06-18 14:21:52',3),(24,24,'{\"QuestionText\":\"Question 2 for page ContentCreator Subtopic 4-3?\",\"TextHtml\":null,\"QuestionTextExtended\":null,\"TextExtendedHtml\":null,\"Description\":null,\"DescriptionHtml\":null,\"ImageWasChanged\":true,\"License\":null,\"Visibility\":0,\"Solution\":\"Answer 2 for page ContentCreator Subtopic 4-3\",\"SolutionDescription\":null,\"SolutionMetadataJson\":\"{\\\"IsCaseSensitive\\\":false,\\\"IsExtracInput\\\":false,\\\"IsDate\\\":false,\\\"IsNumber\\\":false,\\\"IsText\\\":true}\",\"CommentIds\":null}',1,0,1,'2025-06-18 14:21:52',3),(25,25,'{\"QuestionText\":\"Question 1 for page ContentCreator Subtopic 12-1?\",\"TextHtml\":null,\"QuestionTextExtended\":null,\"TextExtendedHtml\":null,\"Description\":null,\"DescriptionHtml\":null,\"ImageWasChanged\":true,\"License\":null,\"Visibility\":0,\"Solution\":\"Answer 1 for page ContentCreator Subtopic 12-1\",\"SolutionDescription\":null,\"SolutionMetadataJson\":\"{\\\"IsCaseSensitive\\\":false,\\\"IsExtracInput\\\":false,\\\"IsDate\\\":false,\\\"IsNumber\\\":false,\\\"IsText\\\":true}\",\"CommentIds\":null}',1,0,1,'2025-06-18 14:21:52',3),(26,26,'{\"QuestionText\":\"Question 2 for page ContentCreator Subtopic 12-1?\",\"TextHtml\":null,\"QuestionTextExtended\":null,\"TextExtendedHtml\":null,\"Description\":null,\"DescriptionHtml\":null,\"ImageWasChanged\":true,\"License\":null,\"Visibility\":0,\"Solution\":\"Answer 2 for page ContentCreator Subtopic 12-1\",\"SolutionDescription\":null,\"SolutionMetadataJson\":\"{\\\"IsCaseSensitive\\\":false,\\\"IsExtracInput\\\":false,\\\"IsDate\\\":false,\\\"IsNumber\\\":false,\\\"IsText\\\":true}\",\"CommentIds\":null}',1,0,1,'2025-06-18 14:21:52',3),(27,27,'{\"QuestionText\":\"Question 1 for page ContentCreator Subtopic 12-2?\",\"TextHtml\":null,\"QuestionTextExtended\":null,\"TextExtendedHtml\":null,\"Description\":null,\"DescriptionHtml\":null,\"ImageWasChanged\":true,\"License\":null,\"Visibility\":0,\"Solution\":\"Answer 1 for page ContentCreator Subtopic 12-2\",\"SolutionDescription\":null,\"SolutionMetadataJson\":\"{\\\"IsCaseSensitive\\\":false,\\\"IsExtracInput\\\":false,\\\"IsDate\\\":false,\\\"IsNumber\\\":false,\\\"IsText\\\":true}\",\"CommentIds\":null}',1,0,1,'2025-06-18 14:21:52',3),(28,28,'{\"QuestionText\":\"Question 2 for page ContentCreator Subtopic 12-2?\",\"TextHtml\":null,\"QuestionTextExtended\":null,\"TextExtendedHtml\":null,\"Description\":null,\"DescriptionHtml\":null,\"ImageWasChanged\":true,\"License\":null,\"Visibility\":0,\"Solution\":\"Answer 2 for page ContentCreator Subtopic 12-2\",\"SolutionDescription\":null,\"SolutionMetadataJson\":\"{\\\"IsCaseSensitive\\\":false,\\\"IsExtracInput\\\":false,\\\"IsDate\\\":false,\\\"IsNumber\\\":false,\\\"IsText\\\":true}\",\"CommentIds\":null}',1,0,1,'2025-06-18 14:21:53',3),(29,29,'{\"QuestionText\":\"Question 1 for page ContentCreator Subtopic 12-3?\",\"TextHtml\":null,\"QuestionTextExtended\":null,\"TextExtendedHtml\":null,\"Description\":null,\"DescriptionHtml\":null,\"ImageWasChanged\":true,\"License\":null,\"Visibility\":0,\"Solution\":\"Answer 1 for page ContentCreator Subtopic 12-3\",\"SolutionDescription\":null,\"SolutionMetadataJson\":\"{\\\"IsCaseSensitive\\\":false,\\\"IsExtracInput\\\":false,\\\"IsDate\\\":false,\\\"IsNumber\\\":false,\\\"IsText\\\":true}\",\"CommentIds\":null}',1,0,1,'2025-06-18 14:21:53',3),(30,30,'{\"QuestionText\":\"Question 2 for page ContentCreator Subtopic 12-3?\",\"TextHtml\":null,\"QuestionTextExtended\":null,\"TextExtendedHtml\":null,\"Description\":null,\"DescriptionHtml\":null,\"ImageWasChanged\":true,\"License\":null,\"Visibility\":0,\"Solution\":\"Answer 2 for page ContentCreator Subtopic 12-3\",\"SolutionDescription\":null,\"SolutionMetadataJson\":\"{\\\"IsCaseSensitive\\\":false,\\\"IsExtracInput\\\":false,\\\"IsDate\\\":false,\\\"IsNumber\\\":false,\\\"IsText\\\":true}\",\"CommentIds\":null}',1,0,1,'2025-06-18 14:21:53',3),(31,31,'{\"QuestionText\":\"Question 1 for page ContentCreator Topic 2?\",\"TextHtml\":null,\"QuestionTextExtended\":null,\"TextExtendedHtml\":null,\"Description\":null,\"DescriptionHtml\":null,\"ImageWasChanged\":true,\"License\":null,\"Visibility\":0,\"Solution\":\"Answer 1 for page ContentCreator Topic 2\",\"SolutionDescription\":null,\"SolutionMetadataJson\":\"{\\\"IsCaseSensitive\\\":false,\\\"IsExtracInput\\\":false,\\\"IsDate\\\":false,\\\"IsNumber\\\":false,\\\"IsText\\\":true}\",\"CommentIds\":null}',1,0,1,'2025-06-18 14:21:53',3),(32,32,'{\"QuestionText\":\"Question 2 for page ContentCreator Topic 2?\",\"TextHtml\":null,\"QuestionTextExtended\":null,\"TextExtendedHtml\":null,\"Description\":null,\"DescriptionHtml\":null,\"ImageWasChanged\":true,\"License\":null,\"Visibility\":0,\"Solution\":\"Answer 2 for page ContentCreator Topic 2\",\"SolutionDescription\":null,\"SolutionMetadataJson\":\"{\\\"IsCaseSensitive\\\":false,\\\"IsExtracInput\\\":false,\\\"IsDate\\\":false,\\\"IsNumber\\\":false,\\\"IsText\\\":true}\",\"CommentIds\":null}',1,0,1,'2025-06-18 14:21:53',3),(33,33,'{\"QuestionText\":\"Question 1 for page ContentCreator Subtopic 16-1?\",\"TextHtml\":null,\"QuestionTextExtended\":null,\"TextExtendedHtml\":null,\"Description\":null,\"DescriptionHtml\":null,\"ImageWasChanged\":true,\"License\":null,\"Visibility\":0,\"Solution\":\"Answer 1 for page ContentCreator Subtopic 16-1\",\"SolutionDescription\":null,\"SolutionMetadataJson\":\"{\\\"IsCaseSensitive\\\":false,\\\"IsExtracInput\\\":false,\\\"IsDate\\\":false,\\\"IsNumber\\\":false,\\\"IsText\\\":true}\",\"CommentIds\":null}',1,0,1,'2025-06-18 14:21:53',3),(34,34,'{\"QuestionText\":\"Question 2 for page ContentCreator Subtopic 16-1?\",\"TextHtml\":null,\"QuestionTextExtended\":null,\"TextExtendedHtml\":null,\"Description\":null,\"DescriptionHtml\":null,\"ImageWasChanged\":true,\"License\":null,\"Visibility\":0,\"Solution\":\"Answer 2 for page ContentCreator Subtopic 16-1\",\"SolutionDescription\":null,\"SolutionMetadataJson\":\"{\\\"IsCaseSensitive\\\":false,\\\"IsExtracInput\\\":false,\\\"IsDate\\\":false,\\\"IsNumber\\\":false,\\\"IsText\\\":true}\",\"CommentIds\":null}',1,0,1,'2025-06-18 14:21:53',3),(35,35,'{\"QuestionText\":\"Question 1 for page ContentCreator Subtopic 17-1?\",\"TextHtml\":null,\"QuestionTextExtended\":null,\"TextExtendedHtml\":null,\"Description\":null,\"DescriptionHtml\":null,\"ImageWasChanged\":true,\"License\":null,\"Visibility\":0,\"Solution\":\"Answer 1 for page ContentCreator Subtopic 17-1\",\"SolutionDescription\":null,\"SolutionMetadataJson\":\"{\\\"IsCaseSensitive\\\":false,\\\"IsExtracInput\\\":false,\\\"IsDate\\\":false,\\\"IsNumber\\\":false,\\\"IsText\\\":true}\",\"CommentIds\":null}',1,0,1,'2025-06-18 14:21:53',3),(36,36,'{\"QuestionText\":\"Question 2 for page ContentCreator Subtopic 17-1?\",\"TextHtml\":null,\"QuestionTextExtended\":null,\"TextExtendedHtml\":null,\"Description\":null,\"DescriptionHtml\":null,\"ImageWasChanged\":true,\"License\":null,\"Visibility\":0,\"Solution\":\"Answer 2 for page ContentCreator Subtopic 17-1\",\"SolutionDescription\":null,\"SolutionMetadataJson\":\"{\\\"IsCaseSensitive\\\":false,\\\"IsExtracInput\\\":false,\\\"IsDate\\\":false,\\\"IsNumber\\\":false,\\\"IsText\\\":true}\",\"CommentIds\":null}',1,0,1,'2025-06-18 14:21:53',3),(37,37,'{\"QuestionText\":\"Question 1 for page ContentCreator Subtopic 17-2?\",\"TextHtml\":null,\"QuestionTextExtended\":null,\"TextExtendedHtml\":null,\"Description\":null,\"DescriptionHtml\":null,\"ImageWasChanged\":true,\"License\":null,\"Visibility\":0,\"Solution\":\"Answer 1 for page ContentCreator Subtopic 17-2\",\"SolutionDescription\":null,\"SolutionMetadataJson\":\"{\\\"IsCaseSensitive\\\":false,\\\"IsExtracInput\\\":false,\\\"IsDate\\\":false,\\\"IsNumber\\\":false,\\\"IsText\\\":true}\",\"CommentIds\":null}',1,0,1,'2025-06-18 14:21:53',3),(38,38,'{\"QuestionText\":\"Question 2 for page ContentCreator Subtopic 17-2?\",\"TextHtml\":null,\"QuestionTextExtended\":null,\"TextExtendedHtml\":null,\"Description\":null,\"DescriptionHtml\":null,\"ImageWasChanged\":true,\"License\":null,\"Visibility\":0,\"Solution\":\"Answer 2 for page ContentCreator Subtopic 17-2\",\"SolutionDescription\":null,\"SolutionMetadataJson\":\"{\\\"IsCaseSensitive\\\":false,\\\"IsExtracInput\\\":false,\\\"IsDate\\\":false,\\\"IsNumber\\\":false,\\\"IsText\\\":true}\",\"CommentIds\":null}',1,0,1,'2025-06-18 14:21:53',3),(39,39,'{\"QuestionText\":\"Question 1 for page ContentCreator Subtopic 17-3?\",\"TextHtml\":null,\"QuestionTextExtended\":null,\"TextExtendedHtml\":null,\"Description\":null,\"DescriptionHtml\":null,\"ImageWasChanged\":true,\"License\":null,\"Visibility\":0,\"Solution\":\"Answer 1 for page ContentCreator Subtopic 17-3\",\"SolutionDescription\":null,\"SolutionMetadataJson\":\"{\\\"IsCaseSensitive\\\":false,\\\"IsExtracInput\\\":false,\\\"IsDate\\\":false,\\\"IsNumber\\\":false,\\\"IsText\\\":true}\",\"CommentIds\":null}',1,0,1,'2025-06-18 14:21:53',3),(40,40,'{\"QuestionText\":\"Question 2 for page ContentCreator Subtopic 17-3?\",\"TextHtml\":null,\"QuestionTextExtended\":null,\"TextExtendedHtml\":null,\"Description\":null,\"DescriptionHtml\":null,\"ImageWasChanged\":true,\"License\":null,\"Visibility\":0,\"Solution\":\"Answer 2 for page ContentCreator Subtopic 17-3\",\"SolutionDescription\":null,\"SolutionMetadataJson\":\"{\\\"IsCaseSensitive\\\":false,\\\"IsExtracInput\\\":false,\\\"IsDate\\\":false,\\\"IsNumber\\\":false,\\\"IsText\\\":true}\",\"CommentIds\":null}',1,0,1,'2025-06-18 14:21:53',3),(41,41,'{\"QuestionText\":\"Question 1 for page QuestionContributor Topic 1?\",\"TextHtml\":null,\"QuestionTextExtended\":null,\"TextExtendedHtml\":null,\"Description\":null,\"DescriptionHtml\":null,\"ImageWasChanged\":true,\"License\":null,\"Visibility\":0,\"Solution\":\"Answer 1 for page QuestionContributor Topic 1\",\"SolutionDescription\":null,\"SolutionMetadataJson\":\"{\\\"IsCaseSensitive\\\":false,\\\"IsExtracInput\\\":false,\\\"IsDate\\\":false,\\\"IsNumber\\\":false,\\\"IsText\\\":true}\",\"CommentIds\":null}',1,0,1,'2025-06-18 14:21:54',4),(42,42,'{\"QuestionText\":\"Question 2 for page QuestionContributor Topic 1?\",\"TextHtml\":null,\"QuestionTextExtended\":null,\"TextExtendedHtml\":null,\"Description\":null,\"DescriptionHtml\":null,\"ImageWasChanged\":true,\"License\":null,\"Visibility\":0,\"Solution\":\"Answer 2 for page QuestionContributor Topic 1\",\"SolutionDescription\":null,\"SolutionMetadataJson\":\"{\\\"IsCaseSensitive\\\":false,\\\"IsExtracInput\\\":false,\\\"IsDate\\\":false,\\\"IsNumber\\\":false,\\\"IsText\\\":true}\",\"CommentIds\":null}',1,0,1,'2025-06-18 14:21:54',4),(43,43,'{\"QuestionText\":\"Question 1 for page QuestionContributor Subtopic 21-1?\",\"TextHtml\":null,\"QuestionTextExtended\":null,\"TextExtendedHtml\":null,\"Description\":null,\"DescriptionHtml\":null,\"ImageWasChanged\":true,\"License\":null,\"Visibility\":0,\"Solution\":\"Answer 1 for page QuestionContributor Subtopic 21-1\",\"SolutionDescription\":null,\"SolutionMetadataJson\":\"{\\\"IsCaseSensitive\\\":false,\\\"IsExtracInput\\\":false,\\\"IsDate\\\":false,\\\"IsNumber\\\":false,\\\"IsText\\\":true}\",\"CommentIds\":null}',1,0,1,'2025-06-18 14:21:54',4),(44,44,'{\"QuestionText\":\"Question 2 for page QuestionContributor Subtopic 21-1?\",\"TextHtml\":null,\"QuestionTextExtended\":null,\"TextExtendedHtml\":null,\"Description\":null,\"DescriptionHtml\":null,\"ImageWasChanged\":true,\"License\":null,\"Visibility\":0,\"Solution\":\"Answer 2 for page QuestionContributor Subtopic 21-1\",\"SolutionDescription\":null,\"SolutionMetadataJson\":\"{\\\"IsCaseSensitive\\\":false,\\\"IsExtracInput\\\":false,\\\"IsDate\\\":false,\\\"IsNumber\\\":false,\\\"IsText\\\":true}\",\"CommentIds\":null}',1,0,1,'2025-06-18 14:21:54',4),(45,45,'{\"QuestionText\":\"Question 1 for page QuestionContributor Subtopic 22-1?\",\"TextHtml\":null,\"QuestionTextExtended\":null,\"TextExtendedHtml\":null,\"Description\":null,\"DescriptionHtml\":null,\"ImageWasChanged\":true,\"License\":null,\"Visibility\":0,\"Solution\":\"Answer 1 for page QuestionContributor Subtopic 22-1\",\"SolutionDescription\":null,\"SolutionMetadataJson\":\"{\\\"IsCaseSensitive\\\":false,\\\"IsExtracInput\\\":false,\\\"IsDate\\\":false,\\\"IsNumber\\\":false,\\\"IsText\\\":true}\",\"CommentIds\":null}',1,0,1,'2025-06-18 14:21:54',4),(46,46,'{\"QuestionText\":\"Question 2 for page QuestionContributor Subtopic 22-1?\",\"TextHtml\":null,\"QuestionTextExtended\":null,\"TextExtendedHtml\":null,\"Description\":null,\"DescriptionHtml\":null,\"ImageWasChanged\":true,\"License\":null,\"Visibility\":0,\"Solution\":\"Answer 2 for page QuestionContributor Subtopic 22-1\",\"SolutionDescription\":null,\"SolutionMetadataJson\":\"{\\\"IsCaseSensitive\\\":false,\\\"IsExtracInput\\\":false,\\\"IsDate\\\":false,\\\"IsNumber\\\":false,\\\"IsText\\\":true}\",\"CommentIds\":null}',1,0,1,'2025-06-18 14:21:54',4),(47,47,'{\"QuestionText\":\"Question 1 for page QuestionContributor Subtopic 22-2?\",\"TextHtml\":null,\"QuestionTextExtended\":null,\"TextExtendedHtml\":null,\"Description\":null,\"DescriptionHtml\":null,\"ImageWasChanged\":true,\"License\":null,\"Visibility\":0,\"Solution\":\"Answer 1 for page QuestionContributor Subtopic 22-2\",\"SolutionDescription\":null,\"SolutionMetadataJson\":\"{\\\"IsCaseSensitive\\\":false,\\\"IsExtracInput\\\":false,\\\"IsDate\\\":false,\\\"IsNumber\\\":false,\\\"IsText\\\":true}\",\"CommentIds\":null}',1,0,1,'2025-06-18 14:21:54',4),(48,48,'{\"QuestionText\":\"Question 2 for page QuestionContributor Subtopic 22-2?\",\"TextHtml\":null,\"QuestionTextExtended\":null,\"TextExtendedHtml\":null,\"Description\":null,\"DescriptionHtml\":null,\"ImageWasChanged\":true,\"License\":null,\"Visibility\":0,\"Solution\":\"Answer 2 for page QuestionContributor Subtopic 22-2\",\"SolutionDescription\":null,\"SolutionMetadataJson\":\"{\\\"IsCaseSensitive\\\":false,\\\"IsExtracInput\\\":false,\\\"IsDate\\\":false,\\\"IsNumber\\\":false,\\\"IsText\\\":true}\",\"CommentIds\":null}',1,0,1,'2025-06-18 14:21:54',4),(49,49,'{\"QuestionText\":\"Question 1 for page QuestionContributor Topic 2?\",\"TextHtml\":null,\"QuestionTextExtended\":null,\"TextExtendedHtml\":null,\"Description\":null,\"DescriptionHtml\":null,\"ImageWasChanged\":true,\"License\":null,\"Visibility\":0,\"Solution\":\"Answer 1 for page QuestionContributor Topic 2\",\"SolutionDescription\":null,\"SolutionMetadataJson\":\"{\\\"IsCaseSensitive\\\":false,\\\"IsExtracInput\\\":false,\\\"IsDate\\\":false,\\\"IsNumber\\\":false,\\\"IsText\\\":true}\",\"CommentIds\":null}',1,0,1,'2025-06-18 14:21:54',4),(50,50,'{\"QuestionText\":\"Question 2 for page QuestionContributor Topic 2?\",\"TextHtml\":null,\"QuestionTextExtended\":null,\"TextExtendedHtml\":null,\"Description\":null,\"DescriptionHtml\":null,\"ImageWasChanged\":true,\"License\":null,\"Visibility\":0,\"Solution\":\"Answer 2 for page QuestionContributor Topic 2\",\"SolutionDescription\":null,\"SolutionMetadataJson\":\"{\\\"IsCaseSensitive\\\":false,\\\"IsExtracInput\\\":false,\\\"IsDate\\\":false,\\\"IsNumber\\\":false,\\\"IsText\\\":true}\",\"CommentIds\":null}',1,0,1,'2025-06-18 14:21:54',4),(51,51,'{\"QuestionText\":\"Question 1 for page QuestionContributor Subtopic 25-1?\",\"TextHtml\":null,\"QuestionTextExtended\":null,\"TextExtendedHtml\":null,\"Description\":null,\"DescriptionHtml\":null,\"ImageWasChanged\":true,\"License\":null,\"Visibility\":0,\"Solution\":\"Answer 1 for page QuestionContributor Subtopic 25-1\",\"SolutionDescription\":null,\"SolutionMetadataJson\":\"{\\\"IsCaseSensitive\\\":false,\\\"IsExtracInput\\\":false,\\\"IsDate\\\":false,\\\"IsNumber\\\":false,\\\"IsText\\\":true}\",\"CommentIds\":null}',1,0,1,'2025-06-18 14:21:54',4),(52,52,'{\"QuestionText\":\"Question 2 for page QuestionContributor Subtopic 25-1?\",\"TextHtml\":null,\"QuestionTextExtended\":null,\"TextExtendedHtml\":null,\"Description\":null,\"DescriptionHtml\":null,\"ImageWasChanged\":true,\"License\":null,\"Visibility\":0,\"Solution\":\"Answer 2 for page QuestionContributor Subtopic 25-1\",\"SolutionDescription\":null,\"SolutionMetadataJson\":\"{\\\"IsCaseSensitive\\\":false,\\\"IsExtracInput\\\":false,\\\"IsDate\\\":false,\\\"IsNumber\\\":false,\\\"IsText\\\":true}\",\"CommentIds\":null}',1,0,1,'2025-06-18 14:21:54',4),(53,53,'{\"QuestionText\":\"Question 1 for page QuestionContributor Subtopic 26-1?\",\"TextHtml\":null,\"QuestionTextExtended\":null,\"TextExtendedHtml\":null,\"Description\":null,\"DescriptionHtml\":null,\"ImageWasChanged\":true,\"License\":null,\"Visibility\":0,\"Solution\":\"Answer 1 for page QuestionContributor Subtopic 26-1\",\"SolutionDescription\":null,\"SolutionMetadataJson\":\"{\\\"IsCaseSensitive\\\":false,\\\"IsExtracInput\\\":false,\\\"IsDate\\\":false,\\\"IsNumber\\\":false,\\\"IsText\\\":true}\",\"CommentIds\":null}',1,0,1,'2025-06-18 14:21:54',4),(54,54,'{\"QuestionText\":\"Question 2 for page QuestionContributor Subtopic 26-1?\",\"TextHtml\":null,\"QuestionTextExtended\":null,\"TextExtendedHtml\":null,\"Description\":null,\"DescriptionHtml\":null,\"ImageWasChanged\":true,\"License\":null,\"Visibility\":0,\"Solution\":\"Answer 2 for page QuestionContributor Subtopic 26-1\",\"SolutionDescription\":null,\"SolutionMetadataJson\":\"{\\\"IsCaseSensitive\\\":false,\\\"IsExtracInput\\\":false,\\\"IsDate\\\":false,\\\"IsNumber\\\":false,\\\"IsText\\\":true}\",\"CommentIds\":null}',1,0,1,'2025-06-18 14:21:55',4),(55,55,'{\"QuestionText\":\"Question 1 for page QuestionContributor Subtopic 26-2?\",\"TextHtml\":null,\"QuestionTextExtended\":null,\"TextExtendedHtml\":null,\"Description\":null,\"DescriptionHtml\":null,\"ImageWasChanged\":true,\"License\":null,\"Visibility\":0,\"Solution\":\"Answer 1 for page QuestionContributor Subtopic 26-2\",\"SolutionDescription\":null,\"SolutionMetadataJson\":\"{\\\"IsCaseSensitive\\\":false,\\\"IsExtracInput\\\":false,\\\"IsDate\\\":false,\\\"IsNumber\\\":false,\\\"IsText\\\":true}\",\"CommentIds\":null}',1,0,1,'2025-06-18 14:21:55',4),(56,56,'{\"QuestionText\":\"Question 2 for page QuestionContributor Subtopic 26-2?\",\"TextHtml\":null,\"QuestionTextExtended\":null,\"TextExtendedHtml\":null,\"Description\":null,\"DescriptionHtml\":null,\"ImageWasChanged\":true,\"License\":null,\"Visibility\":0,\"Solution\":\"Answer 2 for page QuestionContributor Subtopic 26-2\",\"SolutionDescription\":null,\"SolutionMetadataJson\":\"{\\\"IsCaseSensitive\\\":false,\\\"IsExtracInput\\\":false,\\\"IsDate\\\":false,\\\"IsNumber\\\":false,\\\"IsText\\\":true}\",\"CommentIds\":null}',1,0,1,'2025-06-18 14:21:55',4),(57,57,'{\"QuestionText\":\"Question 1 for page QuestionContributor Topic 3?\",\"TextHtml\":null,\"QuestionTextExtended\":null,\"TextExtendedHtml\":null,\"Description\":null,\"DescriptionHtml\":null,\"ImageWasChanged\":true,\"License\":null,\"Visibility\":0,\"Solution\":\"Answer 1 for page QuestionContributor Topic 3\",\"SolutionDescription\":null,\"SolutionMetadataJson\":\"{\\\"IsCaseSensitive\\\":false,\\\"IsExtracInput\\\":false,\\\"IsDate\\\":false,\\\"IsNumber\\\":false,\\\"IsText\\\":true}\",\"CommentIds\":null}',1,0,1,'2025-06-18 14:21:55',4),(58,58,'{\"QuestionText\":\"Question 2 for page QuestionContributor Topic 3?\",\"TextHtml\":null,\"QuestionTextExtended\":null,\"TextExtendedHtml\":null,\"Description\":null,\"DescriptionHtml\":null,\"ImageWasChanged\":true,\"License\":null,\"Visibility\":0,\"Solution\":\"Answer 2 for page QuestionContributor Topic 3\",\"SolutionDescription\":null,\"SolutionMetadataJson\":\"{\\\"IsCaseSensitive\\\":false,\\\"IsExtracInput\\\":false,\\\"IsDate\\\":false,\\\"IsNumber\\\":false,\\\"IsText\\\":true}\",\"CommentIds\":null}',1,0,1,'2025-06-18 14:21:55',4),(59,59,'{\"QuestionText\":\"Question 1 for page QuestionContributor Subtopic 29-1?\",\"TextHtml\":null,\"QuestionTextExtended\":null,\"TextExtendedHtml\":null,\"Description\":null,\"DescriptionHtml\":null,\"ImageWasChanged\":true,\"License\":null,\"Visibility\":0,\"Solution\":\"Answer 1 for page QuestionContributor Subtopic 29-1\",\"SolutionDescription\":null,\"SolutionMetadataJson\":\"{\\\"IsCaseSensitive\\\":false,\\\"IsExtracInput\\\":false,\\\"IsDate\\\":false,\\\"IsNumber\\\":false,\\\"IsText\\\":true}\",\"CommentIds\":null}',1,0,1,'2025-06-18 14:21:55',4),(60,60,'{\"QuestionText\":\"Question 2 for page QuestionContributor Subtopic 29-1?\",\"TextHtml\":null,\"QuestionTextExtended\":null,\"TextExtendedHtml\":null,\"Description\":null,\"DescriptionHtml\":null,\"ImageWasChanged\":true,\"License\":null,\"Visibility\":0,\"Solution\":\"Answer 2 for page QuestionContributor Subtopic 29-1\",\"SolutionDescription\":null,\"SolutionMetadataJson\":\"{\\\"IsCaseSensitive\\\":false,\\\"IsExtracInput\\\":false,\\\"IsDate\\\":false,\\\"IsNumber\\\":false,\\\"IsText\\\":true}\",\"CommentIds\":null}',1,0,1,'2025-06-18 14:21:55',4),(61,61,'{\"QuestionText\":\"Question 1 for page QuestionContributor Subtopic 30-1?\",\"TextHtml\":null,\"QuestionTextExtended\":null,\"TextExtendedHtml\":null,\"Description\":null,\"DescriptionHtml\":null,\"ImageWasChanged\":true,\"License\":null,\"Visibility\":0,\"Solution\":\"Answer 1 for page QuestionContributor Subtopic 30-1\",\"SolutionDescription\":null,\"SolutionMetadataJson\":\"{\\\"IsCaseSensitive\\\":false,\\\"IsExtracInput\\\":false,\\\"IsDate\\\":false,\\\"IsNumber\\\":false,\\\"IsText\\\":true}\",\"CommentIds\":null}',1,0,1,'2025-06-18 14:21:55',4),(62,62,'{\"QuestionText\":\"Question 2 for page QuestionContributor Subtopic 30-1?\",\"TextHtml\":null,\"QuestionTextExtended\":null,\"TextExtendedHtml\":null,\"Description\":null,\"DescriptionHtml\":null,\"ImageWasChanged\":true,\"License\":null,\"Visibility\":0,\"Solution\":\"Answer 2 for page QuestionContributor Subtopic 30-1\",\"SolutionDescription\":null,\"SolutionMetadataJson\":\"{\\\"IsCaseSensitive\\\":false,\\\"IsExtracInput\\\":false,\\\"IsDate\\\":false,\\\"IsNumber\\\":false,\\\"IsText\\\":true}\",\"CommentIds\":null}',1,0,1,'2025-06-18 14:21:55',4);
/*!40000 ALTER TABLE `questionchange` ENABLE KEYS */;
UNLOCK TABLES;

--
-- Table structure for table `questionvaluation`
--

DROP TABLE IF EXISTS `questionvaluation`;
/*!40101 SET @saved_cs_client     = @@character_set_client */;
/*!50503 SET character_set_client = utf8mb4 */;
CREATE TABLE `questionvaluation` (
  `Id` int NOT NULL AUTO_INCREMENT,
  `UserId` int DEFAULT NULL,
  `QuestionId` int DEFAULT NULL,
  `Quality` int DEFAULT NULL,
  `RelevancePersonal` int DEFAULT NULL,
  `RelevanceForAll` int DEFAULT NULL,
  `CorrectnessProbability` int DEFAULT NULL,
  `CorrectnessProbabilityAnswerCount` int DEFAULT NULL,
  `KnowledgeStatus` int DEFAULT NULL,
  `DateCreated` datetime DEFAULT NULL,
  PRIMARY KEY (`Id`),
  KEY `UserId` (`UserId`),
  KEY `QuestionId` (`QuestionId`),
  CONSTRAINT `FK_6431BD4D` FOREIGN KEY (`QuestionId`) REFERENCES `question` (`Id`),
  CONSTRAINT `FK_67878C2E` FOREIGN KEY (`UserId`) REFERENCES `user` (`Id`)
) ENGINE=InnoDB DEFAULT CHARSET=utf8mb4 COLLATE=utf8mb4_0900_ai_ci;
/*!40101 SET character_set_client = @saved_cs_client */;

--
-- Dumping data for table `questionvaluation`
--

LOCK TABLES `questionvaluation` WRITE;
/*!40000 ALTER TABLE `questionvaluation` DISABLE KEYS */;
/*!40000 ALTER TABLE `questionvaluation` ENABLE KEYS */;
UNLOCK TABLES;

--
-- Table structure for table `questionview`
--

DROP TABLE IF EXISTS `questionview`;
/*!40101 SET @saved_cs_client     = @@character_set_client */;
/*!50503 SET character_set_client = utf8mb4 */;
CREATE TABLE `questionview` (
  `Id` int NOT NULL AUTO_INCREMENT,
  `Guid` varchar(36) DEFAULT NULL,
  `QuestionId` int DEFAULT NULL,
  `UserId` int DEFAULT NULL,
  `Milliseconds` int DEFAULT NULL,
  `UserAgent` varchar(255) DEFAULT NULL,
  `Migrated` tinyint(1) DEFAULT NULL,
  `DateCreated` datetime DEFAULT NULL,
  `DateOnly` datetime DEFAULT NULL,
  PRIMARY KEY (`Id`),
  UNIQUE KEY `Guid` (`Guid`)
) ENGINE=InnoDB DEFAULT CHARSET=utf8mb4 COLLATE=utf8mb4_0900_ai_ci;
/*!40101 SET character_set_client = @saved_cs_client */;

--
-- Dumping data for table `questionview`
--

LOCK TABLES `questionview` WRITE;
/*!40000 ALTER TABLE `questionview` DISABLE KEYS */;
/*!40000 ALTER TABLE `questionview` ENABLE KEYS */;
UNLOCK TABLES;

--
-- Table structure for table `reference`
--

DROP TABLE IF EXISTS `reference`;
/*!40101 SET @saved_cs_client     = @@character_set_client */;
/*!50503 SET character_set_client = utf8mb4 */;
CREATE TABLE `reference` (
  `Id` int NOT NULL AUTO_INCREMENT,
  `Question_id` int DEFAULT NULL,
  `Page_id` int DEFAULT NULL,
  `ReferenceType` int DEFAULT NULL,
  `AdditionalInfo` varchar(255) DEFAULT NULL,
  `ReferenceText` varchar(255) DEFAULT NULL,
  `DateCreated` datetime DEFAULT NULL,
  `DateModified` datetime DEFAULT NULL,
  PRIMARY KEY (`Id`),
  KEY `Question_id` (`Question_id`),
  KEY `Page_id` (`Page_id`),
  CONSTRAINT `FK_4486FA46` FOREIGN KEY (`Page_id`) REFERENCES `page` (`Id`),
  CONSTRAINT `FK_71B21AE6` FOREIGN KEY (`Question_id`) REFERENCES `question` (`Id`)
) ENGINE=InnoDB DEFAULT CHARSET=utf8mb4 COLLATE=utf8mb4_0900_ai_ci;
/*!40101 SET character_set_client = @saved_cs_client */;

--
-- Dumping data for table `reference`
--

LOCK TABLES `reference` WRITE;
/*!40000 ALTER TABLE `reference` DISABLE KEYS */;
/*!40000 ALTER TABLE `reference` ENABLE KEYS */;
UNLOCK TABLES;

--
-- Table structure for table `runningjob`
--

DROP TABLE IF EXISTS `runningjob`;
/*!40101 SET @saved_cs_client     = @@character_set_client */;
/*!50503 SET character_set_client = utf8mb4 */;
CREATE TABLE `runningjob` (
  `Id` int NOT NULL AUTO_INCREMENT,
  `StartAt` datetime DEFAULT NULL,
  `Name` varchar(255) DEFAULT NULL,
  PRIMARY KEY (`Id`)
) ENGINE=InnoDB DEFAULT CHARSET=utf8mb4 COLLATE=utf8mb4_0900_ai_ci;
/*!40101 SET character_set_client = @saved_cs_client */;

--
-- Dumping data for table `runningjob`
--

LOCK TABLES `runningjob` WRITE;
/*!40000 ALTER TABLE `runningjob` DISABLE KEYS */;
/*!40000 ALTER TABLE `runningjob` ENABLE KEYS */;
UNLOCK TABLES;

--
-- Table structure for table `schemaversion`
--

DROP TABLE IF EXISTS `schemaversion`;
/*!40101 SET @saved_cs_client     = @@character_set_client */;
/*!50503 SET character_set_client = utf8mb4 */;
CREATE TABLE `schemaversion` (
  `Id` int NOT NULL AUTO_INCREMENT,
  `SchemaHash` varchar(64) DEFAULT NULL,
  `LastUpdated` datetime DEFAULT NULL,
  PRIMARY KEY (`Id`)
) ENGINE=InnoDB AUTO_INCREMENT=2 DEFAULT CHARSET=utf8mb4 COLLATE=utf8mb4_0900_ai_ci;
/*!40101 SET character_set_client = @saved_cs_client */;

--
-- Dumping data for table `schemaversion`
--

LOCK TABLES `schemaversion` WRITE;
/*!40000 ALTER TABLE `schemaversion` DISABLE KEYS */;
INSERT INTO `schemaversion` VALUES (1,'c3e7555f3bd37eeb47989c71d7f5807fd99085393b3e6b4518af3e0095b99acd','2025-06-18 12:19:48');
/*!40000 ALTER TABLE `schemaversion` ENABLE KEYS */;
UNLOCK TABLES;

--
-- Table structure for table `setting`
--

DROP TABLE IF EXISTS `setting`;
/*!40101 SET @saved_cs_client     = @@character_set_client */;
/*!50503 SET character_set_client = utf8mb4 */;
CREATE TABLE `setting` (
  `Id` int NOT NULL AUTO_INCREMENT,
  `AppVersion` int DEFAULT NULL,
  `DateCreated` datetime DEFAULT NULL,
  `DateModified` datetime DEFAULT NULL,
  PRIMARY KEY (`Id`)
) ENGINE=InnoDB AUTO_INCREMENT=2 DEFAULT CHARSET=utf8mb4 COLLATE=utf8mb4_0900_ai_ci;
/*!40101 SET character_set_client = @saved_cs_client */;

--
-- Dumping data for table `setting`
--

LOCK TABLES `setting` WRITE;
/*!40000 ALTER TABLE `setting` DISABLE KEYS */;
INSERT INTO `setting` VALUES (1,2147483647,'2025-06-18 14:21:35','2025-06-18 14:21:35');
/*!40000 ALTER TABLE `setting` ENABLE KEYS */;
UNLOCK TABLES;

--
-- Table structure for table `shares`
--

DROP TABLE IF EXISTS `shares`;
/*!40101 SET @saved_cs_client     = @@character_set_client */;
/*!50503 SET character_set_client = utf8mb4 */;
CREATE TABLE `shares` (
  `Id` int NOT NULL AUTO_INCREMENT,
  `PageId` int DEFAULT NULL,
  `UserId` int DEFAULT NULL,
  `Token` varchar(255) NOT NULL,
  `Permission` int DEFAULT NULL,
  `GrantedBy` int NOT NULL,
  PRIMARY KEY (`Id`),
  KEY `UserId` (`UserId`),
  CONSTRAINT `FK_B8E3B644` FOREIGN KEY (`UserId`) REFERENCES `user` (`Id`)
) ENGINE=InnoDB DEFAULT CHARSET=utf8mb4 COLLATE=utf8mb4_0900_ai_ci;
/*!40101 SET character_set_client = @saved_cs_client */;

--
-- Dumping data for table `shares`
--

LOCK TABLES `shares` WRITE;
/*!40000 ALTER TABLE `shares` DISABLE KEYS */;
/*!40000 ALTER TABLE `shares` ENABLE KEYS */;
UNLOCK TABLES;

--
-- Table structure for table `user`
--

DROP TABLE IF EXISTS `user`;
/*!40101 SET @saved_cs_client     = @@character_set_client */;
/*!50503 SET character_set_client = utf8mb4 */;
CREATE TABLE `user` (
  `Id` int NOT NULL AUTO_INCREMENT,
  `PasswordHashedAndSalted` varchar(255) DEFAULT NULL,
  `Salt` varchar(255) DEFAULT NULL,
  `EmailAddress` varchar(255) DEFAULT NULL,
  `BouncedMail` tinyint(1) DEFAULT NULL,
  `MailBounceReason` varchar(255) DEFAULT NULL,
  `Name` varchar(255) DEFAULT NULL,
  `IsEmailConfirmed` tinyint(1) DEFAULT NULL,
  `IsInstallationAdmin` tinyint(1) DEFAULT NULL,
  `AllowsSupportiveLogin` tinyint(1) DEFAULT NULL,
  `ShowWishKnowledge` tinyint(1) DEFAULT NULL,
  `KnowledgeReportInterval` int DEFAULT NULL,
  `TotalInOthersWishknowledge` int DEFAULT NULL,
  `FollowerCount` int DEFAULT NULL,
  `LearningSessionOptions` varchar(255) DEFAULT NULL,
  `StripeId` varchar(255) DEFAULT NULL,
  `StartPageId` int DEFAULT NULL,
  `EndDate` datetime DEFAULT NULL,
  `SubscriptionStartDate` datetime DEFAULT NULL,
  `CorrectnessProbability` int DEFAULT NULL,
  `CorrectnessProbabilityAnswerCount` int DEFAULT NULL,
  `WidgetHostsSpaceSeparated` varchar(255) DEFAULT NULL,
  `Reputation` int DEFAULT NULL,
  `ReputationPos` int DEFAULT NULL,
  `WishCountQuestions` int DEFAULT NULL,
  `WishCountSets` int DEFAULT NULL,
  `Birthday` datetime DEFAULT NULL,
  `FacebookId` varchar(255) DEFAULT NULL,
  `GoogleId` varchar(255) DEFAULT NULL,
  `ActivityPoints` int DEFAULT NULL,
  `ActivityLevel` int DEFAULT NULL,
  `DateCreated` datetime DEFAULT NULL,
  `DateModified` datetime DEFAULT NULL,
  `RecentlyUsedRelationTargetPages` varchar(255) DEFAULT NULL,
  `FavoriteIds` varchar(255) DEFAULT NULL,
  `UiLanguage` varchar(255) DEFAULT NULL,
  PRIMARY KEY (`Id`)
) ENGINE=InnoDB AUTO_INCREMENT=5 DEFAULT CHARSET=utf8mb4 COLLATE=utf8mb4_0900_ai_ci;
/*!40101 SET character_set_client = @saved_cs_client */;

--
-- Dumping data for table `user`
--

LOCK TABLES `user` WRITE;
/*!40000 ALTER TABLE `user` DISABLE KEYS */;
INSERT INTO `user` VALUES (1,NULL,NULL,NULL,0,NULL,'SessionUser',0,0,0,0,0,0,0,NULL,NULL,0,NULL,NULL,0,0,NULL,0,0,0,0,NULL,NULL,NULL,0,0,'2025-06-18 14:21:36','2025-06-18 14:21:36',NULL,NULL,'en'),(2,NULL,NULL,'learning.user@example.com',0,NULL,'LearningUser',1,0,0,0,0,0,0,NULL,NULL,0,NULL,NULL,0,0,NULL,0,0,0,0,NULL,NULL,NULL,0,0,'2025-06-18 14:21:36','2025-06-18 14:21:36',NULL,NULL,'en'),(3,NULL,NULL,'content.creator@example.com',0,NULL,'ContentCreator',1,0,0,0,0,0,0,NULL,NULL,0,NULL,NULL,0,0,NULL,0,0,0,0,NULL,NULL,NULL,0,0,'2025-06-18 14:21:36','2025-06-18 14:21:36',NULL,NULL,'en'),(4,NULL,NULL,'question.contributor@example.com',0,NULL,'QuestionContributor',1,0,0,0,0,0,0,NULL,NULL,0,NULL,NULL,0,0,NULL,0,0,0,0,NULL,NULL,NULL,0,0,'2025-06-18 14:21:36','2025-06-18 14:21:36',NULL,NULL,'en');
/*!40000 ALTER TABLE `user` ENABLE KEYS */;
UNLOCK TABLES;

--
-- Table structure for table `user_to_follower`
--

DROP TABLE IF EXISTS `user_to_follower`;
/*!40101 SET @saved_cs_client     = @@character_set_client */;
/*!50503 SET character_set_client = utf8mb4 */;
CREATE TABLE `user_to_follower` (
  `Id` int NOT NULL AUTO_INCREMENT,
  `Follower_id` int DEFAULT NULL,
  `User_id` int DEFAULT NULL,
  `DateCreated` datetime DEFAULT NULL,
  `DateModified` datetime DEFAULT NULL,
  PRIMARY KEY (`Id`),
  KEY `Follower_id` (`Follower_id`),
  KEY `User_id` (`User_id`),
  CONSTRAINT `FK_28BA5F5E` FOREIGN KEY (`User_id`) REFERENCES `user` (`Id`),
  CONSTRAINT `FK_4FFDA6DE` FOREIGN KEY (`Follower_id`) REFERENCES `user` (`Id`)
) ENGINE=InnoDB DEFAULT CHARSET=utf8mb4 COLLATE=utf8mb4_0900_ai_ci;
/*!40101 SET character_set_client = @saved_cs_client */;

--
-- Dumping data for table `user_to_follower`
--

LOCK TABLES `user_to_follower` WRITE;
/*!40000 ALTER TABLE `user_to_follower` DISABLE KEYS */;
/*!40000 ALTER TABLE `user_to_follower` ENABLE KEYS */;
UNLOCK TABLES;

--
-- Table structure for table `useractivity`
--

DROP TABLE IF EXISTS `useractivity`;
/*!40101 SET @saved_cs_client     = @@character_set_client */;
/*!50503 SET character_set_client = utf8mb4 */;
CREATE TABLE `useractivity` (
  `Id` int NOT NULL AUTO_INCREMENT,
  `UserConcerned_id` int DEFAULT NULL,
  `At` datetime DEFAULT NULL,
  `Type` int DEFAULT NULL,
  `Question_id` int DEFAULT NULL,
  `Page_id` int DEFAULT NULL,
  `UserIsFollowed_id` int DEFAULT NULL,
  `UserCauser_id` int DEFAULT NULL,
  `DateCreated` datetime DEFAULT NULL,
  `DateModified` datetime DEFAULT NULL,
  PRIMARY KEY (`Id`),
  KEY `UserConcerned_id` (`UserConcerned_id`),
  KEY `Question_id` (`Question_id`),
  KEY `Page_id` (`Page_id`),
  KEY `UserIsFollowed_id` (`UserIsFollowed_id`),
  KEY `UserCauser_id` (`UserCauser_id`),
  CONSTRAINT `FK_5137F47B` FOREIGN KEY (`UserConcerned_id`) REFERENCES `user` (`Id`),
  CONSTRAINT `FK_5D4CBA5D` FOREIGN KEY (`Question_id`) REFERENCES `question` (`Id`),
  CONSTRAINT `FK_6C836DBA` FOREIGN KEY (`UserIsFollowed_id`) REFERENCES `user` (`Id`),
  CONSTRAINT `FK_8091412B` FOREIGN KEY (`UserCauser_id`) REFERENCES `user` (`Id`),
  CONSTRAINT `FK_B3C89A36` FOREIGN KEY (`Page_id`) REFERENCES `page` (`Id`)
) ENGINE=InnoDB DEFAULT CHARSET=utf8mb4 COLLATE=utf8mb4_0900_ai_ci;
/*!40101 SET character_set_client = @saved_cs_client */;

--
-- Dumping data for table `useractivity`
--

LOCK TABLES `useractivity` WRITE;
/*!40000 ALTER TABLE `useractivity` DISABLE KEYS */;
/*!40000 ALTER TABLE `useractivity` ENABLE KEYS */;
UNLOCK TABLES;

--
-- Dumping events for database 'memoWikisTest'
--

--
-- Dumping routines for database 'memoWikisTest'
--
/*!40103 SET TIME_ZONE=@OLD_TIME_ZONE */;

/*!40101 SET SQL_MODE=@OLD_SQL_MODE */;
/*!40014 SET FOREIGN_KEY_CHECKS=@OLD_FOREIGN_KEY_CHECKS */;
/*!40014 SET UNIQUE_CHECKS=@OLD_UNIQUE_CHECKS */;
/*!40101 SET CHARACTER_SET_CLIENT=@OLD_CHARACTER_SET_CLIENT */;
/*!40101 SET CHARACTER_SET_RESULTS=@OLD_CHARACTER_SET_RESULTS */;
/*!40101 SET COLLATION_CONNECTION=@OLD_COLLATION_CONNECTION */;
/*!40111 SET SQL_NOTES=@OLD_SQL_NOTES */;

-- Dump completed on 2025-06-18 12:21:56
